/*******************************************************************************
 * Size: 162 px
 * Bpp: 4
 * Opts: --bpp 4 --size 162 --font src/DIN 1451 Std Mittelschrift.otf --symbols 0123456789?!-_ #/\frei --no-kerning --format lvgl --lv-include lvgl.h -o src/lv_font_din_m162.c
 ******************************************************************************/

#ifdef LV_LVGL_H_INCLUDE_SIMPLE
#include "lvgl.h"
#else
#include "lvgl.h"
#endif

#ifndef LV_FONT_DIN_M162
#define LV_FONT_DIN_M162 1
#endif

#if LV_FONT_DIN_M162

/*-----------------
 *    BITMAPS
 *----------------*/

/*Store the image of the glyphs*/
static LV_ATTRIBUTE_LARGE_CONST const uint8_t glyph_bitmap[] = {
    /* U+0020 " " */

    /* U+0021 "!" */
    0x6f, 0xff, 0xfe, 0x41, 0x98, 0x3, 0xff, 0x90,
    0x22, 0x0, 0xff, 0xe4, 0x1b, 0x80, 0x7f, 0xf2,
    0x4, 0x40, 0x1f, 0xfc, 0x71, 0x3, 0x0, 0xff,
    0xe3, 0x98, 0x8, 0x7, 0xff, 0x1c, 0x40, 0x2,
    0x1, 0xff, 0xc6, 0x70, 0x1, 0x80, 0x7f, 0xf1,
    0x84, 0x0, 0x20, 0x1f, 0xfc, 0x63, 0x0, 0x38,
    0x7, 0xff, 0x1b, 0x80, 0x2, 0x1, 0xff, 0xc6,
    0x10, 0x1, 0x80, 0x7f, 0xf1, 0x8c, 0x0, 0x20,
    0x1f, 0xfc, 0x61, 0x0, 0x78, 0x7, 0xff, 0x19,
    0xc0, 0x4, 0x1, 0xff, 0xc6, 0x10, 0x0, 0x80,
    0x7f, 0xf1, 0x88, 0x0, 0xe0, 0x1f, 0xfc, 0x91,
    0x0, 0xff, 0xe2, 0x88, 0x4, 0x60, 0x1f, 0xfc,
    0x53, 0x0, 0x84, 0x3, 0xff, 0x8a, 0x20, 0x1f,
    0xfc, 0x97, 0x0, 0xc4, 0x1, 0xff, 0xc4, 0x10,
    0xc, 0x20, 0x1f, 0xfc, 0x42, 0x0, 0xce, 0x1,
    0xff, 0xc4, 0xf0, 0xc, 0x20, 0x1f, 0xfc, 0x41,
    0x0, 0xc6, 0x1, 0xff, 0xc4, 0x30, 0xc, 0x20,
    0x1f, 0xfc, 0x41, 0x0, 0xde, 0x1, 0xff, 0xc4,
    0x70, 0xc, 0x40, 0x1f, 0xfc, 0x42, 0x0, 0xc2,
    0x1, 0xff, 0xc4, 0x10, 0xc, 0xe0, 0x1f, 0xfc,
    0x91, 0x0, 0xff, 0xe1, 0x88, 0x7, 0x18, 0x7,
    0xff, 0xc, 0xc0, 0x38, 0x40, 0x3f, 0xf8, 0x62,
    0x1, 0xff, 0xc9, 0x60, 0xf, 0x8, 0x7, 0xff,
    0x8, 0xc0, 0x3c, 0x40, 0x1f, 0xfc, 0x21, 0x0,
    0xf3, 0x80, 0x7f, 0xf0, 0xbc, 0x3, 0xc2, 0x1,
    0xff, 0xc2, 0x10, 0xf, 0x18, 0x7, 0xff, 0x8,
    0xc0, 0x3c, 0x20, 0x1f, 0xfc, 0x26, 0x0, 0xf7,
    0x80, 0x7f, 0xf0, 0x84, 0x3, 0xc2, 0x1, 0xff,
    0xc2, 0x30, 0xf, 0x10, 0x7, 0xff, 0x8, 0x40,
    0x3c, 0xe0, 0x1f, 0xfc, 0x91, 0x0, 0xff, 0xe0,
    0x88, 0x7, 0xc6, 0x1, 0xff, 0xc1, 0x20, 0xf,
    0x84, 0x3, 0xff, 0x82, 0xe0, 0x1f, 0xfc, 0x91,
    0x0, 0xfc, 0x20, 0x1f, 0xfc, 0x3, 0x0, 0xfc,
    0x60, 0x1f, 0xfc, 0x1, 0x0, 0xfc, 0xc0, 0x1f,
    0xfc, 0xf, 0x0, 0xfc, 0x20, 0x1f, 0xfc, 0x2,
    0x0, 0xfc, 0x60, 0x1f, 0xfc, 0x1, 0x0, 0xfc,
    0x20, 0x1f, 0xfc, 0x7, 0x0, 0xfd, 0xe0, 0x1f,
    0xfc, 0x1, 0x0, 0xfc, 0x20, 0x1f, 0xfc, 0x3,
    0x0, 0xfc, 0x60, 0x1f, 0xfc, 0x1, 0x0, 0xfc,
    0xc0, 0x1f, 0xf0, 0x80, 0x7f, 0x8, 0x7, 0xfc,
    0x60, 0x1f, 0xc6, 0x1, 0xff, 0x8, 0x7, 0xf0,
    0x80, 0x7f, 0xce, 0x1, 0xff, 0xc9, 0x10, 0xf,
    0xf0, 0x80, 0x7f, 0x8c, 0x3, 0xfc, 0x60, 0x1f,
    0xee, 0x0, 0xff, 0x30, 0x7, 0xf8, 0x40, 0x3f,
    0xc2, 0x1, 0xfe, 0x30, 0xf, 0xf1, 0x80, 0x7f,
    0x84, 0x3, 0xfc, 0x20, 0x1f, 0xe7, 0x0, 0xff,
    0x78, 0x7, 0xf8, 0x40, 0x3f, 0xc2, 0x1, 0xfe,
    0x20, 0xf, 0xf1, 0x80, 0x7f, 0xf2, 0x44, 0x3,
    0xf8, 0x40, 0x3f, 0xe6, 0x0, 0xfe, 0x30, 0xf,
    0xf8, 0xc0, 0x3f, 0x84, 0x3, 0xfe, 0x10, 0xf,
    0xe7, 0x0, 0xff, 0xe4, 0x90, 0x7, 0xff, 0x0,
    0x40, 0x3f, 0x8, 0x7, 0xff, 0x0, 0xc0, 0x3f,
    0x78, 0x7, 0xff, 0x0, 0x40, 0x3f, 0x8, 0x7,
    0xff, 0x1, 0x80, 0x3f, 0x18, 0x7, 0xff, 0x0,
    0xc0, 0x3f, 0x8, 0x7, 0xff, 0x0, 0x40, 0x3f,
    0x30, 0x7, 0xff, 0x3, 0xc0, 0x3f, 0x18, 0x7,
    0xff, 0x0, 0x40, 0x3f, 0x8, 0x7, 0xff, 0x1,
    0x51, 0x3f, 0x0, 0x7f, 0xf0, 0x4e, 0xef, 0xf0,
    0x7, 0xff, 0xfc, 0x3, 0xff, 0xfe, 0x1, 0xff,
    0xff, 0x0, 0xc4, 0xef, 0xff, 0xc4, 0x10, 0xc,
    0xf1, 0x1f, 0xfc, 0x43, 0x0, 0xff, 0xff, 0x80,
    0x7f, 0xff, 0xc0, 0x3f, 0xff, 0xe0, 0x1f, 0xff,
    0xf0, 0xf, 0xfe, 0xa0,

    /* U+0023 "#" */
    0x0, 0xff, 0xe7, 0x6f, 0xff, 0xfd, 0x80, 0x1f,
    0xfc, 0x35, 0xff, 0xff, 0xe0, 0x28, 0x7, 0xff,
    0x60, 0x80, 0x3f, 0xe6, 0x0, 0xff, 0xe1, 0x90,
    0x7, 0xff, 0x1, 0xc0, 0x3f, 0xfa, 0xe2, 0x1,
    0xff, 0xc0, 0x20, 0xf, 0xfe, 0x1f, 0x0, 0x7f,
    0xf0, 0x8, 0x3, 0xff, 0xae, 0x40, 0x1f, 0xfc,
    0xd, 0x0, 0xff, 0xe1, 0x90, 0x7, 0xfc, 0x20,
    0x1f, 0xfd, 0x85, 0x0, 0xff, 0xe0, 0x30, 0x7,
    0xff, 0xd, 0x40, 0x3f, 0xe5, 0x0, 0xff, 0xec,
    0x70, 0x7, 0xff, 0x0, 0x80, 0x3f, 0xf8, 0x62,
    0x1, 0xff, 0x10, 0x7, 0xff, 0x60, 0x80, 0x3f,
    0xf8, 0x2, 0x1, 0xff, 0xc2, 0x20, 0xf, 0xfe,
    0x7, 0x0, 0x7f, 0xf6, 0x1c, 0x3, 0xfe, 0x30,
    0xf, 0xfe, 0x1b, 0x80, 0x7f, 0xf0, 0x8, 0x3,
    0xff, 0xb0, 0x40, 0x1f, 0xf3, 0x0, 0x7f, 0xf0,
    0xc8, 0x3, 0xff, 0x80, 0xe0, 0x1f, 0xfd, 0x71,
    0x0, 0xff, 0xe0, 0x10, 0x7, 0xff, 0xf, 0x80,
    0x3f, 0xf8, 0x4, 0x1, 0xff, 0xd7, 0x20, 0xf,
    0xfe, 0x7, 0x0, 0x7f, 0xf0, 0xc8, 0x3, 0xfe,
    0x10, 0xf, 0xfe, 0xc2, 0x80, 0x7f, 0xf0, 0x14,
    0x3, 0xff, 0x86, 0xa0, 0x1f, 0xf1, 0x0, 0x7f,
    0xf6, 0x38, 0x3, 0xff, 0x80, 0x40, 0x1f, 0xfc,
    0x31, 0x0, 0xff, 0x94, 0x3, 0xff, 0xb0, 0x40,
    0x1f, 0xfc, 0x1, 0x0, 0xff, 0xe1, 0x10, 0x7,
    0xff, 0x3, 0x80, 0x3f, 0xfb, 0xe, 0x1, 0xff,
    0x10, 0x7, 0xff, 0xd, 0x80, 0x3f, 0xf8, 0x4,
    0x1, 0xff, 0xd8, 0x20, 0xf, 0xf9, 0xc0, 0x3f,
    0xf8, 0x66, 0x1, 0xff, 0xc0, 0x70, 0xf, 0xfe,
    0xb8, 0x80, 0x7f, 0xf0, 0x8, 0x3, 0xff, 0x87,
    0xc0, 0x1f, 0xfc, 0x2, 0x0, 0xff, 0xeb, 0x90,
    0x7, 0xff, 0x3, 0x80, 0x3f, 0xf8, 0x64, 0x1,
    0xff, 0x8, 0x7, 0xff, 0x61, 0x40, 0x3f, 0xf8,
    0xa, 0x1, 0xff, 0xc3, 0x50, 0xf, 0xf8, 0x80,
    0x3f, 0xfb, 0x1c, 0x1, 0xff, 0xc0, 0x20, 0xf,
    0xfe, 0x18, 0x80, 0x7f, 0xca, 0x1, 0xff, 0xd8,
    0x20, 0xf, 0xfe, 0x0, 0x80, 0x7f, 0xf0, 0x88,
    0x3, 0xff, 0x81, 0xc0, 0x1f, 0xfd, 0x87, 0x0,
    0xff, 0x88, 0x3, 0xff, 0x86, 0xc0, 0x1f, 0xfc,
    0x2, 0x0, 0xff, 0xec, 0x10, 0x7, 0xfc, 0xe0,
    0x1f, 0xfc, 0x33, 0x0, 0xff, 0xe0, 0x30, 0x7,
    0xff, 0x5c, 0x40, 0x3f, 0xf8, 0x4, 0x1, 0xff,
    0xc3, 0xe0, 0xf, 0xfe, 0x1, 0x80, 0x7f, 0xf5,
    0xc8, 0x3, 0xff, 0x81, 0xc0, 0x1f, 0xfc, 0x32,
    0x0, 0xff, 0x84, 0x3, 0xff, 0xb0, 0xa0, 0x1f,
    0xfc, 0x2, 0x0, 0xff, 0xe1, 0xb0, 0x7, 0xfc,
    0x40, 0x1f, 0xfd, 0x8e, 0x0, 0xff, 0xe0, 0x28,
    0x7, 0xff, 0xc, 0x80, 0x3f, 0xe6, 0x0, 0xff,
    0xec, 0x10, 0x7, 0xff, 0x0, 0x40, 0x3f, 0xf8,
    0x44, 0x1, 0xff, 0xc0, 0xd0, 0xf, 0xfe, 0xc3,
    0x0, 0x7f, 0xc4, 0x1, 0xff, 0xc3, 0x60, 0xf,
    0xfe, 0x1, 0x0, 0x7f, 0xf6, 0xc, 0x3, 0xfe,
    0x70, 0xf, 0xfe, 0x19, 0x80, 0x7f, 0xf0, 0x18,
    0x3, 0xff, 0xae, 0x20, 0x1f, 0xfc, 0x2, 0x0,
    0xff, 0xe1, 0xf0, 0x7, 0xff, 0x0, 0xc0, 0x3f,
    0xfa, 0xe4, 0x1, 0xff, 0xc0, 0xe0, 0xf, 0xfe,
    0x19, 0x0, 0x7f, 0xc2, 0x1, 0xff, 0xd8, 0x50,
    0xf, 0xfe, 0x1, 0x0, 0x7f, 0xf0, 0xd8, 0x3,
    0xfe, 0x20, 0xf, 0xfe, 0xc7, 0x0, 0x7f, 0xf0,
    0x14, 0x3, 0xff, 0x86, 0x40, 0x1f, 0xf3, 0x0,
    0x7f, 0xf6, 0x8, 0x3, 0xff, 0x80, 0x20, 0x1f,
    0xfc, 0x22, 0x0, 0xff, 0xe0, 0x68, 0x7, 0xff,
    0x22, 0x2a, 0xbf, 0xf8, 0x68, 0x1, 0xff, 0xc0,
    0xaa, 0xff, 0xe1, 0xf0, 0x7, 0xff, 0x2, 0xea,
    0xbf, 0xf8, 0x46, 0x1, 0xc8, 0xab, 0xff, 0xc3,
    0x10, 0xf, 0xfe, 0x2, 0xaf, 0xff, 0xc, 0xc0,
    0x3f, 0xf8, 0x6, 0xab, 0xff, 0xc2, 0x70, 0xf,
    0xff, 0xf8, 0x7, 0xff, 0xfc, 0x3, 0xff, 0xfe,
    0x1, 0xff, 0xff, 0x0, 0xff, 0xff, 0x80, 0x7f,
    0xff, 0xc0, 0x3f, 0xff, 0xe0, 0x1f, 0xff, 0xf0,
    0xf, 0xff, 0xf8, 0x7, 0xff, 0x53, 0x3f, 0xff,
    0xf8, 0x40, 0x1f, 0xfc, 0x5, 0xff, 0xff, 0xe1,
    0xc0, 0x7, 0xff, 0x3, 0x7f, 0xff, 0xf8, 0x68,
    0x1, 0xff, 0xc7, 0x20, 0xf, 0xfe, 0x6, 0x80,
    0x7f, 0xf0, 0xf4, 0x3, 0xff, 0x80, 0x40, 0x1f,
    0xfd, 0x76, 0x0, 0xff, 0xe0, 0x10, 0x7, 0xff,
    0xd, 0x80, 0x3f, 0xe2, 0x0, 0xff, 0xec, 0x18,
    0x7, 0xff, 0x1, 0xc0, 0x3f, 0xf8, 0x66, 0x1,
    0xff, 0x30, 0x7, 0xff, 0x63, 0x80, 0x3f, 0xf8,
    0x4, 0x1, 0xff, 0xc2, 0x10, 0xf, 0xfe, 0x1,
    0x80, 0x7f, 0xf6, 0x8, 0x3, 0xfe, 0x10, 0xf,
    0xfe, 0x19, 0x0, 0x7f, 0xf0, 0x38, 0x3, 0xff,
    0xb0, 0xa0, 0x1f, 0xf2, 0x80, 0x7f, 0xf0, 0xd4,
    0x3, 0xff, 0x80, 0xa0, 0x1f, 0xfd, 0x81, 0x0,
    0xff, 0x88, 0x3, 0xff, 0x87, 0xc0, 0x1f, 0xfc,
    0x2, 0x0, 0xff, 0xeb, 0x98, 0x7, 0xff, 0x3,
    0xc0, 0x3f, 0xf8, 0x66, 0x1, 0xff, 0x8, 0x80,
    0x3f, 0xfa, 0xec, 0x1, 0xff, 0xc0, 0x20, 0xf,
    0xfe, 0x1b, 0x0, 0x7f, 0xc4, 0x1, 0xff, 0xd8,
    0xd0, 0xf, 0xfe, 0x2, 0x80, 0x7f, 0xf0, 0xc8,
    0x3, 0xfe, 0x60, 0xf, 0xfe, 0xc1, 0x0, 0x7f,
    0xf0, 0x4, 0x3, 0xff, 0x84, 0x40, 0x1f, 0xfc,
    0xd, 0x0, 0xff, 0xec, 0x38, 0x7, 0xfc, 0x60,
    0x1f, 0xfc, 0x37, 0x0, 0xff, 0xe0, 0x10, 0x7,
    0xff, 0x60, 0x80, 0x3f, 0xe6, 0x0, 0xff, 0xe1,
    0x90, 0x7, 0xff, 0x1, 0xc0, 0x3f, 0xfa, 0xe2,
    0x1, 0xff, 0xc0, 0x20, 0xf, 0xfe, 0x1f, 0x0,
    0x7f, 0xf0, 0x8, 0x3, 0xff, 0xae, 0xa0, 0x1f,
    0xfc, 0xd, 0x0, 0xff, 0xe1, 0xa8, 0x7, 0xfc,
    0x40, 0x1f, 0xfd, 0x82, 0x0, 0xff, 0xe0, 0x30,
    0x7, 0xff, 0xc, 0x80, 0x3f, 0xe6, 0x0, 0xff,
    0xec, 0x78, 0x7, 0xff, 0x0, 0xc0, 0x3f, 0xf8,
    0x42, 0x20, 0xf, 0xf8, 0xc0, 0x3f, 0xfb, 0x4,
    0x1, 0xff, 0x8, 0x7, 0xff, 0xc, 0x80, 0x3f,
    0xf8, 0x1c, 0x1, 0xff, 0xd8, 0x50, 0xf, 0xf9,
    0x40, 0x3f, 0xf8, 0x6a, 0x1, 0xff, 0xc0, 0x20,
    0xf, 0xfe, 0xc0, 0x80, 0x7f, 0xc4, 0x1, 0xff,
    0xc3, 0xe0, 0xf, 0xfe, 0x2, 0x80, 0x7f, 0xf5,
    0xcc, 0x3, 0xff, 0x81, 0xe0, 0x1f, 0xfc, 0x33,
    0x0, 0xff, 0xe0, 0x8, 0x7, 0xff, 0x5d, 0x80,
    0x3f, 0xf8, 0x4, 0x1, 0xff, 0xc3, 0x60, 0xf,
    0xf8, 0xc0, 0x3f, 0xf9, 0xb, 0x55, 0xff, 0xc3,
    0x80, 0xf, 0xfe, 0x7, 0xd5, 0x7f, 0xf0, 0xc8,
    0x3, 0xfe, 0x2a, 0xaf, 0xfe, 0x13, 0x0, 0x76,
    0xaa, 0xff, 0xf0, 0xc8, 0x3, 0xff, 0x80, 0x8a,
    0xbf, 0xfc, 0x30, 0xf, 0xfe, 0x0, 0xaa, 0xff,
    0xf0, 0xbc, 0x3, 0xff, 0xfe, 0x1, 0xff, 0xff,
    0x0, 0xff, 0xff, 0x80, 0x7f, 0xff, 0xc0, 0x3f,
    0xff, 0xe0, 0x1f, 0xff, 0xf0, 0xf, 0xff, 0xf8,
    0x7, 0xff, 0xfc, 0x3, 0xff, 0xfe, 0x1, 0xff,
    0xd4, 0x8f, 0xff, 0xfe, 0x12, 0x80, 0x7f, 0xf0,
    0x3f, 0xff, 0xf8, 0x7a, 0x1, 0xff, 0xc0, 0x8f,
    0xff, 0xfe, 0x1c, 0x80, 0x7f, 0xf2, 0x1c, 0x3,
    0xfe, 0x20, 0xf, 0xfe, 0x1b, 0x0, 0x7f, 0xf0,
    0x8, 0x3, 0xff, 0xb0, 0x40, 0x1f, 0xf3, 0x80,
    0x7f, 0xf0, 0xcc, 0x3, 0xff, 0x80, 0xe0, 0x1f,
    0xfd, 0x71, 0x0, 0xff, 0xe0, 0x10, 0x7, 0xff,
    0xf, 0x80, 0x3f, 0xf8, 0x4, 0x1, 0xff, 0xd7,
    0x50, 0xf, 0xfe, 0x7, 0x0, 0x7f, 0xf0, 0xc8,
    0x3, 0xfe, 0x10, 0xf, 0xfe, 0xc1, 0x0, 0x7f,
    0xf0, 0x14, 0x3, 0xff, 0x86, 0xa0, 0x1f, 0xf2,
    0x80, 0x7f, 0xf6, 0x38, 0x3, 0xff, 0x80, 0x40,
    0x1f, 0xfc, 0x31, 0x0, 0xff, 0x88, 0x3, 0xff,
    0xb0, 0x40, 0x1f, 0xfc, 0x1, 0x0, 0xff, 0xe1,
    0x10, 0x7, 0xff, 0x3, 0x80, 0x3f, 0xfb, 0xe,
    0x1, 0xff, 0x18, 0x7, 0xff, 0xd, 0xc0, 0x3f,
    0xf8, 0x6, 0x1, 0xff, 0xd8, 0x20, 0xf, 0xf9,
    0x80, 0x3f, 0xf8, 0x64, 0x1, 0xff, 0xc0, 0x60,
    0xf, 0xfe, 0xb8, 0x80, 0x7f, 0xf0, 0x8, 0x3,
    0xff, 0x87, 0xc0, 0x1f, 0xfc, 0x2, 0x0, 0xff,
    0xeb, 0xa8, 0x7, 0xff, 0x3, 0x80, 0x3f, 0xf8,
    0x64, 0x1, 0xff, 0x8, 0x7, 0xff, 0x60, 0x80,
    0x3f, 0xf8, 0xa, 0x1, 0xff, 0xc3, 0x50, 0xf,
    0xf9, 0x40, 0x3f, 0xfb, 0x1c, 0x1, 0xff, 0xc0,
    0x20, 0xf, 0xfe, 0x18, 0x80, 0x7f, 0xc4, 0x1,
    0xff, 0xd8, 0x30, 0xf, 0xfe, 0x0, 0x80, 0x7f,
    0xf0, 0x88, 0x3, 0xff, 0x81, 0xc0, 0x1f, 0xfd,
    0x86, 0x0, 0xff, 0x8c, 0x3, 0xff, 0x86, 0xe0,
    0x1f, 0xfc, 0x3, 0x0, 0xff, 0xec, 0x10, 0x7,
    0xfc, 0xc0, 0x1f, 0xfc, 0x32, 0x0, 0xff, 0xe0,
    0x30, 0x7, 0xff, 0x5c, 0x40, 0x3f, 0xf8, 0x4,
    0x1, 0xff, 0xc3, 0xe0, 0xf, 0xfe, 0x1, 0x0,
    0x7f, 0xf5, 0xd4, 0x3, 0xff, 0x81, 0xa0, 0x1f,
    0xfc, 0x35, 0x0, 0xff, 0x84, 0x3, 0xff, 0xb0,
    0x40, 0x1f, 0xfc, 0x6, 0x0, 0xff, 0xe1, 0x90,
    0x7, 0xfc, 0xa0, 0x1f, 0xfd, 0x8e, 0x0, 0xff,
    0xe0, 0x10, 0x7, 0xff, 0xc, 0x40, 0x3f, 0xe2,
    0x0, 0xff, 0xec, 0x18, 0x7, 0xff, 0x0, 0x40,
    0x3f, 0xf8, 0x44, 0x1, 0xff, 0xc0, 0xe0, 0xf,
    0xfe, 0xc3, 0x0, 0x7f, 0xc6, 0x1, 0xff, 0xc3,
    0x70, 0xf, 0xfe, 0x1, 0x80, 0x7f, 0xf6, 0x8,
    0x3, 0xfe, 0x60, 0xf, 0xfe, 0x19, 0x0, 0x7f,
    0xf0, 0x18, 0x3, 0xff, 0xae, 0x20, 0x1f, 0xfc,
    0x2, 0x0, 0xff, 0xe1, 0xf0, 0x7, 0xff, 0x0,
    0x80, 0x3f, 0xfa, 0xea, 0x1, 0xff, 0xc0, 0xd0,
    0xf, 0xfe, 0x1a, 0x80, 0x7f, 0xc4, 0x1, 0xff,
    0xd8, 0x20, 0xf, 0xfe, 0x3, 0x0, 0x7f, 0xf0,
    0xc8, 0x3, 0xfe, 0x60, 0xf, 0xfe, 0xc7, 0x0,
    0x7f, 0xf0, 0x8, 0x3, 0xff, 0x86, 0x20, 0x1f,
    0xf1, 0x0, 0x7f, 0xf6, 0xc, 0x3, 0xfe, 0x11,
    0x0, 0x7f, 0xf0, 0x8c, 0x3, 0xff, 0x81, 0xc0,
    0x1f, 0xfd, 0x86, 0x0, 0xff, 0x88, 0x3, 0xff,
    0x86, 0xc0, 0x1f, 0xfc, 0x3, 0x0, 0xff, 0xec,
    0x10, 0x7, 0xfc, 0xc0, 0x1f, 0xfc, 0x32, 0x0,
    0xff, 0xe0, 0x30, 0x7, 0xff, 0x5c, 0x40, 0x3f,
    0xf8, 0x4, 0x1, 0xff, 0xc3, 0xe0, 0xf, 0xfe,
    0x1, 0x0, 0x7f, 0xf5, 0xd4, 0x3, 0xff, 0x81,
    0xa0, 0x1f, 0xfc, 0x35, 0x0, 0xff, 0x88, 0x3,
    0xff, 0xb0, 0x40, 0x1f, 0xfc, 0x6, 0x0, 0xff,
    0xe1, 0x90, 0x7, 0xfc, 0xc0, 0x1f, 0xfd, 0x8e,
    0x0, 0xff, 0xe0, 0x10, 0x7, 0xff, 0xc, 0x40,
    0x3f, 0xe2, 0x0, 0xff, 0xe7, 0x0,

    /* U+002D "-" */
    0x37, 0x7f, 0xff, 0x21, 0x2c, 0x47, 0xff, 0x91,
    0xc0, 0x3f, 0xff, 0xe0, 0x1f, 0xff, 0xf0, 0xf,
    0xff, 0xf8, 0x7, 0xff, 0xfc, 0x3, 0xff, 0xfe,
    0x1, 0xff, 0xff, 0x0, 0xff, 0xff, 0x80, 0x7f,
    0xff, 0xc0, 0x3f, 0xff, 0xe0, 0x1f, 0xff, 0xf0,

    /* U+002F "/" */
    0x0, 0xff, 0xed, 0x17, 0xff, 0xff, 0x1, 0xc0,
    0x3f, 0xfb, 0x4a, 0x1, 0xff, 0xc0, 0x50, 0xf,
    0xfe, 0xd5, 0x0, 0x7f, 0xc4, 0x40, 0xf, 0xfe,
    0xc9, 0x10, 0x3, 0xfe, 0xa0, 0xf, 0xfe, 0xd2,
    0x80, 0x7f, 0xf0, 0x14, 0x3, 0xff, 0xb5, 0x60,
    0x1f, 0xf1, 0x10, 0x3, 0xff, 0xb2, 0x46, 0x1,
    0xff, 0x28, 0x7, 0xff, 0x69, 0x40, 0x3f, 0xf8,
    0x14, 0x1, 0xff, 0xda, 0xb0, 0xf, 0xf8, 0x88,
    0x1, 0xff, 0xd9, 0x23, 0x0, 0xff, 0x94, 0x3,
    0xff, 0xb4, 0xa0, 0x1f, 0xfc, 0xa, 0x0, 0xff,
    0xed, 0x58, 0x7, 0xfc, 0x44, 0x0, 0xff, 0xec,
    0x89, 0x80, 0x7f, 0xca, 0x1, 0xff, 0xda, 0x60,
    0xf, 0xfe, 0x5, 0x0, 0x7f, 0xf6, 0xac, 0x3,
    0xfe, 0x22, 0x0, 0x7f, 0xf6, 0x44, 0xc0, 0x3f,
    0xe5, 0x0, 0xff, 0xed, 0x30, 0x7, 0xff, 0x2,
    0xc0, 0x3f, 0xfb, 0x56, 0x1, 0xff, 0x11, 0x80,
    0x7f, 0xf6, 0x44, 0xc0, 0x3f, 0xe5, 0x0, 0xff,
    0xed, 0x30, 0x7, 0xff, 0x2, 0xc0, 0x3f, 0xfb,
    0x56, 0x1, 0xff, 0x11, 0x80, 0x7f, 0xf6, 0x44,
    0xc0, 0x3f, 0xe5, 0x0, 0xff, 0xed, 0x38, 0x7,
    0xff, 0x2, 0xc0, 0x3f, 0xfb, 0x54, 0x1, 0xff,
    0x9, 0x80, 0x7f, 0xf6, 0x44, 0xc0, 0x3f, 0xe6,
    0x0, 0xff, 0xed, 0x38, 0x7, 0xff, 0x2, 0xc0,
    0x3f, 0xfb, 0x54, 0x1, 0xff, 0x9, 0x80, 0x7f,
    0xf6, 0x44, 0xc0, 0x3f, 0xe6, 0x0, 0xff, 0xed,
    0x38, 0x7, 0xff, 0x2, 0xc0, 0x3f, 0xfb, 0x5a,
    0x1, 0xff, 0x9, 0x80, 0x7f, 0xf6, 0x45, 0x0,
    0x3f, 0xe6, 0x0, 0xff, 0xed, 0x38, 0x7, 0xff,
    0x2, 0xc0, 0x3f, 0xfb, 0x5a, 0x1, 0xff, 0x9,
    0x80, 0x7f, 0xf6, 0x45, 0x0, 0x3f, 0xe7, 0x0,
    0xff, 0xed, 0x38, 0x7, 0xff, 0x2, 0x80, 0x3f,
    0xfb, 0x5a, 0x1, 0xff, 0x9, 0x80, 0x7f, 0xf6,
    0x45, 0x0, 0x3f, 0xe7, 0x0, 0xff, 0xed, 0x38,
    0x7, 0xff, 0x2, 0x80, 0x3f, 0xfb, 0x5a, 0x1,
    0xff, 0x9, 0x80, 0x7f, 0xf6, 0x45, 0x0, 0x3f,
    0xe7, 0x0, 0xff, 0xed, 0x38, 0x7, 0xff, 0x3,
    0x40, 0x3f, 0xfb, 0x5a, 0x1, 0xff, 0xa, 0x0,
    0x7f, 0xf6, 0x45, 0x0, 0x3f, 0xe7, 0x0, 0xff,
    0xed, 0x38, 0x7, 0xff, 0x3, 0x40, 0x3f, 0xfb,
    0x5a, 0x1, 0xff, 0xa, 0x0, 0x7f, 0xf6, 0x45,
    0x0, 0x3f, 0xe7, 0x0, 0xff, 0xed, 0x20, 0x7,
    0xff, 0x3, 0x40, 0x3f, 0xfb, 0x5c, 0x1, 0xff,
    0xa, 0x0, 0x7f, 0xf6, 0x90, 0x3, 0xfe, 0x70,
    0xf, 0xfe, 0xd2, 0x80, 0x7f, 0xf0, 0x34, 0x3,
    0xff, 0xb5, 0xc0, 0x1f, 0xf0, 0xa0, 0x7, 0xff,
    0x69, 0x0, 0x3f, 0xe7, 0x0, 0xff, 0xed, 0x28,
    0x7, 0xff, 0x3, 0x40, 0x3f, 0xfb, 0x5c, 0x1,
    0xff, 0xa, 0x0, 0x7f, 0xf6, 0x90, 0x3, 0xfe,
    0x70, 0xf, 0xfe, 0xd2, 0x80, 0x7f, 0xf0, 0x34,
    0x3, 0xff, 0xb5, 0xe0, 0x1f, 0xf0, 0xa0, 0x7,
    0xff, 0x69, 0x40, 0x3f, 0xe4, 0x0, 0xff, 0xed,
    0x28, 0x7, 0xff, 0x3, 0x80, 0x3f, 0xfb, 0x5e,
    0x1, 0xff, 0xc0, 0x40, 0xf, 0xfe, 0xd2, 0x80,
    0x7f, 0xca, 0x1, 0xff, 0xda, 0x50, 0xf, 0xfe,
    0x7, 0x0, 0x7f, 0xf6, 0xbc, 0x3, 0xff, 0x80,
    0x80, 0x1f, 0xfd, 0xa5, 0x0, 0xff, 0x94, 0x3,
    0xff, 0xb4, 0xa0, 0x1f, 0xfc, 0xe, 0x0, 0xff,
    0xed, 0x78, 0x7, 0xff, 0x1, 0x0, 0x3f, 0xfb,
    0x4a, 0x1, 0xff, 0x28, 0x7, 0xff, 0x69, 0x40,
    0x3f, 0xf8, 0x1e, 0x1, 0xff, 0xda, 0xf0, 0xf,
    0xfe, 0x2, 0x80, 0x7f, 0xf6, 0x94, 0x3, 0xfe,
    0x50, 0xf, 0xfe, 0xd2, 0x80, 0x7f, 0xf0, 0x3c,
    0x3, 0xff, 0xb5, 0xe0, 0x1f, 0xfc, 0x5, 0x0,
    0xff, 0xed, 0x28, 0x7, 0xfc, 0xa0, 0x1f, 0xfd,
    0xa4, 0x0, 0xff, 0xe0, 0x78, 0x7, 0xff, 0x6b,
    0x80, 0x3f, 0xf8, 0xa, 0x1, 0xff, 0xda, 0x50,
    0xf, 0xf9, 0x40, 0x3f, 0xfb, 0x48, 0x1, 0xff,
    0xc0, 0xf0, 0xf, 0xfe, 0xd7, 0x0, 0x7f, 0xf0,
    0x14, 0x3, 0xff, 0xb4, 0xa0, 0x1f, 0xf2, 0x80,
    0x7f, 0xf6, 0x90, 0x3, 0xff, 0x81, 0xe0, 0x1f,
    0xfd, 0xae, 0x0, 0xff, 0xe0, 0x28, 0x7, 0xff,
    0x69, 0x0, 0x3f, 0xe5, 0x0, 0xff, 0xed, 0x20,
    0x80, 0x7f, 0xde, 0x1, 0xff, 0xda, 0xd0, 0xf,
    0xfe, 0x2, 0x80, 0x7f, 0xf6, 0x9c, 0x3, 0xfe,
    0x40, 0xf, 0xfe, 0xd2, 0x8, 0x7, 0xfd, 0xc0,
    0x1f, 0xfd, 0xad, 0x0, 0xff, 0xe0, 0x28, 0x7,
    0xff, 0x69, 0xc0, 0x3f, 0xe4, 0x0, 0xff, 0xed,
    0x20, 0x80, 0x7f, 0xdc, 0x1, 0xff, 0xda, 0xd0,
    0xf, 0xfe, 0x2, 0x0, 0x7f, 0xf6, 0x9c, 0x3,
    0xfe, 0x41, 0x0, 0xff, 0xec, 0xa0, 0x80, 0x7f,
    0xdc, 0x1, 0xff, 0xda, 0xd0, 0xf, 0xfe, 0x2,
    0x0, 0x7f, 0xf6, 0x9c, 0x3, 0xfe, 0x41, 0x0,
    0xff, 0xec, 0xa0, 0x80, 0x7f, 0xda, 0x1, 0xff,
    0xda, 0xd0, 0xf, 0xfe, 0x3, 0x80, 0x7f, 0xf6,
    0x9c, 0x3, 0xfe, 0x41, 0x0, 0xff, 0xec, 0xa0,
    0x80, 0x7f, 0xda, 0x1, 0xff, 0xda, 0xd0, 0xf,
    0xfe, 0x3, 0x80, 0x7f, 0xf6, 0x9c, 0x3, 0xfe,
    0x41, 0x0, 0xff, 0xec, 0x98, 0x80, 0x7f, 0xda,
    0x1, 0xff, 0xda, 0xa0, 0xf, 0xfe, 0x3, 0x80,
    0x7f, 0xf6, 0x9c, 0x3, 0xfe, 0x41, 0x0, 0xff,
    0xec, 0x98, 0x80, 0x7f, 0xda, 0x1, 0xff, 0xda,
    0xa0, 0xf, 0xfe, 0x3, 0x80, 0x7f, 0xf6, 0x9c,
    0x3, 0xfe, 0x41, 0x0, 0xff, 0xec, 0x98, 0x80,
    0x7f, 0xda, 0x1, 0xff, 0xda, 0xb0, 0xf, 0xfe,
    0x3, 0x80, 0x7f, 0xf6, 0x98, 0x3, 0xfe, 0x41,
    0x0, 0xff, 0xec, 0x98, 0x80, 0x7f, 0xda, 0x1,
    0xff, 0xda, 0xb0, 0xf, 0xfe, 0x3, 0x80, 0x7f,
    0xf6, 0x98, 0x3, 0xfe, 0x31, 0x0, 0xff, 0xec,
    0x98, 0x80, 0x7f, 0xd4, 0x1, 0xff, 0xda, 0xb0,
    0xf, 0xfe, 0x3, 0x80, 0x7f, 0xf6, 0x94, 0x3,
    0xfe, 0x31, 0x0, 0xff, 0xec, 0x99, 0x0, 0x7f,
    0xd4, 0x1, 0xff, 0xda, 0xb0, 0xf, 0xfe, 0x3,
    0x80, 0x7f, 0xf6, 0x80,

    /* U+0030 "0" */
    0x0, 0xff, 0xe6, 0x9b, 0x45, 0xef, 0x73, 0xfd,
    0xdc, 0xca, 0x85, 0x20, 0xf, 0xff, 0x10, 0xb5,
    0xfe, 0x4b, 0xa1, 0x8, 0x80, 0x2, 0x23, 0x57,
    0xad, 0xea, 0x50, 0xf, 0xfe, 0xea, 0xe7, 0x4a,
    0x0, 0x7f, 0xf1, 0x45, 0x6b, 0xe8, 0xc0, 0x3f,
    0xfb, 0xd, 0xd4, 0x60, 0x1f, 0xfc, 0xc5, 0xcc,
    0x20, 0x7, 0xff, 0x51, 0x76, 0x44, 0x3, 0xff,
    0xa0, 0x77, 0x86, 0x1, 0xff, 0xd1, 0xaa, 0x10,
    0x7, 0xff, 0x50, 0xf1, 0xc0, 0x3f, 0xf9, 0xc7,
    0xaa, 0x1, 0xff, 0xd8, 0x8b, 0x10, 0xf, 0xfe,
    0x5b, 0x61, 0x0, 0x7f, 0xf6, 0x93, 0xcc, 0x3,
    0xff, 0x93, 0x52, 0x1, 0xff, 0xdd, 0x1c, 0x70,
    0xf, 0xfe, 0x3c, 0xa8, 0x7, 0xff, 0x82, 0x18,
    0x3, 0xff, 0x8a, 0xec, 0x1, 0xff, 0xe2, 0x94,
    0x0, 0xff, 0xe1, 0xac, 0x0, 0x7f, 0xf9, 0x2c,
    0x80, 0x3f, 0xf8, 0x29, 0x40, 0x1f, 0xfe, 0x6c,
    0x10, 0xf, 0xf8, 0x6c, 0x3, 0xff, 0xce, 0x3a,
    0x1, 0xff, 0x50, 0x7, 0xff, 0xa4, 0xdc, 0x3,
    0xf9, 0x50, 0x3, 0xff, 0xd5, 0x2, 0x1, 0xfa,
    0xc0, 0x3f, 0xf9, 0x86, 0x8c, 0xee, 0x54, 0x20,
    0xf, 0xfe, 0x65, 0x80, 0x7c, 0xc2, 0x1, 0xff,
    0xc9, 0x6a, 0xec, 0xb9, 0x88, 0x55, 0xef, 0x4a,
    0x0, 0x7f, 0xf2, 0x54, 0x80, 0x3d, 0x60, 0x1f,
    0xfc, 0x86, 0xe9, 0x51, 0x0, 0xfc, 0x2d, 0x78,
    0x80, 0x1f, 0xfc, 0x88, 0x0, 0xe4, 0x20, 0xf,
    0xfe, 0x31, 0x6c, 0x88, 0x7, 0xff, 0x8, 0xee,
    0x80, 0x3f, 0xf8, 0xea, 0x20, 0x1b, 0x80, 0x3f,
    0xf8, 0xc7, 0x84, 0x1, 0xff, 0xc6, 0x5c, 0x10,
    0xf, 0xfe, 0x33, 0x80, 0x65, 0x0, 0xff, 0xe2,
    0x96, 0x8, 0x7, 0xff, 0x20, 0xf0, 0x3, 0xff,
    0x8d, 0x40, 0x12, 0x80, 0x7f, 0xf1, 0xbc, 0x3,
    0xff, 0x96, 0x54, 0x1, 0xff, 0xc5, 0x31, 0x0,
    0x60, 0x7, 0xff, 0x16, 0x88, 0x3, 0xff, 0x98,
    0xac, 0x1, 0xff, 0xc5, 0x40, 0x2, 0x0, 0x7f,
    0xf1, 0x9, 0x40, 0x3f, 0xf9, 0xd0, 0x1, 0xff,
    0xc5, 0xc0, 0x12, 0x0, 0xff, 0xe2, 0x58, 0x7,
    0xff, 0x3c, 0x58, 0x3, 0xff, 0x88, 0x80, 0xa0,
    0x1f, 0xfc, 0x41, 0x60, 0xf, 0xfe, 0x85, 0x80,
    0x7f, 0xf1, 0x8, 0x8, 0x3, 0xff, 0x88, 0x80,
    0x1f, 0xfd, 0x12, 0x10, 0xf, 0xfe, 0x21, 0x70,
    0x7, 0xff, 0x13, 0x0, 0x3f, 0xfa, 0x48, 0x1,
    0xff, 0xc4, 0x72, 0x0, 0xff, 0xe2, 0x20, 0x7,
    0xff, 0x4b, 0x0, 0x3f, 0xf8, 0x86, 0x20, 0x1f,
    0xfc, 0x42, 0x0, 0xff, 0xe9, 0x28, 0x7, 0xff,
    0x10, 0x5c, 0x3, 0xff, 0x86, 0x20, 0x1f, 0xfd,
    0x32, 0x0, 0xff, 0xe2, 0x78, 0x80, 0x7f, 0xf0,
    0xc8, 0x3, 0xff, 0xa6, 0x20, 0x1f, 0xfc, 0x41,
    0x0, 0xff, 0xe2, 0x38, 0x7, 0xff, 0xfc, 0x3,
    0xff, 0x96, 0x20, 0x1f, 0xfd, 0x41, 0x0, 0xff,
    0xff, 0x80, 0x7f, 0xff, 0xc0, 0x3f, 0xff, 0xe0,
    0x1f, 0xff, 0xf0, 0xf, 0xff, 0xf8, 0x7, 0xff,
    0xfc, 0x3, 0xff, 0xfe, 0x1, 0xff, 0xff, 0x0,
    0xff, 0xff, 0x80, 0x7f, 0xff, 0xc0, 0x3f, 0xff,
    0xe0, 0x1f, 0xff, 0xf0, 0xf, 0xff, 0xf8, 0x7,
    0xff, 0xfc, 0x3, 0xff, 0xfe, 0x1, 0xff, 0xff,
    0x0, 0xff, 0xff, 0x80, 0x7f, 0xff, 0xc0, 0x3f,
    0xff, 0xe0, 0x1f, 0xff, 0xf0, 0xf, 0xff, 0xf8,
    0x7, 0xff, 0xfc, 0x3, 0xff, 0xfe, 0x1, 0xff,
    0xff, 0x0, 0xff, 0xff, 0x80, 0x7f, 0xff, 0xc0,
    0x3f, 0xff, 0xe0, 0x1f, 0xff, 0xf0, 0xf, 0xff,
    0xf8, 0x7, 0xff, 0xfc, 0x3, 0xff, 0xfe, 0x1,
    0xff, 0xff, 0x0, 0xff, 0xff, 0x80, 0x7f, 0xff,
    0xc0, 0x3f, 0xff, 0xe0, 0x1f, 0xff, 0xf0, 0xf,
    0xff, 0xf8, 0x7, 0xff, 0xfc, 0x3, 0xff, 0xfe,
    0x1, 0xff, 0xff, 0x0, 0xff, 0xff, 0x80, 0x7f,
    0xf3, 0x84, 0x3, 0xff, 0xfe, 0x1, 0xff, 0xcb,
    0x10, 0xf, 0xfe, 0xa3, 0x80, 0x7f, 0xf9, 0x44,
    0x3, 0xff, 0x86, 0x40, 0x1f, 0xfd, 0x31, 0x0,
    0xff, 0xe2, 0xb, 0x80, 0x7f, 0xf0, 0xc4, 0x3,
    0xff, 0xa6, 0x40, 0x1f, 0xfc, 0x4f, 0x10, 0xf,
    0xfe, 0x21, 0x0, 0x7f, 0xf4, 0x94, 0x3, 0xff,
    0x88, 0x24, 0x1, 0xff, 0xc4, 0x40, 0xf, 0xfe,
    0x96, 0x0, 0x7f, 0xf1, 0xb, 0x80, 0x3f, 0xf8,
    0x98, 0x1, 0xff, 0xd2, 0x40, 0xf, 0xfe, 0x23,
    0x10, 0x7, 0xff, 0x11, 0x0, 0x3f, 0xfa, 0x24,
    0x20, 0x1f, 0xfc, 0x42, 0x50, 0xf, 0xfe, 0x20,
    0xb0, 0x7, 0xff, 0x42, 0xc0, 0x3f, 0xf8, 0x84,
    0x2, 0x40, 0x1f, 0xfc, 0x4b, 0x0, 0xff, 0xe7,
    0x8b, 0x0, 0x7f, 0xf1, 0x10, 0x0, 0x80, 0x1f,
    0xfc, 0x42, 0x50, 0xf, 0xfe, 0x74, 0x0, 0x7f,
    0xf1, 0x70, 0x1, 0x80, 0x1f, 0xfc, 0x5a, 0x20,
    0xf, 0xfe, 0x62, 0xb0, 0x7, 0xff, 0x15, 0x0,
    0xa, 0x1, 0xff, 0xc6, 0xf0, 0xf, 0xfe, 0x59,
    0x50, 0x7, 0xff, 0x14, 0xc4, 0x2, 0x50, 0xf,
    0xfe, 0x29, 0x60, 0x80, 0x7f, 0xf2, 0xf, 0x0,
    0x3f, 0xf8, 0xd4, 0x1, 0xb8, 0x3, 0xff, 0x8c,
    0x78, 0x40, 0x1f, 0xfc, 0x65, 0xc1, 0x0, 0xff,
    0xe3, 0x38, 0x6, 0x42, 0x0, 0xff, 0xe3, 0x16,
    0xc8, 0x80, 0x7f, 0xf0, 0x8e, 0xe8, 0x3, 0xff,
    0x8e, 0xa2, 0x1, 0xd6, 0x1, 0xff, 0xc8, 0x6e,
    0x95, 0x0, 0xfe, 0x16, 0xbc, 0x40, 0xf, 0xfe,
    0x44, 0x0, 0x79, 0x84, 0x3, 0xff, 0x92, 0xd5,
    0xf9, 0x73, 0x10, 0xab, 0xde, 0x94, 0x0, 0xff,
    0xe4, 0xa9, 0x0, 0x7d, 0x60, 0x1f, 0xfc, 0xc3,
    0x46, 0x77, 0x2a, 0x10, 0x7, 0xff, 0x32, 0x0,
    0x3f, 0x2a, 0x0, 0x7f, 0xfa, 0xa0, 0x80, 0x3f,
    0xa8, 0x3, 0xff, 0xd2, 0x6e, 0x1, 0xfe, 0x1b,
    0x0, 0xff, 0xf3, 0x8e, 0x80, 0x7f, 0xf0, 0x12,
    0x80, 0x3f, 0xfc, 0xd8, 0x20, 0x1f, 0xfc, 0x15,
    0x80, 0xf, 0xff, 0x25, 0x90, 0x7, 0xff, 0xd,
    0xd8, 0x3, 0xff, 0xc5, 0x28, 0x1, 0xff, 0xc5,
    0x95, 0x0, 0xff, 0xf0, 0x43, 0x0, 0x7f, 0xf1,
    0xe9, 0xc0, 0x3f, 0xfb, 0xd4, 0xe0, 0x1f, 0xfc,
    0x98, 0xa1, 0x0, 0xff, 0xed, 0x16, 0x28, 0x7,
    0xff, 0x2d, 0x7d, 0x0, 0x3f, 0xfb, 0xd, 0xa6,
    0x1, 0xff, 0xcd, 0x1b, 0xa2, 0x0, 0xff, 0xea,
    0x1e, 0x48, 0x7, 0xff, 0x45, 0x76, 0x4, 0x3,
    0xff, 0xa0, 0x77, 0x86, 0x1, 0xff, 0xd4, 0x7e,
    0xa3, 0x0, 0xff, 0xe6, 0x2e, 0x61, 0x0, 0x3f,
    0xfb, 0xb, 0x9d, 0x28, 0x1, 0xff, 0xc5, 0x15,
    0xaf, 0xa3, 0x0, 0xff, 0xee, 0xb, 0x5f, 0xe4,
    0xb2, 0x10, 0x80, 0x42, 0x23, 0x57, 0xad, 0xea,
    0x50, 0xf, 0xfe, 0x50,

    /* U+0031 "1" */
    0x0, 0xff, 0xe1, 0xaf, 0x7f, 0xff, 0xf1, 0x0,
    0x3f, 0xf8, 0x53, 0x42, 0x1, 0xff, 0xd0, 0x2d,
    0x60, 0xf, 0xfe, 0x8b, 0x69, 0x0, 0x7f, 0xf4,
    0x6a, 0x40, 0x3f, 0xfa, 0x27, 0xaa, 0x1, 0xff,
    0xd1, 0x7c, 0x20, 0xf, 0xfe, 0x80, 0xdc, 0x0,
    0x7f, 0xf4, 0x53, 0xd0, 0x3, 0xff, 0xa3, 0x16,
    0x20, 0x1f, 0xfd, 0x2, 0xc7, 0x0, 0xff, 0xe8,
    0xae, 0x98, 0x7, 0xff, 0x4a, 0xc0, 0x3f, 0xff,
    0xe0, 0x1f, 0xff, 0xf0, 0xf, 0xfe, 0x91, 0x0,
    0x7f, 0xf4, 0x8b, 0x50, 0x3, 0xff, 0xa2, 0xda,
    0x40, 0x1f, 0xfd, 0x1a, 0x90, 0xf, 0xfe, 0x89,
    0xea, 0x80, 0x7f, 0xf4, 0x5f, 0x8, 0x3, 0xff,
    0xa0, 0x37, 0x0, 0x1f, 0xfd, 0x14, 0xf4, 0x0,
    0xff, 0xe8, 0xc5, 0x88, 0x7, 0xff, 0x40, 0xb1,
    0xc0, 0x3f, 0xfa, 0x2b, 0xa6, 0x1, 0xff, 0xd1,
    0x9a, 0x0, 0xff, 0xe9, 0x63, 0x0, 0x7f, 0xf4,
    0xc8, 0x3, 0xff, 0xfe, 0x1, 0xff, 0xff, 0x0,
    0xff, 0xff, 0x80, 0x7f, 0xff, 0xc0, 0x3f, 0xff,
    0xe0, 0x1f, 0xff, 0xf0, 0xf, 0xff, 0xf8, 0x7,
    0xff, 0xfc, 0x3, 0xff, 0xfe, 0x1, 0xff, 0xff,
    0x0, 0xff, 0xff, 0x80, 0x7f, 0xff, 0xc0, 0x3f,
    0xff, 0xe0, 0x1f, 0xff, 0xf0, 0xf, 0xff, 0xf8,
    0x7, 0xff, 0xfc, 0x3, 0xff, 0xfe, 0x1, 0xff,
    0xff, 0x0, 0xff, 0xff, 0x80, 0x7f, 0xff, 0xc0,
    0x3f, 0xff, 0xe0, 0x1f, 0xff, 0xf0, 0xf, 0xff,
    0xf8, 0x7, 0xff, 0xfc, 0x3, 0xff, 0xfe, 0x1,
    0xff, 0xff, 0x0, 0xff, 0xff, 0x80, 0x7f, 0xff,
    0xc0, 0x3f, 0xff, 0xe0, 0x1f, 0xff, 0xf0, 0xf,
    0xff, 0xf8, 0x7, 0xff, 0xfc, 0x3, 0xff, 0xfe,
    0x1, 0xff, 0xff, 0x0, 0xff, 0xff, 0x80, 0x7f,
    0xff, 0xc0, 0x3f, 0xff, 0xe0, 0x1f, 0xfe, 0x18,
    0xdd, 0xff, 0xe2, 0x0,

    /* U+0032 "2" */
    0x0, 0xff, 0xe6, 0x9b, 0x4d, 0xef, 0x7f, 0xbb,
    0x9b, 0x72, 0xc8, 0x1, 0xff, 0xe3, 0x16, 0xbf,
    0xc9, 0x64, 0x21, 0x0, 0x8, 0x89, 0x1a, 0x6f,
    0xf2, 0x8, 0x3, 0xff, 0xba, 0x75, 0xd2, 0x80,
    0x1f, 0xfc, 0x53, 0x7d, 0xd3, 0x88, 0x7, 0xff,
    0x61, 0x2f, 0x14, 0x3, 0xff, 0x96, 0x51, 0xd0,
    0x20, 0x1f, 0xfd, 0x41, 0xab, 0x40, 0xf, 0xfe,
    0x83, 0xf3, 0x80, 0x7f, 0xf4, 0x9b, 0x94, 0x3,
    0xff, 0xa9, 0x1a, 0x80, 0x1f, 0xfc, 0xf9, 0x90,
    0x7, 0xff, 0x5c, 0xad, 0xc0, 0x3f, 0xf9, 0x83,
    0x6c, 0x1, 0xff, 0xda, 0x8a, 0x0, 0xff, 0xe5,
    0x16, 0x20, 0x7, 0xff, 0x71, 0x70, 0x40, 0x3f,
    0xf8, 0xe7, 0x84, 0x1, 0xff, 0xde, 0x3f, 0x30,
    0xf, 0xfe, 0x28, 0xe8, 0x80, 0x7f, 0xf8, 0x7,
    0x48, 0x3, 0xff, 0x89, 0xa2, 0x1, 0xff, 0xe2,
    0x1f, 0x0, 0xff, 0xe1, 0xc9, 0x80, 0x7f, 0xf9,
    0xa, 0xc0, 0x3f, 0xf8, 0x2e, 0xc0, 0x1f, 0xfe,
    0x64, 0x80, 0xf, 0xf8, 0xe0, 0x3, 0xff, 0xd0,
    0xea, 0x1, 0xfe, 0xf0, 0xf, 0xff, 0x55, 0x80,
    0x7f, 0x31, 0x80, 0x7f, 0xf3, 0xd, 0x19, 0xd9,
    0xc, 0x3, 0xff, 0x96, 0x32, 0x1, 0xfa, 0x0,
    0x3f, 0xf9, 0x4d, 0x7f, 0x97, 0x31, 0x37, 0x9f,
    0x4a, 0x1, 0xff, 0xc9, 0x62, 0x0, 0xf3, 0x88,
    0x7, 0xff, 0x21, 0xfa, 0x50, 0x3, 0xf9, 0x6b,
    0x50, 0x3, 0xff, 0x91, 0x0, 0x1e, 0x90, 0xf,
    0xfe, 0x39, 0xec, 0x8, 0x7, 0xff, 0x4, 0xae,
    0xc2, 0x1, 0xff, 0xc6, 0x52, 0x0, 0xca, 0x20,
    0x1f, 0xfc, 0x66, 0xc2, 0x0, 0xff, 0xe2, 0xa6,
    0x8, 0x7, 0xff, 0x1a, 0x80, 0x37, 0x0, 0x7f,
    0xf1, 0x9a, 0x40, 0x3f, 0xf9, 0x5, 0xe4, 0x1,
    0xff, 0xc5, 0x60, 0x8, 0x50, 0x3, 0xff, 0x8a,
    0x92, 0x1, 0xff, 0xca, 0x1e, 0x0, 0xff, 0xe2,
    0x8a, 0x0, 0x1c, 0x3, 0xff, 0x8a, 0x36, 0x1,
    0xff, 0xcc, 0x39, 0x0, 0xff, 0xe2, 0xe8, 0x3,
    0x0, 0x3f, 0xf8, 0xb6, 0x1, 0xff, 0xce, 0x63,
    0x0, 0xff, 0xe2, 0x20, 0x1, 0x0, 0x3f, 0xf8,
    0x86, 0xa0, 0x1f, 0xfc, 0xf9, 0x0, 0xff, 0xe2,
    0x10, 0x90, 0x80, 0x7f, 0xf1, 0x20, 0x3, 0xff,
    0xa0, 0xa4, 0x1, 0xff, 0xc4, 0x46, 0x0, 0xff,
    0xe2, 0xa, 0x0, 0x7f, 0xf4, 0x68, 0x3, 0xff,
    0x88, 0x46, 0x1, 0xff, 0xc4, 0x70, 0xf, 0xfe,
    0x92, 0x0, 0x7f, 0xf1, 0x3b, 0x80, 0x1f, 0xfc,
    0x4d, 0x0, 0xff, 0xe9, 0x18, 0x80, 0x7f, 0xf0,
    0xd4, 0xc0, 0x3f, 0xf8, 0x8a, 0x1, 0xff, 0xd3,
    0x20, 0xf, 0xfe, 0x18, 0x88, 0x3, 0xff, 0x88,
    0x20, 0x1f, 0xfd, 0x36, 0x0, 0xff, 0xe1, 0x9b,
    0x80, 0x7f, 0xf0, 0xcc, 0x3, 0xff, 0xa8, 0x60,
    0x1f, 0xfc, 0x4d, 0xee, 0xff, 0xe1, 0xe8, 0x7,
    0xff, 0x94, 0x47, 0xff, 0x8a, 0x1, 0xff, 0xd4,
    0x30, 0xf, 0xfe, 0x19, 0x80, 0x7f, 0xf9, 0x58,
    0x3, 0xff, 0x86, 0x20, 0x1f, 0xfe, 0x53, 0x0,
    0xff, 0xe1, 0xb8, 0x7, 0xff, 0x90, 0xc0, 0x3f,
    0xf8, 0x84, 0x1, 0xff, 0xe4, 0xb0, 0xf, 0xfe,
    0x20, 0x80, 0x7f, 0xf9, 0x18, 0x3, 0xff, 0x89,
    0x80, 0x1f, 0xfe, 0x36, 0x10, 0xf, 0xfe, 0x22,
    0x80, 0x7f, 0xf8, 0xec, 0x3, 0xff, 0x88, 0x62,
    0x1, 0xff, 0xe2, 0x82, 0x0, 0xff, 0xe2, 0x28,
    0x7, 0xff, 0x88, 0xdc, 0x3, 0xff, 0x8b, 0x80,
    0x1f, 0xfe, 0x11, 0xd0, 0xf, 0xfe, 0x28, 0xa8,
    0x7, 0xff, 0x86, 0x84, 0x3, 0xff, 0x8b, 0x20,
    0x1f, 0xfe, 0x18, 0x40, 0xf, 0xfe, 0x33, 0x0,
    0x7f, 0xf8, 0x15, 0xc0, 0x3f, 0xf8, 0xcc, 0x20,
    0x1f, 0xfd, 0xf3, 0xa0, 0xf, 0xfe, 0x3d, 0x80,
    0x7f, 0xf7, 0xc7, 0x40, 0x3f, 0xf8, 0xee, 0x40,
    0x1f, 0xfd, 0xfa, 0x10, 0xf, 0xfe, 0x31, 0x40,
    0x7, 0xff, 0x7e, 0x50, 0x3, 0xff, 0x8f, 0xc0,
    0x1f, 0xfd, 0xf5, 0x60, 0xf, 0xfe, 0x3c, 0x18,
    0x7, 0xff, 0x78, 0xe8, 0x3, 0xff, 0x8e, 0x8e,
    0x1, 0xff, 0xde, 0x1d, 0x0, 0xff, 0xe3, 0x95,
    0x80, 0x7f, 0xf7, 0xf4, 0x40, 0x3f, 0xf8, 0xfe,
    0x1, 0xff, 0xdf, 0x93, 0x0, 0xff, 0xe3, 0xd9,
    0x0, 0x7f, 0xf7, 0x99, 0x80, 0x1f, 0xfc, 0x78,
    0x40, 0xf, 0xfe, 0xf1, 0xc8, 0x7, 0xff, 0x1d,
    0x1c, 0x3, 0xff, 0xbc, 0x3a, 0x1, 0xff, 0xc7,
    0x2b, 0x0, 0xff, 0xef, 0xe8, 0x80, 0x7f, 0xf1,
    0xfc, 0x3, 0xff, 0xbf, 0x26, 0x1, 0xff, 0xc7,
    0xb2, 0x0, 0xff, 0xef, 0x33, 0x0, 0x3f, 0xf8,
    0xf0, 0x80, 0x1f, 0xfd, 0xe3, 0x90, 0xf, 0xfe,
    0x3a, 0x38, 0x7, 0xff, 0x78, 0x74, 0x3, 0xff,
    0x8e, 0x56, 0x1, 0xff, 0xdf, 0xd1, 0x0, 0xff,
    0xe3, 0xf8, 0x7, 0xff, 0x7e, 0x4c, 0x3, 0xff,
    0x8f, 0x64, 0x1, 0xff, 0xde, 0x66, 0x0, 0x7f,
    0xf1, 0xe1, 0x0, 0x3f, 0xfb, 0xc7, 0x20, 0x1f,
    0xfc, 0x74, 0x70, 0xf, 0xfe, 0xf0, 0xe8, 0x7,
    0xff, 0x1c, 0xac, 0x3, 0xff, 0xbf, 0xa2, 0x1,
    0xff, 0xc7, 0xf0, 0xf, 0xfe, 0xfc, 0x98, 0x7,
    0xff, 0x1e, 0xc8, 0x3, 0xff, 0xbc, 0xcc, 0x0,
    0xff, 0xe3, 0xc2, 0x0, 0x7f, 0xf7, 0x8e, 0x40,
    0x3f, 0xf8, 0xe8, 0xe0, 0x1f, 0xfd, 0xe1, 0xd0,
    0xf, 0xfe, 0x39, 0x58, 0x7, 0xff, 0x7f, 0x44,
    0x3, 0xff, 0x8f, 0xe0, 0x1f, 0xfd, 0xf9, 0x30,
    0xf, 0xfe, 0x3d, 0x90, 0x7, 0xff, 0x79, 0x98,
    0x1, 0xff, 0xc7, 0x84, 0x0, 0xff, 0xef, 0x1c,
    0x80, 0x7f, 0xf1, 0xd1, 0xc0, 0x3f, 0xfb, 0xc3,
    0xa0, 0x1f, 0xfc, 0x72, 0xb0, 0xf, 0xfe, 0xfe,
    0x88, 0x7, 0xff, 0x1f, 0xc0, 0x3f, 0xfb, 0xf2,
    0x60, 0x1f, 0xfc, 0x7b, 0x20, 0xf, 0xfe, 0xf3,
    0x30, 0x3, 0xff, 0x8f, 0x8, 0x1, 0xff, 0xde,
    0x39, 0x0, 0xff, 0xe3, 0xab, 0x80, 0x7f, 0xf7,
    0x87, 0x40, 0x3f, 0xf8, 0xe5, 0x40, 0x1f, 0xfd,
    0xfd, 0x10, 0xf, 0xfe, 0x3f, 0x80, 0x7f, 0xf7,
    0xe4, 0xc0, 0x3f, 0xf8, 0xf6, 0x40, 0x1f, 0xfd,
    0xe6, 0x60, 0x7, 0xff, 0x1e, 0x10, 0x3, 0xff,
    0xbc, 0x72, 0x1, 0xff, 0xc7, 0x57, 0x0, 0xff,
    0xef, 0xe, 0x80, 0x7f, 0xf1, 0xca, 0x80, 0x3f,
    0xfb, 0xfa, 0x20, 0x1f, 0xfc, 0x7f, 0x0, 0xff,
    0xef, 0xd1, 0x80, 0x7f, 0xf1, 0xec, 0x80, 0x3f,
    0xfb, 0xcc, 0xa0, 0x1f, 0xfc, 0x78, 0x40, 0xf,
    0xfe, 0xf1, 0xc8, 0x7, 0xff, 0x1d, 0x5c, 0x3,
    0xff, 0xbc, 0x3a, 0x1, 0xff, 0xc7, 0x2a, 0x0,
    0xff, 0xef, 0xe8, 0x80, 0x7f, 0xf1, 0xfc, 0x3,
    0xff, 0xbf, 0x46, 0x1, 0xff, 0xc7, 0xb2, 0x0,
    0xff, 0xef, 0x32, 0x80, 0x7f, 0xf1, 0xe1, 0x0,
    0x3f, 0xfb, 0xc9, 0x20, 0x1f, 0xfc, 0x75, 0x70,
    0xf, 0xfe, 0xf0, 0xd0, 0x7, 0xff, 0x20, 0x9d,
    0xff, 0xfb, 0xf4, 0x20, 0x1f, 0xfc, 0x87, 0x88,
    0xff, 0xef, 0xb8, 0x7, 0xff, 0xfc, 0x3, 0xff,
    0xfe, 0x1, 0xff, 0xff, 0x0, 0xff, 0xff, 0x80,
    0x7f, 0xff, 0xc0, 0x3f, 0xff, 0xe0, 0x1f, 0xff,
    0xf0, 0xf, 0xff, 0xf8, 0x7, 0xff, 0xfc, 0x3,
    0xff, 0xfe, 0x1, 0xff, 0xff, 0x0, 0xff, 0xff,
    0x80, 0x7f, 0xff, 0xc0, 0x3f, 0xf8, 0x40,

    /* U+0033 "3" */
    0x0, 0xff, 0xe6, 0x8a, 0xc5, 0x6f, 0x7f, 0xdd,
    0xb9, 0x4e, 0xa2, 0x1, 0xff, 0xe5, 0x28, 0xde,
    0xa7, 0x52, 0x10, 0x8, 0x48, 0xd6, 0x2b, 0xb6,
    0x54, 0x3, 0xff, 0xc0, 0xb9, 0xae, 0x40, 0x1f,
    0xfc, 0x42, 0x6a, 0xe9, 0x30, 0xf, 0xfe, 0xda,
    0x6d, 0x18, 0x7, 0xff, 0x28, 0x5b, 0x2d, 0x0,
    0x3f, 0xfa, 0xe7, 0x76, 0x20, 0xf, 0xfe, 0x7a,
    0x5e, 0x10, 0x7, 0xff, 0x52, 0x71, 0x0, 0x3f,
    0xfa, 0x67, 0xb0, 0x1, 0xff, 0xd1, 0x1c, 0x60,
    0xf, 0xfe, 0xbb, 0xe9, 0x0, 0x7f, 0xf3, 0x8f,
    0xcc, 0x3, 0xff, 0xb2, 0x58, 0x60, 0x1f, 0xfc,
    0xc5, 0xc1, 0x0, 0xff, 0xed, 0x8e, 0x28, 0x7,
    0xff, 0x29, 0xa8, 0x3, 0xff, 0xbf, 0x50, 0x1,
    0xff, 0xc8, 0x49, 0x0, 0xff, 0xf0, 0xbc, 0x0,
    0x7f, 0xf1, 0x8a, 0xc0, 0x3f, 0xfc, 0x6e, 0xa0,
    0x1f, 0xfc, 0x41, 0xc0, 0xf, 0xff, 0x2d, 0x18,
    0x7, 0xff, 0xf, 0x4, 0x3, 0xff, 0xcd, 0xc2,
    0x1, 0xff, 0xc1, 0x72, 0x0, 0xff, 0xf3, 0x95,
    0x0, 0x7f, 0xf0, 0xa, 0x0, 0x3f, 0xfd, 0x28,
    0xe0, 0x1f, 0xf4, 0x80, 0x7f, 0xf3, 0x11, 0x5d,
    0xca, 0x84, 0x1, 0xff, 0xcc, 0x81, 0x0, 0xfe,
    0x44, 0x0, 0x7f, 0xf2, 0x5b, 0x3e, 0xea, 0x21,
    0x57, 0xba, 0x94, 0x0, 0xff, 0xe5, 0x40, 0x7,
    0xf4, 0x80, 0x7f, 0xf2, 0x23, 0xe4, 0xc0, 0x3f,
    0x13, 0x5e, 0x20, 0x7, 0xff, 0x21, 0x88, 0x3,
    0xe5, 0x20, 0xf, 0xfe, 0x31, 0xeb, 0x80, 0x7f,
    0xf0, 0x8e, 0xec, 0x20, 0x1f, 0xfc, 0x7b, 0x0,
    0xfa, 0x40, 0x3f, 0xf8, 0xcb, 0x84, 0x1, 0xff,
    0xc5, 0x4c, 0x20, 0xf, 0xfe, 0x33, 0x8, 0x7,
    0x19, 0x80, 0x3f, 0xf8, 0xab, 0x40, 0x1f, 0xfc,
    0x82, 0xd3, 0x0, 0xff, 0xe3, 0x38, 0x7, 0x50,
    0x7, 0xff, 0x14, 0xe8, 0x3, 0xff, 0x97, 0xa4,
    0x1, 0xff, 0xc5, 0xa0, 0xe, 0x70, 0xf, 0xfe,
    0x2f, 0x0, 0x7f, 0xf3, 0x7, 0xc0, 0x3f, 0xf8,
    0xa6, 0x20, 0x11, 0x88, 0x7, 0xff, 0x12, 0x48,
    0x3, 0xff, 0x9a, 0x50, 0x1, 0xff, 0xc5, 0x70,
    0x9, 0x0, 0x3f, 0xf8, 0x82, 0xc0, 0x1f, 0xfc,
    0xf7, 0x10, 0xf, 0xfe, 0x26, 0x0, 0x5a, 0x1,
    0xff, 0xc4, 0x90, 0xf, 0xfe, 0x8c, 0x0, 0x7f,
    0xf1, 0x10, 0x2, 0x40, 0xf, 0xfe, 0x23, 0x0,
    0x7f, 0xf4, 0x5c, 0x3, 0xff, 0x88, 0x20, 0x10,
    0x80, 0x7f, 0xf0, 0xcc, 0x40, 0x3f, 0xfa, 0x22,
    0x80, 0x1f, 0xfc, 0x43, 0x2, 0x0, 0xff, 0xe2,
    0x20, 0x7, 0xff, 0x4f, 0x40, 0x3f, 0xf8, 0x8c,
    0x7, 0x55, 0xff, 0xc4, 0x90, 0xf, 0xfe, 0x99,
    0x0, 0x7f, 0xf1, 0xc, 0x5, 0x57, 0xff, 0x88,
    0x20, 0x1f, 0xfd, 0x36, 0x0, 0xff, 0xe2, 0x8,
    0x7, 0xff, 0x98, 0xc0, 0x3f, 0xf8, 0x9e, 0x1,
    0xff, 0xe6, 0x10, 0xf, 0xfe, 0x27, 0x80, 0x7f,
    0xf9, 0x88, 0x3, 0xff, 0xee, 0x20, 0x1f, 0xfc,
    0x41, 0x0, 0xff, 0xf3, 0x30, 0x7, 0xff, 0x10,
    0xc0, 0x3f, 0xfc, 0xd8, 0x1, 0xff, 0xc4, 0x60,
    0xf, 0xff, 0x33, 0x80, 0x7f, 0xf1, 0xc, 0x3,
    0xff, 0xca, 0x62, 0x1, 0xff, 0xc3, 0x10, 0xf,
    0xff, 0x34, 0x0, 0x7f, 0xf1, 0x10, 0x3, 0xff,
    0xca, 0x68, 0x1, 0xff, 0xc4, 0xc0, 0xf, 0xff,
    0x2f, 0x80, 0x7f, 0xf1, 0x50, 0x3, 0xff, 0xc9,
    0x46, 0x1, 0xff, 0xc4, 0x32, 0x0, 0xff, 0xf1,
    0xc2, 0x80, 0x7f, 0xf1, 0x68, 0x3, 0xff, 0xc7,
    0x4e, 0x1, 0xff, 0xc6, 0x60, 0xf, 0xff, 0x9,
    0xea, 0x80, 0x7f, 0xf1, 0xa0, 0x3, 0xff, 0xc0,
    0x77, 0x84, 0x1, 0xff, 0xc6, 0x17, 0x0, 0xff,
    0xee, 0x9b, 0xe6, 0x10, 0x3, 0xff, 0x91, 0x60,
    0x1f, 0xfd, 0x34, 0x88, 0xe9, 0xab, 0xdf, 0xc8,
    0x30, 0xf, 0xfe, 0x4a, 0xa8, 0x3, 0xff, 0xa6,
    0x6e, 0xfc, 0xca, 0x84, 0x1, 0xff, 0xcc, 0x2a,
    0x0, 0xff, 0xfa, 0x8f, 0x80, 0x7f, 0xfd, 0x47,
    0x48, 0x3, 0xff, 0xe8, 0x3a, 0x60, 0x1f, 0xff,
    0x42, 0xc3, 0x0, 0xff, 0xfa, 0x36, 0x90, 0x7,
    0xff, 0xd1, 0xe4, 0x3, 0xff, 0xec, 0xee, 0x0,
    0xff, 0xfb, 0xc6, 0x8, 0x7, 0xff, 0xd8, 0xfc,
    0x80, 0x3f, 0xfe, 0xc3, 0x86, 0x1, 0xff, 0xf6,
    0x1c, 0x30, 0xf, 0xff, 0xbe, 0x88, 0x7, 0xff,
    0xd8, 0x74, 0x3, 0xff, 0xa8, 0xff, 0xff, 0x76,
    0xdc, 0x20, 0x7, 0xff, 0x28, 0xe4, 0x3, 0xff,
    0xb6, 0x24, 0x8f, 0x7f, 0x46, 0x1, 0xff, 0xc8,
    0x63, 0x0, 0xff, 0xf0, 0x2e, 0x59, 0x0, 0x7f,
    0xf1, 0xfc, 0x3, 0xff, 0xc4, 0x9a, 0xc0, 0x1f,
    0xfc, 0x63, 0x60, 0xf, 0xff, 0x1c, 0xc8, 0x3,
    0xff, 0x8d, 0x0, 0x1f, 0xfe, 0x46, 0x90, 0xf,
    0xfe, 0x28, 0xa8, 0x7, 0xff, 0x91, 0x98, 0x1,
    0xff, 0xc5, 0xe0, 0xf, 0xff, 0x2c, 0x98, 0x7,
    0xff, 0x11, 0x8, 0x3, 0xff, 0xcb, 0xe0, 0x1f,
    0xfc, 0x54, 0x0, 0xff, 0xf2, 0x9a, 0x80, 0x7f,
    0xf1, 0x34, 0x3, 0xff, 0xcd, 0x0, 0x1f, 0xfc,
    0x44, 0x0, 0xff, 0xf3, 0x11, 0x0, 0x3f, 0xf8,
    0x84, 0x1, 0xff, 0xe6, 0x50, 0xf, 0xfe, 0x23,
    0x80, 0x7f, 0xf9, 0xb0, 0x3, 0xff, 0x89, 0xa0,
    0x1f, 0xfe, 0x64, 0x0, 0xff, 0xe2, 0x10, 0x7,
    0xff, 0xdc, 0x40, 0x3f, 0xfc, 0xe4, 0x1, 0xff,
    0xc3, 0x70, 0xf, 0xff, 0x38, 0x80, 0x7f, 0xfd,
    0xdc, 0x3, 0xff, 0xee, 0xc0, 0x1f, 0xfc, 0x37,
    0x0, 0xff, 0xf3, 0x98, 0x7, 0xff, 0xdc, 0x40,
    0x3f, 0xf8, 0x62, 0x1, 0xff, 0xe6, 0x20, 0xf,
    0xfe, 0x21, 0x3c, 0xcf, 0xff, 0xd, 0xc0, 0x3f,
    0xfa, 0xaa, 0x1, 0xff, 0xc4, 0xed, 0x66, 0xff,
    0xe1, 0xc0, 0x80, 0x7f, 0xf5, 0x30, 0x3, 0xff,
    0x88, 0xb8, 0x1, 0xff, 0xc4, 0x90, 0xf, 0xfe,
    0xa2, 0x0, 0x7f, 0xf1, 0x9, 0x0, 0x3f, 0xf8,
    0x8c, 0x20, 0x1f, 0xfd, 0x27, 0x0, 0xff, 0xe2,
    0x10, 0x90, 0x80, 0x7f, 0xf0, 0xc6, 0x40, 0x3f,
    0xfa, 0x23, 0x20, 0x1f, 0xfc, 0x44, 0x0, 0x20,
    0x7, 0xff, 0x11, 0xc8, 0x3, 0xff, 0xa1, 0x22,
    0x1, 0xff, 0xc4, 0xf0, 0x6, 0x0, 0x7f, 0xf1,
    0x78, 0x3, 0xff, 0x9e, 0x6e, 0x1, 0xff, 0xc5,
    0x70, 0x3, 0x80, 0x7f, 0xf1, 0x4e, 0x0, 0x3f,
    0xf9, 0xa5, 0xa0, 0x1f, 0xfc, 0x54, 0x10, 0x0,
    0xa8, 0x7, 0xff, 0x15, 0xd8, 0x3, 0xff, 0x96,
    0x3e, 0x20, 0x1f, 0xfc, 0x5d, 0x0, 0xd2, 0x1,
    0xff, 0xc6, 0x96, 0x0, 0xff, 0xe4, 0x9f, 0x90,
    0x7, 0xff, 0x19, 0x80, 0x31, 0x90, 0x7, 0xff,
    0x1a, 0x64, 0x1, 0xff, 0xc7, 0x6c, 0x10, 0xf,
    0xfe, 0x33, 0x80, 0x7a, 0xc0, 0x3f, 0xf8, 0xed,
    0xaa, 0x1, 0xff, 0xc3, 0x4d, 0x90, 0xf, 0xfe,
    0x44, 0x80, 0x79, 0x84, 0x3, 0xff, 0x8e, 0x55,
    0xce, 0x60, 0x1f, 0xc6, 0xfb, 0x64, 0x1, 0xff,
    0xc8, 0x61, 0x0, 0xfa, 0x0, 0x3f, 0xf9, 0x23,
    0x19, 0xf9, 0x53, 0x10, 0xab, 0xec, 0x82, 0x0,
    0xff, 0xe4, 0x8c, 0x0, 0x7e, 0x63, 0x0, 0xff,
    0xe6, 0x1a, 0xb3, 0xb9, 0x50, 0x40, 0x3f, 0xf9,
    0x90, 0x20, 0x1f, 0xdc, 0x1, 0xff, 0xeb, 0x36,
    0x0, 0xff, 0x14, 0x0, 0x7f, 0xfa, 0x47, 0x40,
    0x3f, 0xf8, 0xe, 0x60, 0x1f, 0xfe, 0x8a, 0x10,
    0xf, 0xfe, 0xf, 0x8, 0x7, 0xff, 0x9a, 0x50,
    0x3, 0xff, 0x84, 0x58, 0x20, 0x1f, 0xfe, 0x48,
    0x60, 0xf, 0xfe, 0x21, 0x60, 0x80, 0x7f, 0xf8,
    0x9d, 0xc0, 0x1f, 0xfc, 0x62, 0xc1, 0x0, 0xff,
    0xf0, 0x4c, 0x0, 0x7f, 0xf2, 0xb, 0x48, 0x3,
    0xff, 0xbd, 0x6c, 0x1, 0xff, 0xca, 0x3d, 0x50,
    0xf, 0xfe, 0xd9, 0xea, 0x0, 0x7f, 0xf3, 0x6a,
    0x82, 0x1, 0xff, 0xd8, 0x8c, 0x20, 0xf, 0xfe,
    0x7a, 0xfa, 0x0, 0x7f, 0xf5, 0x57, 0x9c, 0x3,
    0xff, 0xa4, 0x37, 0x8a, 0x1, 0xff, 0xd1, 0x5d,
    0xa1, 0x0, 0xff, 0xea, 0x9d, 0x6b, 0x0, 0x7f,
    0xf3, 0x9, 0xfa, 0x88, 0x3, 0xff, 0xb2, 0x53,
    0xd4, 0xc4, 0x1, 0xff, 0xc5, 0x37, 0xcd, 0x81,
    0x0, 0xff, 0xee, 0x8a, 0xce, 0xf5, 0x3a, 0xa1,
    0x88, 0x0, 0x44, 0x48, 0xd3, 0x9f, 0x90, 0x60,
    0x1f, 0xfc, 0xb0,

    /* U+0034 "4" */
    0x0, 0xff, 0xed, 0xdf, 0xff, 0xff, 0x16, 0xc0,
    0x3f, 0xfd, 0x66, 0x80, 0x1f, 0xfc, 0x5f, 0x0,
    0xff, 0xf5, 0xc8, 0x7, 0xff, 0x14, 0xd0, 0x3,
    0xff, 0xd4, 0x4a, 0x1, 0xff, 0xc5, 0x80, 0xf,
    0xff, 0x5d, 0x80, 0x7f, 0xf1, 0x49, 0x0, 0x3f,
    0xfd, 0x42, 0xc0, 0x1f, 0xfc, 0x58, 0x0, 0xff,
    0xf5, 0xc8, 0x7, 0xff, 0x14, 0x94, 0x3, 0xff,
    0xd6, 0xe0, 0x1f, 0xfc, 0x5b, 0x0, 0xff, 0xf5,
    0xb8, 0x7, 0xff, 0x14, 0x58, 0x3, 0xff, 0xd7,
    0x20, 0x1f, 0xfc, 0x59, 0x0, 0xff, 0xf5, 0xb0,
    0x80, 0x7f, 0xf1, 0x5c, 0x3, 0xff, 0xd7, 0x60,
    0x1f, 0xfc, 0x57, 0x0, 0xff, 0xf5, 0xa9, 0x0,
    0x7f, 0xf1, 0x64, 0x3, 0xff, 0xd7, 0x20, 0x1f,
    0xfc, 0x56, 0x10, 0xf, 0xff, 0x52, 0x18, 0x7,
    0xff, 0x16, 0x0, 0x3f, 0xfd, 0x7e, 0x1, 0xff,
    0xc5, 0x51, 0x0, 0xff, 0xf5, 0x1a, 0x0, 0x7f,
    0xf1, 0x60, 0x3, 0xff, 0xd7, 0x20, 0x1f, 0xfc,
    0x55, 0x20, 0xf, 0xff, 0x51, 0x28, 0x7, 0xff,
    0x16, 0x40, 0x3f, 0xfd, 0x76, 0x1, 0xff, 0xc5,
    0x43, 0x0, 0xff, 0xf5, 0xb, 0x0, 0x7f, 0xf1,
    0x7c, 0x3, 0xff, 0xd7, 0x20, 0x1f, 0xfc, 0x53,
    0x40, 0xf, 0xff, 0x50, 0xb8, 0x7, 0xff, 0x16,
    0x40, 0x3f, 0xfd, 0x6c, 0x1, 0xff, 0xc5, 0x25,
    0x0, 0xff, 0xf5, 0xc8, 0x7, 0xff, 0x16, 0x0,
    0x3f, 0xfd, 0x6c, 0x20, 0x1f, 0xfc, 0x41, 0x50,
    0xf, 0xff, 0x5c, 0x0, 0x7f, 0xf1, 0x60, 0x3,
    0xff, 0xd6, 0xa2, 0x1, 0xff, 0xc4, 0x16, 0x0,
    0xff, 0xf5, 0xc0, 0x7, 0xff, 0x16, 0x40, 0x3f,
    0xfd, 0x68, 0x40, 0x1f, 0xfc, 0x57, 0x0, 0xff,
    0xf5, 0xc0, 0x7, 0xff, 0x15, 0xc0, 0x3f, 0xfd,
    0x66, 0x60, 0xf, 0xfe, 0x2c, 0x80, 0x7f, 0xfa,
    0xe0, 0x3, 0xff, 0x8a, 0xc2, 0x1, 0xff, 0xea,
    0x24, 0x0, 0xff, 0xe2, 0xd8, 0x7, 0xff, 0xae,
    0x0, 0x3f, 0xf8, 0xaa, 0x40, 0x1f, 0xfe, 0xa1,
    0x50, 0xf, 0xfe, 0x2c, 0x0, 0x7f, 0xfa, 0xe0,
    0x3, 0xff, 0x8a, 0xa4, 0x1, 0xff, 0xea, 0x16,
    0x0, 0xff, 0xe2, 0xc8, 0x7, 0xff, 0xae, 0x40,
    0x3f, 0xf8, 0xa8, 0x60, 0x1f, 0xfe, 0xb6, 0x0,
    0xff, 0xe2, 0xf8, 0x7, 0xff, 0xad, 0xc4, 0x3,
    0xff, 0x88, 0x68, 0x1, 0xff, 0xeb, 0x90, 0xf,
    0xfe, 0x2c, 0x80, 0x7f, 0xfa, 0xd4, 0x40, 0x3f,
    0xf8, 0x84, 0xa0, 0x1f, 0xfe, 0xb8, 0x0, 0xff,
    0xe2, 0xc0, 0x7, 0xff, 0xad, 0x8, 0x3, 0xff,
    0x88, 0x2a, 0x1, 0xff, 0xeb, 0x80, 0xf, 0xfe,
    0x2c, 0x0, 0x7f, 0xfa, 0xcc, 0xc0, 0x1f, 0xfc,
    0x41, 0x60, 0xf, 0xff, 0x5c, 0x0, 0x7f, 0xf1,
    0x64, 0x3, 0xff, 0xd6, 0x48, 0x1, 0xff, 0xc5,
    0x70, 0xf, 0xff, 0x5c, 0x0, 0x7f, 0xf1, 0x5c,
    0x3, 0xff, 0x85, 0x9b, 0xbf, 0xfc, 0x37, 0x0,
    0xff, 0xe6, 0x12, 0x80, 0x7f, 0xf1, 0x64, 0x3,
    0xff, 0x84, 0x45, 0xff, 0xc4, 0xe0, 0xf, 0xfe,
    0x65, 0x80, 0x7f, 0xf1, 0x58, 0x40, 0x3f, 0xfd,
    0x42, 0xc0, 0x1f, 0xfc, 0x5b, 0x0, 0xff, 0xf5,
    0xc8, 0x7, 0xff, 0x15, 0x48, 0x3, 0xff, 0xd6,
    0xc0, 0x1f, 0xfc, 0x58, 0x0, 0xff, 0xf5, 0xb8,
    0x80, 0x7f, 0xf1, 0x10, 0x80, 0x3f, 0xfd, 0x72,
    0x1, 0xff, 0xc5, 0x80, 0xf, 0xff, 0x5b, 0x8,
    0x7, 0xff, 0x11, 0xc, 0x3, 0xff, 0xd7, 0x60,
    0x1f, 0xfc, 0x5f, 0x0, 0xff, 0xf5, 0xa9, 0x0,
    0x7f, 0xf1, 0xd, 0x0, 0x3f, 0xfd, 0x72, 0x1,
    0xff, 0xc5, 0x90, 0xf, 0xff, 0x5a, 0x18, 0x7,
    0xff, 0x10, 0x94, 0x3, 0xff, 0xd7, 0xe0, 0x1f,
    0xfc, 0x58, 0x0, 0xff, 0xf5, 0x9a, 0x0, 0x7f,
    0xf1, 0x5, 0x40, 0x3f, 0xfd, 0x72, 0x1, 0xff,
    0xc5, 0x80, 0xf, 0xff, 0x59, 0x28, 0x7, 0xff,
    0x10, 0x58, 0x3, 0xff, 0xd7, 0x60, 0x1f, 0xfc,
    0x59, 0x0, 0xff, 0xf5, 0x8b, 0x0, 0x7f, 0xf1,
    0x58, 0x3, 0xff, 0xd7, 0x20, 0x1f, 0xfc, 0x57,
    0x10, 0xf, 0xff, 0x5b, 0x80, 0x7f, 0xf1, 0x64,
    0x3, 0xff, 0xd6, 0xe0, 0x1f, 0xfc, 0x56, 0x10,
    0xf, 0xff, 0x5c, 0x80, 0x7f, 0xf1, 0x6c, 0x3,
    0xff, 0xd6, 0xc2, 0x1, 0xff, 0xc4, 0x52, 0x0,
    0xff, 0xf5, 0xd8, 0x7, 0xff, 0x16, 0x0, 0x3f,
    0xfd, 0x6a, 0x40, 0x1f, 0xfc, 0x44, 0x20, 0xf,
    0xff, 0x5c, 0x80, 0x7f, 0xf1, 0x60, 0x3, 0xff,
    0xd6, 0x86, 0x1, 0xff, 0xc4, 0x43, 0x0, 0xff,
    0xf5, 0xf8, 0x7, 0xff, 0x17, 0xc0, 0x3f, 0xfd,
    0x66, 0x80, 0x1f, 0xfc, 0x43, 0x40, 0xf, 0xff,
    0x5c, 0x80, 0x7f, 0xf1, 0x64, 0x3, 0xff, 0xd6,
    0x4a, 0x1, 0xff, 0xc4, 0x25, 0x0, 0xff, 0xf5,
    0xd8, 0x7, 0xff, 0x16, 0xc0, 0x3f, 0xfd, 0x8c,
    0x1, 0xff, 0xc5, 0xe8, 0x8f, 0xfe, 0x88, 0x80,
    0x7f, 0xf0, 0xd6, 0x23, 0xf3, 0x0, 0x7f, 0xf1,
    0xdd, 0xff, 0xfa, 0x40, 0x1f, 0xfc, 0x43, 0x77,
    0xfd, 0x40, 0x1f, 0xff, 0xf0, 0xf, 0xff, 0xf8,
    0x7, 0xff, 0xfc, 0x3, 0xff, 0xfe, 0x1, 0xff,
    0xff, 0x0, 0xff, 0xff, 0x80, 0x7f, 0xff, 0xc0,
    0x3f, 0xff, 0xe0, 0x1f, 0xff, 0xf0, 0xf, 0xff,
    0xf8, 0x7, 0xff, 0xfc, 0x3, 0xff, 0xfe, 0x1,
    0xff, 0xff, 0x0, 0xff, 0xff, 0x87, 0xff, 0xff,
    0x90, 0x40, 0x3f, 0xf8, 0x6d, 0xff, 0xfb, 0x0,
    0x3f, 0xff, 0xe0, 0x1f, 0xff, 0xf0, 0xf, 0xff,
    0xf8, 0x7, 0xff, 0xfc, 0x3, 0xff, 0xfe, 0x1,
    0xff, 0xff, 0x0, 0xff, 0xff, 0x80, 0x7f, 0xff,
    0xc0, 0x3f, 0xff, 0xe0, 0x1f, 0xff, 0xf0, 0xf,
    0xff, 0xf8, 0x7, 0xff, 0xfc, 0x3, 0xff, 0xfe,
    0x1, 0xff, 0xff, 0x0, 0xff, 0xff, 0x80, 0x7f,
    0xff, 0xc0,

    /* U+0035 "5" */
    0x0, 0x77, 0xff, 0xff, 0xc1, 0xc0, 0x3f, 0xff,
    0xe0, 0x1f, 0xff, 0xf0, 0xf, 0xff, 0xf8, 0x7,
    0xff, 0xfc, 0x3, 0xff, 0xfe, 0x1, 0xff, 0xff,
    0x0, 0xff, 0xff, 0x80, 0x7f, 0xff, 0xc0, 0x3f,
    0xff, 0xe0, 0x1f, 0xff, 0xf0, 0xf, 0xff, 0xf8,
    0x7, 0xff, 0xfc, 0x3, 0xff, 0xfe, 0x1, 0xff,
    0xd6, 0x28, 0x8f, 0xff, 0xa, 0x0, 0x7f, 0xf1,
    0xdd, 0xff, 0xfc, 0x46, 0x1, 0xff, 0xff, 0x0,
    0xff, 0xff, 0x80, 0x7f, 0xff, 0xc0, 0x3f, 0xff,
    0xe0, 0x1f, 0xff, 0xf0, 0xf, 0xff, 0xf8, 0x7,
    0xff, 0xfc, 0x3, 0xff, 0xfe, 0x1, 0xff, 0xff,
    0x0, 0xff, 0xff, 0x80, 0x7f, 0xff, 0xc0, 0x3f,
    0xff, 0xe0, 0x1f, 0xff, 0xf0, 0xf, 0xff, 0xf8,
    0x7, 0xff, 0xfc, 0x3, 0xff, 0xfe, 0x1, 0xff,
    0xc7, 0x48, 0xab, 0xce, 0xff, 0x76, 0xe5, 0x3a,
    0x0, 0x7f, 0xf9, 0xa, 0x33, 0xed, 0xd5, 0xc,
    0x40, 0x2, 0x46, 0xb1, 0x7f, 0x8e, 0x20, 0x1f,
    0xfd, 0xe3, 0xbd, 0x73, 0x0, 0xff, 0xe2, 0x1c,
    0x75, 0xa0, 0x7, 0xff, 0x69, 0x33, 0x8, 0x1,
    0xff, 0xca, 0x4b, 0xb1, 0x0, 0x7f, 0xf5, 0xe6,
    0xcc, 0x3, 0xff, 0x9c, 0x9b, 0x22, 0x1, 0xff,
    0xd3, 0x4e, 0x60, 0xf, 0xfe, 0x93, 0x72, 0x80,
    0x7f, 0xf4, 0x52, 0xc4, 0x3, 0xff, 0xab, 0x52,
    0x1, 0xff, 0xd0, 0x10, 0xf, 0xfe, 0xc3, 0x50,
    0x7, 0xff, 0xd5, 0x6c, 0x3, 0xff, 0xea, 0x92,
    0x1, 0xff, 0xf5, 0x67, 0x0, 0xff, 0xfa, 0xc2,
    0x0, 0x7f, 0xfd, 0x68, 0x40, 0x3f, 0xfe, 0x83,
    0x40, 0x1f, 0xff, 0x54, 0x40, 0x7, 0xff, 0xd6,
    0x40, 0x3f, 0xfa, 0xa6, 0xce, 0xe6, 0x53, 0x20,
    0xf, 0xfe, 0x61, 0x30, 0x7, 0xff, 0x40, 0x5f,
    0x3f, 0x26, 0x21, 0x35, 0x9b, 0xd4, 0x80, 0x1f,
    0xfc, 0xaa, 0x0, 0xff, 0xe7, 0xbf, 0x41, 0x80,
    0x7f, 0xa, 0xdf, 0x30, 0x7, 0xff, 0x20, 0xc8,
    0x3, 0xff, 0x98, 0x59, 0x0, 0x1f, 0xfc, 0x31,
    0x9b, 0x10, 0xf, 0xfe, 0x3d, 0x0, 0x7f, 0xf2,
    0xcf, 0xc, 0x3, 0xff, 0x8c, 0x9e, 0x40, 0x1f,
    0xfc, 0x65, 0x0, 0xff, 0xe5, 0x1e, 0x88, 0x7,
    0xff, 0x20, 0x7c, 0x40, 0x3f, 0xf8, 0xa4, 0x20,
    0x1f, 0xfc, 0x81, 0xe1, 0x0, 0xff, 0xe5, 0x15,
    0x0, 0x7f, 0xf1, 0x90, 0x3, 0xff, 0x91, 0x44,
    0x1, 0xff, 0xcc, 0x45, 0x0, 0xff, 0xe2, 0xe8,
    0x7, 0xff, 0x1d, 0x90, 0x3, 0xff, 0x9d, 0x20,
    0x1f, 0xfc, 0x53, 0x0, 0xff, 0xe3, 0xc, 0x0,
    0x7f, 0xf3, 0xcd, 0x0, 0x3f, 0xf8, 0x8c, 0x1,
    0x77, 0xff, 0xff, 0xb, 0x84, 0x3, 0xff, 0xa1,
    0xc0, 0x1f, 0xfc, 0x42, 0x0, 0xff, 0xf2, 0x20,
    0x7, 0xff, 0x14, 0x80, 0x3f, 0xfc, 0x62, 0x40,
    0x1f, 0xfc, 0x46, 0x0, 0xff, 0xf2, 0x28, 0x7,
    0xff, 0x10, 0x40, 0x3f, 0xfc, 0x9c, 0x1, 0xff,
    0xc4, 0x20, 0xf, 0xff, 0x21, 0x0, 0x7f, 0xf1,
    0x3c, 0x3, 0xff, 0xc8, 0xc0, 0x1f, 0xfc, 0x41,
    0x0, 0xff, 0xf2, 0x10, 0x7, 0xff, 0x10, 0xc0,
    0x3f, 0xfc, 0xa2, 0x1, 0xff, 0xff, 0x0, 0xf0,
    0x80, 0x7f, 0xf9, 0x4c, 0x3, 0xff, 0xea, 0x20,
    0x1f, 0xff, 0xf0, 0xf, 0xff, 0xe3, 0x80, 0x7f,
    0xff, 0xc0, 0x3f, 0xfd, 0x8e, 0x1, 0xff, 0xff,
    0x0, 0xff, 0xee, 0x8, 0x7, 0xff, 0xd4, 0xc0,
    0x3f, 0xf8, 0x62, 0x1, 0xff, 0xff, 0x0, 0xff,
    0xee, 0x8, 0x7, 0xff, 0xc, 0xc0, 0x3f, 0xfc,
    0x82, 0x1, 0xff, 0xc4, 0x10, 0xf, 0xff, 0x21,
    0x0, 0x7f, 0xf1, 0x3c, 0x3, 0xff, 0xc8, 0xc0,
    0x1f, 0xfc, 0x41, 0xde, 0xef, 0xfe, 0x1c, 0x80,
    0x7f, 0xf4, 0xf4, 0x3, 0xff, 0x88, 0x42, 0x3f,
    0xfc, 0x47, 0x0, 0xff, 0xe9, 0x90, 0x7, 0xff,
    0x11, 0x94, 0x3, 0xff, 0x86, 0x26, 0x1, 0xff,
    0xd2, 0x50, 0xf, 0xfe, 0x21, 0x70, 0x7, 0xff,
    0x12, 0x80, 0x3f, 0xfa, 0x28, 0x1, 0xff, 0xc4,
    0x20, 0x40, 0xf, 0xfe, 0x23, 0x8, 0x7, 0xff,
    0x43, 0x40, 0x3f, 0xf8, 0x8e, 0x6, 0x1, 0xff,
    0xc5, 0x60, 0xf, 0xfe, 0x83, 0x80, 0x7f, 0xf1,
    0x34, 0x0, 0x80, 0x1f, 0xfc, 0x48, 0x20, 0xf,
    0xfe, 0x74, 0x8, 0x7, 0xff, 0x11, 0x0, 0x18,
    0x1, 0xff, 0xc5, 0xe0, 0xf, 0xfe, 0x69, 0x38,
    0x7, 0xff, 0x14, 0xc0, 0xc, 0x1, 0xff, 0xc5,
    0x39, 0x0, 0xff, 0xe6, 0x48, 0x7, 0xff, 0x15,
    0x40, 0x21, 0x30, 0xf, 0xfe, 0x2b, 0x48, 0x7,
    0xff, 0x2a, 0x50, 0x3, 0xff, 0x8b, 0xe0, 0x1a,
    0x80, 0x3f, 0xf8, 0xcd, 0x82, 0x1, 0xff, 0xc7,
    0xb6, 0x0, 0xff, 0xe2, 0x8a, 0x80, 0x66, 0x10,
    0xf, 0xfe, 0x31, 0xf3, 0x80, 0x7f, 0xf1, 0x17,
    0x90, 0x3, 0xff, 0x8d, 0x20, 0x1e, 0x90, 0xf,
    0xfe, 0x44, 0x7c, 0xa0, 0x7, 0xf8, 0x9f, 0x68,
    0x40, 0x3f, 0xf8, 0xec, 0x1, 0xe7, 0x10, 0xf,
    0xfe, 0x4b, 0x5f, 0xe5, 0x4c, 0x42, 0x6b, 0x3f,
    0x60, 0x80, 0x3f, 0xf9, 0x10, 0x20, 0x1f, 0x40,
    0x7, 0xff, 0x30, 0xd5, 0x9d, 0xcc, 0xa6, 0x1,
    0xff, 0xcb, 0x27, 0x0, 0xfc, 0xc6, 0x1, 0xff,
    0xea, 0x90, 0xf, 0xf7, 0x0, 0x7f, 0xfa, 0x5d,
    0x0, 0x3f, 0xc5, 0x20, 0x1f, 0xfe, 0x73, 0x80,
    0xf, 0xfe, 0x3, 0x30, 0x3, 0xff, 0xca, 0x5a,
    0x1, 0xff, 0xc2, 0x94, 0x0, 0xff, 0xf1, 0x8f,
    0x88, 0x7, 0xff, 0xe, 0xd0, 0x3, 0xff, 0xc2,
    0x38, 0x40, 0x1f, 0xfc, 0x5b, 0x40, 0xf, 0xfe,
    0xf8, 0xe1, 0x0, 0x7f, 0xf1, 0xed, 0xc0, 0x3f,
    0xfb, 0xa7, 0xe4, 0x1, 0xff, 0xc9, 0x8a, 0x10,
    0xf, 0xfe, 0xd3, 0x60, 0x80, 0x7f, 0xf2, 0xd7,
    0x98, 0x3, 0xff, 0xae, 0x35, 0x20, 0x1f, 0xfc,
    0xf9, 0xc3, 0x0, 0xff, 0xea, 0x37, 0xa8, 0x7,
    0xff, 0x44, 0xf2, 0x8c, 0x3, 0xff, 0xa0, 0xb9,
    0x22, 0x1, 0xff, 0xd4, 0x5c, 0xd6, 0x10, 0xf,
    0xfe, 0x5a, 0xed, 0x18, 0x7, 0xff, 0x60, 0xa7,
    0xa9, 0x8c, 0x3, 0xff, 0x8a, 0xb5, 0xf4, 0x40,
    0x1f, 0xfd, 0xd5, 0x9c, 0xfb, 0x85, 0x43, 0x21,
    0x0, 0x9, 0xa3, 0x4e, 0xfd, 0x28, 0x7, 0xff,
    0x28,

    /* U+0036 "6" */
    0x0, 0xff, 0xeb, 0x97, 0xff, 0xff, 0x19, 0x40,
    0x3f, 0xfc, 0x76, 0x1, 0xff, 0xc5, 0x25, 0x0,
    0xff, 0xf1, 0x13, 0x0, 0x7f, 0xf1, 0x60, 0x3,
    0xff, 0xc7, 0x60, 0x1f, 0xfc, 0x52, 0x50, 0xf,
    0xff, 0x11, 0x30, 0x7, 0xff, 0x16, 0x0, 0x3f,
    0xfc, 0x76, 0x1, 0xff, 0xc5, 0x25, 0x0, 0xff,
    0xf1, 0x13, 0x0, 0x7f, 0xf1, 0x6c, 0x3, 0xff,
    0xc7, 0x60, 0x1f, 0xfc, 0x52, 0x60, 0xf, 0xff,
    0x11, 0x30, 0x7, 0xff, 0x16, 0xc0, 0x3f, 0xfc,
    0x76, 0x1, 0xff, 0xc5, 0x26, 0x0, 0xff, 0xf1,
    0x13, 0x0, 0x7f, 0xf1, 0x6c, 0x3, 0xff, 0xc7,
    0x60, 0x1f, 0xfc, 0x52, 0x60, 0xf, 0xff, 0x11,
    0x30, 0x7, 0xff, 0x16, 0xc0, 0x3f, 0xfc, 0x70,
    0x1, 0xff, 0xc5, 0x16, 0x0, 0xff, 0xf1, 0x12,
    0x80, 0x7f, 0xf1, 0x60, 0x3, 0xff, 0xc7, 0x0,
    0x1f, 0xfc, 0x51, 0x60, 0xf, 0xff, 0x11, 0x28,
    0x7, 0xff, 0x16, 0x0, 0x3f, 0xfc, 0x70, 0x1,
    0xff, 0xc5, 0x16, 0x0, 0xff, 0xf1, 0x12, 0x80,
    0x7f, 0xf1, 0x60, 0x3, 0xff, 0xc7, 0x0, 0x1f,
    0xfc, 0x51, 0x60, 0xf, 0xff, 0x11, 0x28, 0x7,
    0xff, 0x16, 0x0, 0x3f, 0xfc, 0x70, 0x1, 0xff,
    0xc5, 0x16, 0x0, 0xff, 0xf1, 0x12, 0x80, 0x7f,
    0xf1, 0x60, 0x3, 0xff, 0xc7, 0x0, 0x1f, 0xfc,
    0x51, 0x60, 0xf, 0xff, 0x11, 0x28, 0x7, 0xff,
    0x16, 0x0, 0x3f, 0xfc, 0x70, 0x1, 0xff, 0xc5,
    0x16, 0x0, 0xff, 0xf1, 0x12, 0x80, 0x7f, 0xf1,
    0x60, 0x3, 0xff, 0xc7, 0x0, 0x1f, 0xfc, 0x51,
    0x60, 0xf, 0xff, 0x11, 0x28, 0x7, 0xff, 0x16,
    0x40, 0x3f, 0xfc, 0x70, 0x1, 0xff, 0xc5, 0x17,
    0x0, 0xff, 0xf1, 0x12, 0x80, 0x7f, 0xf1, 0x64,
    0x3, 0xff, 0xc7, 0x0, 0x1f, 0xfc, 0x51, 0x70,
    0xf, 0xff, 0x11, 0x28, 0x7, 0xff, 0x16, 0x40,
    0x3f, 0xfc, 0x70, 0x1, 0xff, 0xc5, 0x17, 0x0,
    0xff, 0xf1, 0x12, 0x80, 0x7f, 0xf1, 0x64, 0x3,
    0xff, 0xc7, 0x0, 0x1f, 0xfc, 0x51, 0x70, 0xf,
    0xff, 0x11, 0x28, 0x7, 0xff, 0x16, 0x40, 0x3f,
    0xfc, 0x70, 0x1, 0xff, 0xc5, 0x17, 0x0, 0xff,
    0xf1, 0x12, 0x80, 0x7f, 0xf1, 0x64, 0x3, 0xff,
    0xc7, 0x0, 0x1f, 0xfc, 0x51, 0x70, 0xf, 0xff,
    0x11, 0x28, 0x7, 0xff, 0x16, 0x40, 0x3f, 0xfc,
    0x70, 0x1, 0xff, 0xc5, 0x17, 0x0, 0xff, 0xf1,
    0x12, 0x80, 0x7f, 0xf1, 0x64, 0x3, 0xff, 0xc7,
    0x0, 0x1f, 0xfc, 0x51, 0x70, 0xf, 0xff, 0x11,
    0x28, 0x7, 0xff, 0x16, 0x40, 0x3f, 0xfc, 0x70,
    0x1, 0xff, 0xc5, 0x17, 0x0, 0xff, 0xf1, 0x12,
    0x80, 0x7f, 0xf1, 0x64, 0x3, 0xff, 0xc7, 0x0,
    0x1f, 0xfc, 0x66, 0x0, 0x9, 0xab, 0x3c, 0x3b,
    0x21, 0x88, 0x7, 0xff, 0x54, 0x94, 0x3, 0xff,
    0x8a, 0xcf, 0x7d, 0xcc, 0xa9, 0x87, 0x89, 0xbc,
    0xee, 0x4a, 0x88, 0x7, 0xff, 0x46, 0x0, 0x3f,
    0xf8, 0xcd, 0x28, 0x20, 0x1f, 0xf0, 0xb5, 0x76,
    0x28, 0x7, 0xff, 0x38, 0x94, 0x3, 0xff, 0xb2,
    0x75, 0xaa, 0x1, 0xff, 0xcc, 0x80, 0xf, 0xfe,
    0xe1, 0x56, 0xa0, 0x7, 0xff, 0x24, 0x94, 0x3,
    0xff, 0xbc, 0x57, 0x20, 0x1f, 0xfc, 0x88, 0x0,
    0xff, 0xf0, 0xb6, 0x88, 0x7, 0xff, 0x14, 0x94,
    0x3, 0xff, 0xc4, 0x5e, 0x40, 0x1f, 0xfc, 0x48,
    0x0, 0xff, 0xf2, 0xe, 0x8, 0x7, 0xff, 0x8,
    0x94, 0x3, 0xff, 0xca, 0x38, 0x1, 0xff, 0xc2,
    0x80, 0xf, 0xff, 0x39, 0x58, 0x7, 0xff, 0x0,
    0xd4, 0x3, 0xff, 0xd0, 0x8c, 0x1, 0xff, 0x48,
    0x7, 0xff, 0xaa, 0x44, 0x3, 0xf8, 0xd4, 0x3,
    0xff, 0xd7, 0x0, 0x1f, 0xd2, 0x1, 0xff, 0xec,
    0x62, 0x0, 0xf8, 0x94, 0x3, 0xff, 0x94, 0x4d,
    0x59, 0xdf, 0xed, 0xca, 0x51, 0x0, 0xff, 0xe5,
    0xc0, 0x7, 0xd4, 0x1, 0xff, 0xc9, 0x6d, 0xd4,
    0xa9, 0x88, 0x0, 0x8d, 0x6b, 0xb1, 0x0, 0x3f,
    0xf9, 0x2a, 0x20, 0x1e, 0x60, 0xf, 0xfe, 0x3a,
    0x6c, 0x90, 0x7, 0xff, 0x0, 0xee, 0xc4, 0x1,
    0xff, 0xc8, 0x60, 0xe, 0x61, 0x0, 0xff, 0xe3,
    0x3d, 0x90, 0x7, 0xff, 0x11, 0x35, 0x0, 0x3f,
    0xf8, 0xf4, 0x1, 0xd4, 0x1, 0xff, 0xc6, 0xa8,
    0x0, 0xff, 0xe4, 0x5b, 0x0, 0x7f, 0xf1, 0x88,
    0x80, 0x10, 0x98, 0x7, 0xff, 0x16, 0x14, 0x3,
    0xff, 0x95, 0x28, 0x1, 0xff, 0xc6, 0x40, 0x9,
    0x0, 0x3f, 0xf8, 0xa8, 0xe0, 0x1f, 0xfc, 0xca,
    0x10, 0xf, 0xfe, 0x2e, 0x80, 0x5e, 0x1, 0xff,
    0xc5, 0xa0, 0xf, 0xfe, 0x68, 0xd0, 0x7, 0xff,
    0x15, 0x40, 0x24, 0x0, 0xff, 0xe2, 0x30, 0x80,
    0x7f, 0xf3, 0x90, 0xc0, 0x3f, 0xf8, 0x82, 0x20,
    0x21, 0x0, 0xff, 0xe2, 0x40, 0x7, 0xff, 0x42,
    0x40, 0x3f, 0xf8, 0xaa, 0xe, 0x1, 0xff, 0xc4,
    0x51, 0x0, 0xff, 0xe8, 0x28, 0x80, 0x7f, 0xf1,
    0xc, 0x8, 0x3, 0xff, 0x89, 0x80, 0x1f, 0xfd,
    0x24, 0x0, 0xff, 0xe2, 0x78, 0x68, 0x7, 0xff,
    0x11, 0x0, 0x3f, 0xfa, 0x58, 0x1, 0xff, 0xc4,
    0x20, 0x70, 0xf, 0xfe, 0x18, 0x90, 0x7, 0xff,
    0x49, 0x0, 0x3f, 0xf8, 0x8c, 0x6, 0x1, 0xff,
    0xc3, 0x40, 0xf, 0xfe, 0x99, 0x8, 0x7, 0xff,
    0x14, 0x40, 0x3f, 0xf8, 0x66, 0x1, 0xff, 0xd4,
    0x30, 0xf, 0xfe, 0x18, 0x80, 0x7f, 0xf1, 0x44,
    0x3, 0xff, 0xa8, 0x20, 0x1f, 0xfc, 0x33, 0x10,
    0xf, 0xfe, 0x27, 0x80, 0x7f, 0xf5, 0x1c, 0x3,
    0xff, 0x88, 0x60, 0x1f, 0xfc, 0x41, 0x0, 0xff,
    0xea, 0x10, 0x7, 0xff, 0xc, 0xc0, 0x3f, 0xfc,
    0xc6, 0x1, 0xff, 0xc4, 0x30, 0xf, 0xfe, 0x20,
    0x80, 0x7f, 0xf5, 0x4, 0x3, 0xff, 0x86, 0x22,
    0x0, 0xff, 0xe2, 0x78, 0x7, 0xff, 0x51, 0x80,
    0x3f, 0xf8, 0x6e, 0x1, 0xff, 0xc5, 0x10, 0xf,
    0xfe, 0xa1, 0x80, 0x7f, 0xf0, 0xc4, 0x4, 0x3,
    0xff, 0x86, 0x40, 0x1f, 0xfd, 0x41, 0x0, 0xff,
    0xe1, 0x90, 0x10, 0x7, 0xff, 0xd, 0x40, 0x3f,
    0xfa, 0x68, 0x1, 0xff, 0xc4, 0xe0, 0x50, 0xf,
    0xfe, 0x18, 0x90, 0x7, 0xff, 0x4b, 0x40, 0x3f,
    0xf8, 0x84, 0x1c, 0x1, 0xff, 0xc4, 0x40, 0xf,
    0xfe, 0x92, 0x0, 0x7f, 0xf1, 0x18, 0xc, 0x3,
    0xff, 0x89, 0xa0, 0x1f, 0xfd, 0x12, 0x20, 0x7,
    0xff, 0xc, 0x48, 0x10, 0x3, 0xff, 0x88, 0x84,
    0x1, 0xff, 0xd0, 0x80, 0xf, 0xfe, 0x22, 0x0,
    0x46, 0x1, 0xff, 0xc4, 0xb0, 0xf, 0xfe, 0x79,
    0xa8, 0x7, 0xff, 0x13, 0x40, 0x2b, 0x0, 0xff,
    0xe2, 0x31, 0x0, 0x7f, 0xf3, 0xa0, 0x3, 0xff,
    0x8a, 0x80, 0x12, 0x80, 0x7f, 0xf1, 0x78, 0x3,
    0xff, 0x9b, 0x8, 0x1, 0xff, 0xc4, 0x13, 0x0,
    0x88, 0xc0, 0x3f, 0xf8, 0x87, 0x0, 0x1f, 0xfc,
    0xb6, 0x70, 0xf, 0xfe, 0x2b, 0x0, 0x75, 0x0,
    0x7f, 0xf1, 0x5e, 0x0, 0x3f, 0xf9, 0x2d, 0x20,
    0x1f, 0xfc, 0x6b, 0x0, 0xe6, 0x10, 0xf, 0xfe,
    0x2b, 0xd0, 0x7, 0xff, 0x1e, 0xa4, 0x3, 0xff,
    0x8c, 0x46, 0x1, 0xe6, 0x0, 0xff, 0xe3, 0x2f,
    0x30, 0x7, 0xff, 0xd, 0xb5, 0x40, 0x3f, 0xf8,
    0xf6, 0x1, 0xf4, 0x80, 0x7f, 0xf1, 0xc6, 0x7a,
    0xc, 0x3, 0xf8, 0xdf, 0xa4, 0x80, 0x3f, 0xf8,
    0xe2, 0xc0, 0x1f, 0xc, 0x0, 0x7f, 0xf2, 0x5,
    0xf3, 0xf2, 0xa6, 0x21, 0x57, 0xd9, 0x2, 0x1,
    0xff, 0xc9, 0x80, 0xf, 0xe7, 0x20, 0xf, 0xfe,
    0x59, 0xab, 0x3b, 0x95, 0x4, 0x3, 0xff, 0x96,
    0x4c, 0x1, 0xfe, 0x90, 0xf, 0xff, 0x54, 0x80,
    0x7f, 0xc8, 0xe0, 0x1f, 0xfe, 0x85, 0x40, 0xf,
    0xfe, 0x4, 0x18, 0x7, 0xff, 0x98, 0xa8, 0x3,
    0xff, 0x85, 0xc2, 0x1, 0xff, 0xe5, 0xf0, 0xf,
    0xfe, 0x19, 0x68, 0x7, 0xff, 0x92, 0xc8, 0x3,
    0xff, 0x88, 0x76, 0x1, 0xff, 0xe2, 0xa4, 0x0,
    0xff, 0xe3, 0x26, 0x8, 0x7, 0xff, 0x7e, 0x94,
    0x3, 0xff, 0x90, 0x78, 0x20, 0x1f, 0xfd, 0xc1,
    0xc5, 0x0, 0xff, 0xe5, 0x17, 0xa0, 0x7, 0xff,
    0x68, 0xfc, 0xc0, 0x3f, 0xf9, 0x83, 0x70, 0x1,
    0xff, 0xd8, 0x8c, 0x10, 0xf, 0xfe, 0x7b, 0xea,
    0x0, 0x7f, 0xf5, 0x17, 0x5c, 0x3, 0xff, 0xa4,
    0x57, 0x63, 0x0, 0xff, 0xe8, 0x26, 0x51, 0x0,
    0x7f, 0xf5, 0x53, 0x2d, 0x0, 0x3f, 0xf9, 0x62,
    0xfb, 0x66, 0x1, 0xff, 0xd9, 0x4b, 0xe8, 0x30,
    0xf, 0xfe, 0x29, 0x3e, 0x74, 0x10, 0x7, 0xff,
    0x74, 0x5f, 0x3e, 0xe1, 0x4c, 0x44, 0x1, 0x9,
    0x23, 0x45, 0xfe, 0xc1, 0x80, 0x7f, 0xf2, 0x80,

    /* U+0037 "7" */
    0xbf, 0xff, 0xff, 0xa6, 0x80, 0x7f, 0xff, 0xc0,
    0x3f, 0xff, 0xe0, 0x1f, 0xff, 0xf0, 0xf, 0xff,
    0xf8, 0x7, 0xff, 0xfc, 0x3, 0xff, 0xfe, 0x1,
    0xff, 0xff, 0x0, 0xff, 0xff, 0x80, 0x7f, 0xff,
    0xc0, 0x3f, 0xff, 0xe0, 0x1f, 0xff, 0xf0, 0xf,
    0xff, 0xf8, 0x7, 0xff, 0xfc, 0x3, 0xff, 0xa6,
    0x31, 0x1f, 0xfd, 0x22, 0x0, 0xff, 0xeb, 0x13,
    0xbf, 0xff, 0x48, 0x80, 0x3f, 0xf8, 0xb4, 0x1,
    0xff, 0xe2, 0x60, 0xf, 0xfe, 0x33, 0x0, 0x7f,
    0xf8, 0xa8, 0x3, 0xff, 0x8a, 0xa2, 0x1, 0xff,
    0xe1, 0x23, 0x0, 0xff, 0xe2, 0xf0, 0x7, 0xff,
    0x8a, 0xc0, 0x3f, 0xf8, 0xa2, 0x80, 0x1f, 0xfe,
    0x27, 0x0, 0xff, 0xe2, 0xc8, 0x7, 0xff, 0x89,
    0x44, 0x3, 0xff, 0x8a, 0xc0, 0x1f, 0xfe, 0x29,
    0x0, 0xff, 0xe2, 0xa0, 0x80, 0x7f, 0xf8, 0x48,
    0xc0, 0x3f, 0xf8, 0xbe, 0x1, 0xff, 0xe2, 0xa0,
    0xf, 0xfe, 0x28, 0xa0, 0x7, 0xff, 0x89, 0x80,
    0x3f, 0xf8, 0xac, 0x1, 0xff, 0xe2, 0x51, 0x0,
    0xff, 0xe2, 0xd0, 0x7, 0xff, 0x8b, 0x80, 0x3f,
    0xf8, 0xa8, 0x40, 0x1f, 0xfe, 0x12, 0x40, 0xf,
    0xfe, 0x2f, 0x0, 0x7f, 0xf8, 0xa8, 0x3, 0xff,
    0x8a, 0x2a, 0x1, 0xff, 0xe2, 0x60, 0xf, 0xfe,
    0x2b, 0x0, 0x7a, 0xbb, 0xbf, 0xf8, 0x7a, 0x1,
    0xff, 0xcb, 0x51, 0x0, 0xff, 0xe2, 0xd0, 0x7,
    0x84, 0x7f, 0xf8, 0xa0, 0x1f, 0xfc, 0xbe, 0x0,
    0xff, 0xe2, 0xa1, 0x0, 0x7f, 0xf8, 0x49, 0x0,
    0x3f, 0xf8, 0xbc, 0x1, 0xff, 0xe2, 0xa0, 0xf,
    0xfe, 0x28, 0xa8, 0x7, 0xff, 0x89, 0x80, 0x3f,
    0xf8, 0xac, 0x1, 0xff, 0xe2, 0x51, 0x0, 0xff,
    0xe2, 0xd0, 0x7, 0xff, 0x8b, 0x80, 0x3f, 0xf8,
    0xa6, 0x40, 0x1f, 0xfe, 0x11, 0x40, 0xf, 0xfe,
    0x2c, 0x80, 0x7f, 0xf8, 0xa4, 0x3, 0xff, 0x8a,
    0x2a, 0x1, 0xff, 0xe2, 0x60, 0xf, 0xfe, 0x2b,
    0x80, 0x7f, 0xf8, 0x90, 0x40, 0x3f, 0xf8, 0xb6,
    0x1, 0xff, 0xe2, 0xf0, 0xf, 0xfe, 0x29, 0x90,
    0x7, 0xff, 0x84, 0x50, 0x3, 0xff, 0x8b, 0x40,
    0x1f, 0xfe, 0x26, 0x0, 0xff, 0xe3, 0x30, 0x7,
    0xff, 0x8a, 0x40, 0x3f, 0xf8, 0xac, 0x1, 0xff,
    0xe2, 0x41, 0x0, 0xff, 0xe2, 0xd0, 0x7, 0xff,
    0x8b, 0x80, 0x3f, 0xf8, 0xa6, 0x60, 0xf, 0xff,
    0x8, 0xa8, 0x7, 0xff, 0x16, 0x80, 0x3f, 0xfc,
    0x4c, 0x1, 0xff, 0xc6, 0x60, 0xf, 0xff, 0x15,
    0x0, 0x7f, 0xf1, 0x58, 0x3, 0xff, 0xc4, 0x84,
    0x1, 0xff, 0xc5, 0xa0, 0xf, 0xff, 0x17, 0x0,
    0x7f, 0xf1, 0x4c, 0xc0, 0x1f, 0xfe, 0x11, 0x50,
    0xf, 0xfe, 0x2d, 0x0, 0x7f, 0xf8, 0x98, 0x3,
    0xff, 0x8c, 0xc0, 0x1f, 0xfe, 0x2a, 0x0, 0xff,
    0xe2, 0xb0, 0x7, 0xff, 0x88, 0xc8, 0x3, 0xff,
    0x8b, 0x40, 0x1f, 0xfe, 0x29, 0x0, 0xff, 0xe2,
    0x91, 0x80, 0x7f, 0xf8, 0x45, 0x40, 0x3f, 0xf8,
    0xb6, 0x1, 0xff, 0xe2, 0x70, 0xf, 0xfe, 0x33,
    0x80, 0x7f, 0xf8, 0xac, 0x3, 0xff, 0x8a, 0xa2,
    0x1, 0xff, 0xe1, 0x32, 0x0, 0xff, 0xe2, 0xc8,
    0x7, 0xff, 0x8a, 0x80, 0x3f, 0xf8, 0xa4, 0x60,
    0x1f, 0xfe, 0x26, 0x0, 0xff, 0xe2, 0xd0, 0x7,
    0xff, 0x89, 0x80, 0x3f, 0xf8, 0xcc, 0x1, 0xff,
    0xe2, 0xa0, 0xf, 0xfe, 0x2a, 0x88, 0x7, 0xff,
    0x84, 0xcc, 0x1, 0xff, 0xc5, 0xe0, 0xf, 0xff,
    0x15, 0x0, 0x7f, 0xf1, 0x49, 0x0, 0x3f, 0xfc,
    0x4c, 0x1, 0xff, 0xc5, 0xa0, 0xf, 0xff, 0x13,
    0x0, 0x7f, 0xf1, 0x98, 0x3, 0xff, 0xc5, 0x40,
    0x1f, 0xfc, 0x55, 0x10, 0xf, 0xff, 0x9, 0x98,
    0x3, 0xff, 0x8b, 0xc0, 0x1f, 0xfe, 0x2a, 0x0,
    0xff, 0xe2, 0x92, 0x0, 0x7f, 0xf8, 0x98, 0x3,
    0xff, 0x8b, 0x40, 0x1f, 0xfe, 0x26, 0x0, 0xff,
    0xe3, 0x30, 0x7, 0xff, 0x8a, 0x80, 0x3f, 0xf8,
    0xa8, 0x20, 0x1f, 0xfe, 0x12, 0x30, 0xf, 0xfe,
    0x2f, 0x80, 0x7f, 0xf8, 0xac, 0x3, 0xff, 0x8a,
    0x28, 0x1, 0xff, 0xe2, 0x70, 0xf, 0xfe, 0x2b,
    0x0, 0x7f, 0xf8, 0x94, 0x40, 0x3f, 0xf8, 0xb2,
    0x1, 0xff, 0xe2, 0x90, 0xf, 0xfe, 0x2a, 0x8,
    0x7, 0xff, 0x84, 0x8c, 0x3, 0xff, 0x8b, 0xe0,
    0x1f, 0xfe, 0x2a, 0x0, 0xff, 0xe2, 0x8a, 0x0,
    0x7f, 0xf8, 0x98, 0x3, 0xff, 0x8a, 0xc0, 0x1f,
    0xfe, 0x25, 0x10, 0xf, 0xfe, 0x2d, 0x0, 0x7f,
    0xf8, 0xb8, 0x3, 0xff, 0x8a, 0x84, 0x1, 0xff,
    0xe1, 0x24, 0x0, 0xff, 0xe2, 0xf0, 0x7, 0xff,
    0x8a, 0x80, 0x3f, 0xf8, 0xa2, 0xa0, 0x1f, 0xfe,
    0x26, 0x0, 0xff, 0xe2, 0xb0, 0x7, 0xff, 0x89,
    0x44, 0x3, 0xff, 0x8b, 0x40, 0x1f, 0xfe, 0x2e,
    0x0, 0xff, 0xe2, 0xa1, 0x0, 0x7f, 0xf8, 0x49,
    0x0, 0x3f, 0xf8, 0xbc, 0x1, 0xff, 0xe2, 0xa0,
    0xf, 0xfe, 0x28, 0xa8, 0x7, 0xff, 0x89, 0x80,
    0x3f, 0xf8, 0xac, 0x1, 0xff, 0xe2, 0x41, 0x0,
    0xff, 0xe2, 0xd0, 0x7, 0xff, 0x8b, 0xc0, 0x3f,
    0xf8, 0xa6, 0x40, 0x1f, 0xfe, 0x11, 0x40, 0xf,
    0xfe, 0x2c, 0x80, 0x7f, 0xf8, 0x98, 0x3, 0xff,
    0x8a, 0x2a, 0x1, 0xff, 0xe2, 0x90, 0xf, 0xfe,
    0x2b, 0x80, 0x7f, 0xf8, 0x90, 0x40, 0x3f, 0xf8,
    0xb6, 0x1, 0xff, 0xe2, 0xe0, 0xf, 0xfe, 0x29,
    0x90, 0x7, 0xff, 0x84, 0x54, 0x3, 0xff, 0x8b,
    0x40, 0x1f, 0xfe, 0x26, 0x0, 0xff, 0xe3, 0x30,
    0x7, 0xff, 0x8a, 0x80, 0x3f, 0xf8, 0xac, 0x1,
    0xff, 0xe2, 0x42, 0x0, 0xff, 0xe2, 0xd0, 0x7,
    0xff, 0x8b, 0x80, 0x3f, 0xf8, 0xa6, 0x60, 0xf,
    0xff, 0x8, 0xa8, 0x7, 0xff, 0x16, 0x80, 0x3f,
    0xfc, 0x4c, 0x1, 0xff, 0xc6, 0x60, 0xf, 0xff,
    0x15, 0x0, 0x7f, 0xf1, 0x58, 0x3, 0xff, 0xc4,
    0x84, 0x1, 0xff, 0xc5, 0xa0, 0xf, 0xff, 0x17,
    0x0, 0x7f, 0xf1, 0x48, 0xc0, 0x3f, 0xfc, 0x22,
    0xa0, 0x1f, 0xfc, 0x5b, 0x0, 0xff, 0xf1, 0x30,
    0x7, 0xff, 0x19, 0xc0, 0x3f, 0xfb, 0x40,

    /* U+0038 "8" */
    0x0, 0xff, 0xe8, 0x13, 0x45, 0x6f, 0x73, 0xfd,
    0xdb, 0x94, 0xea, 0x20, 0x1f, 0xfe, 0x95, 0xae,
    0xd9, 0x75, 0x21, 0x10, 0x0, 0x48, 0xd6, 0x2b,
    0xb6, 0x50, 0x3, 0xff, 0xc6, 0x75, 0xf4, 0xa2,
    0x1, 0xff, 0xc4, 0x26, 0xbe, 0x82, 0x0, 0xff,
    0xef, 0x26, 0x61, 0x40, 0x3f, 0xf9, 0x62, 0xfb,
    0x44, 0x1, 0xff, 0xda, 0x2b, 0xb1, 0x80, 0x7f,
    0xf4, 0x17, 0x64, 0x40, 0x3f, 0xfa, 0xf1, 0xa8,
    0x1, 0xff, 0xd4, 0x6f, 0x50, 0xf, 0xfe, 0xa0,
    0xdb, 0x80, 0x7f, 0xf5, 0xc6, 0xa0, 0x3, 0xff,
    0xa4, 0x58, 0x80, 0x1f, 0xfd, 0xa7, 0xb0, 0xf,
    0xfe, 0x82, 0x69, 0x0, 0x7f, 0xf7, 0x13, 0x48,
    0x3, 0xff, 0x9a, 0xd6, 0x1, 0xff, 0xdf, 0x2c,
    0x30, 0xf, 0xfe, 0x5a, 0x48, 0x7, 0xff, 0x84,
    0x74, 0x80, 0x3f, 0xf9, 0x25, 0x60, 0x1f, 0xfe,
    0x31, 0xf0, 0xf, 0xfe, 0x40, 0xf8, 0x7, 0xff,
    0x94, 0xa8, 0x3, 0xff, 0x8f, 0x44, 0x1, 0xff,
    0xe6, 0x57, 0x0, 0xff, 0xe2, 0xc2, 0x0, 0x7f,
    0xfa, 0x21, 0x0, 0x3f, 0xf8, 0x64, 0xe0, 0x1f,
    0xfe, 0xa9, 0x0, 0xff, 0xe1, 0xf0, 0x7, 0xff,
    0x30, 0x91, 0x9d, 0xca, 0x82, 0x1, 0xff, 0xcb,
    0x28, 0x0, 0xff, 0xe0, 0xa9, 0x80, 0x7f, 0xf2,
    0x56, 0xbb, 0x6e, 0x62, 0x15, 0x7d, 0xb2, 0x60,
    0x1f, 0xfc, 0x97, 0x10, 0xf, 0xfe, 0x4, 0x80,
    0x7f, 0xf2, 0x1b, 0x69, 0x44, 0x3, 0xf1, 0x36,
    0x61, 0x0, 0x3f, 0xf9, 0x12, 0x1, 0xff, 0x21,
    0x80, 0x7f, 0xf1, 0x8b, 0x24, 0x80, 0x3f, 0xf8,
    0x47, 0x74, 0x1, 0xff, 0xc7, 0x71, 0x0, 0xff,
    0x78, 0x7, 0xff, 0x19, 0x74, 0xc0, 0x3f, 0xf8,
    0xcb, 0xa4, 0x1, 0xff, 0xc6, 0x60, 0xf, 0xe1,
    0x40, 0xf, 0xfe, 0x2a, 0x50, 0x7, 0xff, 0x24,
    0xb0, 0x80, 0x3f, 0xf8, 0xb4, 0x1, 0xfc, 0xe0,
    0x1f, 0xfc, 0x53, 0xb0, 0xf, 0xfe, 0x58, 0xf8,
    0x80, 0x7f, 0xf1, 0x8, 0x80, 0x1f, 0xa8, 0x3,
    0xff, 0x8b, 0xa0, 0x1f, 0xfc, 0xd2, 0xb0, 0xf,
    0xfe, 0x2d, 0x0, 0x7e, 0x30, 0xf, 0xfe, 0x23,
    0x88, 0x7, 0xff, 0x39, 0x4c, 0x3, 0xff, 0x88,
    0x80, 0x1f, 0x20, 0x7, 0xff, 0x10, 0x60, 0x3,
    0xff, 0xa1, 0xe0, 0x1f, 0xfc, 0x43, 0x0, 0xfb,
    0x0, 0x3f, 0xf8, 0x8c, 0x1, 0xff, 0xd1, 0x33,
    0x0, 0x7f, 0xf1, 0xc, 0x3, 0xc4, 0x1, 0xff,
    0xc4, 0xb0, 0xf, 0xfe, 0x95, 0x80, 0x7f, 0xf1,
    0x14, 0x3, 0xcc, 0x1, 0xff, 0xc3, 0x13, 0x0,
    0xff, 0xe9, 0x28, 0x7, 0xff, 0x13, 0x80, 0x3c,
    0x60, 0x1f, 0xfc, 0x35, 0x0, 0xff, 0xe9, 0x90,
    0x80, 0x7f, 0xf0, 0xcc, 0x3, 0xff, 0x94, 0x40,
    0x1f, 0xfd, 0x43, 0x0, 0xff, 0xe1, 0xb8, 0x7,
    0x8, 0x7, 0xff, 0x13, 0x80, 0x3f, 0xfa, 0x8c,
    0x1, 0xff, 0xc3, 0x10, 0xe, 0x30, 0xf, 0xfe,
    0x20, 0x80, 0x7f, 0xf5, 0x4, 0x3, 0xff, 0x86,
    0x60, 0x1f, 0xff, 0xf0, 0x1, 0x80, 0x7f, 0xf1,
    0x38, 0x3, 0xff, 0xa8, 0x20, 0x1f, 0xfc, 0x33,
    0x0, 0xe1, 0x0, 0xff, 0xe2, 0x8, 0x7, 0xff,
    0x51, 0x80, 0x3f, 0xf8, 0x62, 0x1, 0xff, 0xca,
    0x20, 0xf, 0xfe, 0xa1, 0x80, 0x7f, 0xf0, 0xdc,
    0x3, 0xc4, 0x1, 0xff, 0xc3, 0x50, 0xf, 0xfe,
    0x99, 0x8, 0x7, 0xff, 0xc, 0x80, 0x3c, 0xe0,
    0x1f, 0xfc, 0x31, 0x40, 0xf, 0xfe, 0x92, 0x80,
    0x7f, 0xf1, 0x3c, 0x3, 0xda, 0x1, 0xff, 0xc4,
    0xc0, 0xf, 0xfe, 0x95, 0x80, 0x7f, 0xf1, 0x14,
    0x3, 0xc6, 0x1, 0xff, 0xc4, 0x60, 0xf, 0xfe,
    0x89, 0x98, 0x3, 0xff, 0x88, 0x60, 0x1e, 0x41,
    0x0, 0xff, 0xe1, 0x8c, 0x0, 0x7f, 0xf4, 0x3c,
    0x3, 0xff, 0x88, 0x80, 0x1f, 0x90, 0x3, 0xff,
    0x88, 0xe4, 0x1, 0xff, 0xce, 0x53, 0x0, 0xff,
    0xe2, 0x68, 0x7, 0xee, 0x0, 0xff, 0xe2, 0xf0,
    0x7, 0xff, 0x34, 0xac, 0x3, 0xff, 0x8a, 0xe0,
    0x1f, 0x90, 0x80, 0x3f, 0xf8, 0x87, 0x60, 0x1f,
    0xfc, 0xb1, 0xc1, 0x0, 0xff, 0xe2, 0x30, 0x80,
    0x7f, 0x58, 0x7, 0xff, 0x15, 0x2c, 0x40, 0x3f,
    0xf9, 0x5, 0x82, 0x1, 0xff, 0xc5, 0xb0, 0xf,
    0xf3, 0x10, 0x7, 0xff, 0x15, 0x3c, 0xc0, 0x3f,
    0xf8, 0xcd, 0xa4, 0x1, 0xff, 0xc5, 0x52, 0x0,
    0xff, 0xa4, 0x3, 0xff, 0x8c, 0x39, 0x46, 0x1,
    0xff, 0xc2, 0x4c, 0x90, 0xf, 0xfe, 0x3d, 0x80,
    0x7f, 0xf0, 0x11, 0x0, 0x1f, 0xfc, 0x75, 0xcb,
    0x62, 0x0, 0xfc, 0x6f, 0xb6, 0x60, 0x1f, 0xfc,
    0x79, 0x10, 0xf, 0xfe, 0xd, 0x8, 0x7, 0xff,
    0x21, 0x27, 0x7b, 0x2a, 0x65, 0x79, 0xf9, 0x4,
    0x1, 0xff, 0xc8, 0x36, 0x0, 0xff, 0xe1, 0xd,
    0x0, 0x7f, 0xf2, 0xc4, 0xd5, 0x98, 0x86, 0x1,
    0xff, 0xcb, 0x1d, 0x0, 0xff, 0xe2, 0x23, 0x80,
    0x7f, 0xfa, 0x28, 0x40, 0x3f, 0xf8, 0xb0, 0xc0,
    0x1f, 0xfe, 0x6a, 0x40, 0xf, 0xfe, 0x3c, 0xa8,
    0x7, 0xff, 0x92, 0x54, 0x3, 0xff, 0x93, 0x4a,
    0x1, 0xff, 0xe2, 0x96, 0x0, 0xff, 0xe5, 0xd2,
    0x80, 0x7f, 0xf8, 0x21, 0x80, 0x3f, 0xf9, 0xb4,
    0x20, 0x1f, 0xfd, 0xe4, 0x70, 0xf, 0xfe, 0x68,
    0xe0, 0x80, 0x7f, 0xf7, 0x92, 0x40, 0x3f, 0xf9,
    0x89, 0xe6, 0x1, 0xff, 0xe0, 0x6d, 0x20, 0xf,
    0xfe, 0x4b, 0x58, 0x80, 0x7f, 0xf8, 0x8b, 0xc,
    0x3, 0xff, 0x8e, 0xd2, 0x1, 0xff, 0xe5, 0x1c,
    0x30, 0xf, 0xfe, 0x2b, 0x48, 0x7, 0xff, 0xa3,
    0xc, 0x3, 0xff, 0x86, 0x92, 0x1, 0xff, 0xea,
    0xd1, 0x0, 0xff, 0xe0, 0x95, 0x0, 0x7f, 0xfa,
    0xc7, 0x40, 0x3f, 0xf8, 0x3e, 0x20, 0x1f, 0xfc,
    0xa2, 0x6a, 0xcd, 0xfe, 0xdb, 0x95, 0x10, 0xf,
    0xfe, 0x51, 0xc8, 0x7, 0xfc, 0xe4, 0x1, 0xff,
    0xc9, 0x7d, 0xd4, 0xa9, 0x90, 0x9, 0x23, 0x57,
    0x62, 0x80, 0x7f, 0xf2, 0x58, 0xc0, 0x3f, 0x86,
    0x0, 0x3f, 0xf9, 0xd, 0xd0, 0x40, 0x1f, 0xfc,
    0x3, 0xad, 0x40, 0xf, 0xfe, 0x47, 0x80, 0x7f,
    0x58, 0x7, 0xff, 0x1c, 0xb6, 0x44, 0x3, 0xff,
    0x88, 0x57, 0x60, 0xf, 0xfe, 0x39, 0xb0, 0x7,
    0xc4, 0xa0, 0x1f, 0xfc, 0x65, 0xd2, 0x0, 0xff,
    0xe4, 0x26, 0x90, 0x7, 0xff, 0x1a, 0x0, 0x3e,
    0xb0, 0xf, 0xfe, 0x33, 0x50, 0x7, 0xff, 0x2c,
    0xb4, 0xc0, 0x3f, 0xf8, 0xa2, 0xa0, 0x1c, 0x2c,
    0x1, 0xff, 0xc5, 0x49, 0x0, 0xff, 0xe7, 0x69,
    0x0, 0x7f, 0xf1, 0x64, 0x3, 0x9c, 0x3, 0xff,
    0x8a, 0x76, 0x1, 0xff, 0xcf, 0x1f, 0x10, 0xf,
    0xfe, 0x21, 0x90, 0x6, 0xd0, 0xf, 0xfe, 0x2f,
    0x0, 0x7f, 0xf4, 0x4a, 0x0, 0x3f, 0xf8, 0xaa,
    0x1, 0xa, 0x0, 0x7f, 0xf1, 0x18, 0x80, 0x3f,
    0xfa, 0x4c, 0x40, 0x1f, 0xfc, 0x4b, 0x0, 0x90,
    0x3, 0xff, 0x8b, 0x0, 0x1f, 0xfd, 0x49, 0x0,
    0xff, 0xe2, 0x18, 0x80, 0x34, 0x3, 0xff, 0x88,
    0xc2, 0x1, 0xff, 0xd4, 0x42, 0x0, 0xff, 0xe2,
    0x28, 0x0, 0xc0, 0x3f, 0xf8, 0x9a, 0x1, 0xff,
    0xd6, 0x50, 0xf, 0xfe, 0x21, 0x80, 0x14, 0x3,
    0xff, 0x86, 0x28, 0x1, 0xff, 0xd6, 0xb0, 0xf,
    0xfe, 0x26, 0x80, 0x4, 0x3, 0xff, 0x86, 0x80,
    0x1f, 0xfd, 0x73, 0x10, 0xf, 0xfe, 0x1b, 0x0,
    0x80, 0x7f, 0xf1, 0x8, 0x3, 0xff, 0xb0, 0x40,
    0x1f, 0xfc, 0x31, 0x3, 0x0, 0xff, 0xe2, 0x70,
    0x7, 0xff, 0x61, 0x80, 0x3f, 0xf8, 0x66, 0x2,
    0x1, 0xff, 0xc4, 0x30, 0xf, 0xfe, 0xc1, 0x80,
    0x7f, 0xf0, 0xc4, 0x1c, 0x3, 0xff, 0x88, 0x20,
    0x1f, 0xfd, 0x81, 0x0, 0xff, 0xe2, 0xb8, 0x7,
    0xff, 0x10, 0x80, 0x3f, 0xfb, 0x2, 0x1, 0xff,
    0xc5, 0x10, 0xf, 0xfe, 0x20, 0x80, 0x7f, 0xf6,
    0x8, 0x3, 0xff, 0x86, 0x20, 0x1f, 0xfc, 0x6e,
    0x0, 0xff, 0xec, 0x30, 0x7, 0xff, 0xc, 0xc0,
    0x80, 0x3f, 0xf8, 0x8a, 0x1, 0xff, 0xd8, 0x20,
    0xf, 0xfe, 0x18, 0x80, 0x4, 0x3, 0xff, 0x86,
    0x62, 0x1, 0xff, 0xd6, 0x50, 0xf, 0xfe, 0x23,
    0x0, 0x14, 0x3, 0xff, 0x88, 0xe0, 0x1f, 0xfd,
    0x6f, 0x0, 0xff, 0xe2, 0x68, 0x0, 0x80, 0x3f,
    0xf8, 0x94, 0x1, 0xff, 0xd5, 0x15, 0x0, 0xff,
    0xe2, 0x10, 0x3, 0x0, 0x3f, 0xf8, 0x86, 0xa0,
    0x1f, 0xfd, 0x49, 0x0, 0xff, 0xe2, 0xa0, 0x1,
    0x0, 0x3f, 0xf8, 0xb0, 0x1, 0xff, 0xd3, 0x27,
    0x0, 0xff, 0xe2, 0x10, 0x80, 0x4, 0x80, 0x3f,
    0xf8, 0x84, 0xe0, 0x1f, 0xfd, 0x29, 0x0, 0xff,
    0xe2, 0xa0, 0x6, 0x50, 0xf, 0xfe, 0x2c, 0x20,
    0x7, 0xff, 0x42, 0x10, 0x3, 0xff, 0x8b, 0xa0,
    0x1a, 0xc0, 0x3f, 0xf8, 0xd6, 0x60, 0x1f, 0xfc,
    0xe6, 0x70, 0xf, 0xfe, 0x28, 0xa0, 0x6, 0x32,
    0x0, 0xff, 0xe3, 0x69, 0x80, 0x7f, 0xf3, 0x16,
    0x40, 0x3f, 0xf8, 0xcc, 0x1, 0xeb, 0x0, 0xff,
    0xe3, 0xe, 0x30, 0x7, 0xff, 0x2a, 0x68, 0x3,
    0xff, 0x8f, 0x40, 0x1e, 0x61, 0x0, 0xff, 0xe3,
    0xcd, 0x8, 0x7, 0xff, 0x18, 0xf1, 0x80, 0x3f,
    0xf8, 0xea, 0x40, 0x1f, 0x48, 0x7, 0xff, 0x21,
    0x7a, 0x4, 0x3, 0xff, 0x84, 0x55, 0x86, 0x1,
    0xff, 0xc8, 0x90, 0xf, 0xce, 0x20, 0x1f, 0xfc,
    0x97, 0xea, 0x51, 0x0, 0xfc, 0x4f, 0x7a, 0xa0,
    0x1f, 0xfc, 0x95, 0x30, 0xf, 0xeb, 0x0, 0xff,
    0xe5, 0xad, 0x76, 0xdd, 0x44, 0x2b, 0x37, 0x50,
    0x80, 0x1f, 0xfc, 0xbb, 0x0, 0xff, 0x2a, 0x0,
    0x7f, 0xf3, 0x49, 0x15, 0xdc, 0xa6, 0x40, 0x1f,
    0xfc, 0xd8, 0x10, 0xf, 0xfa, 0x84, 0x3, 0xff,
    0xd8, 0x6e, 0x1, 0xff, 0xc0, 0x1d, 0x0, 0xff,
    0xf5, 0x96, 0x80, 0x7f, 0xf0, 0x8e, 0x80, 0x3f,
    0xfd, 0x23, 0xe2, 0x1, 0xff, 0xc3, 0x58, 0x0,
    0xff, 0xf4, 0x69, 0x0, 0x7f, 0xf1, 0x5d, 0x80,
    0x3f, 0xfc, 0xd4, 0x60, 0x1f, 0xfc, 0x79, 0x50,
    0xf, 0xff, 0x24, 0xa8, 0x7, 0xff, 0x26, 0x9c,
    0x3, 0xff, 0xc5, 0x4c, 0x1, 0xff, 0xcb, 0x89,
    0x0, 0xff, 0xef, 0x8e, 0x28, 0x7, 0xff, 0x35,
    0xb4, 0xc0, 0x3f, 0xfb, 0x8b, 0xe6, 0x1, 0xff,
    0xcf, 0x2c, 0x70, 0xf, 0xfe, 0xc8, 0xd5, 0x4,
    0x3, 0xff, 0xa5, 0x1c, 0xa0, 0x1f, 0xfd, 0x67,
    0xe5, 0x0, 0xff, 0xea, 0x8d, 0x62, 0x80, 0x7f,
    0xf4, 0x45, 0xfa, 0x0, 0x3f, 0xfb, 0x27, 0x5c,
    0xe4, 0x1, 0xff, 0xcc, 0x39, 0xe8, 0x10, 0xf,
    0xfe, 0xe0, 0xc6, 0xe3, 0x98, 0x7, 0xff, 0x19,
    0x23, 0xb1, 0x80, 0x3f, 0xfc, 0x47, 0x19, 0xf7,
    0xc, 0x84, 0x20, 0x10, 0x88, 0x95, 0xe7, 0x3e,
    0xdc, 0x40, 0x3f, 0xf9, 0x80,

    /* U+0039 "9" */
    0x0, 0xff, 0xe7, 0xa, 0x3c, 0xde, 0xf7, 0xfd,
    0xdb, 0x72, 0xc6, 0x1, 0xff, 0xe4, 0x49, 0xee,
    0x5c, 0x32, 0x10, 0x80, 0x42, 0x48, 0xd3, 0x9d,
    0x4a, 0x1, 0xff, 0xde, 0x39, 0xfb, 0x61, 0x0,
    0xff, 0xe2, 0xa, 0xd7, 0xc9, 0x0, 0x7f, 0xf6,
    0x53, 0x30, 0xc0, 0x1f, 0xfc, 0xc6, 0xda, 0x20,
    0xf, 0xfe, 0xa9, 0xe5, 0x98, 0x7, 0xff, 0x41,
    0x76, 0x0, 0x3f, 0xfa, 0x73, 0x86, 0x1, 0xff,
    0xd4, 0x7e, 0x40, 0xf, 0xfe, 0x79, 0xeb, 0x0,
    0x7f, 0xf5, 0xc6, 0xe0, 0x3, 0xff, 0x9a, 0xb8,
    0x40, 0x1f, 0xfd, 0xa7, 0xb0, 0xf, 0xfe, 0x5b,
    0xd0, 0x7, 0xff, 0x75, 0x30, 0x40, 0x3f, 0xf9,
    0xf, 0x0, 0x1f, 0xfd, 0xf3, 0xc1, 0x0, 0xff,
    0xe3, 0x3c, 0x0, 0x7f, 0xf8, 0x4b, 0x40, 0x3f,
    0xf8, 0xa9, 0x0, 0x1f, 0xfe, 0x33, 0x90, 0xf,
    0xfe, 0x19, 0x50, 0x7, 0xff, 0x95, 0x98, 0x1,
    0xff, 0xc2, 0xe1, 0x0, 0xff, 0xf3, 0x49, 0x80,
    0x7f, 0xf0, 0x1c, 0xc0, 0x3f, 0xfd, 0x1a, 0x20,
    0x1f, 0xe1, 0x80, 0xf, 0xff, 0x48, 0xc0, 0x7,
    0xfa, 0xc0, 0x3f, 0xf9, 0x82, 0x8c, 0xee, 0x54,
    0x20, 0xf, 0xfe, 0x5b, 0x18, 0x7, 0xe2, 0x50,
    0xf, 0xfe, 0x49, 0xce, 0xf5, 0xcc, 0x42, 0xaf,
    0x7a, 0x98, 0x3, 0xff, 0x93, 0xe0, 0x1f, 0xac,
    0x3, 0xff, 0x90, 0x77, 0x8c, 0x40, 0x1f, 0x85,
    0x67, 0x98, 0x3, 0xff, 0x8e, 0x68, 0x1, 0xe1,
    0x60, 0xf, 0xfe, 0x3c, 0x62, 0x0, 0x7f, 0xf0,
    0x86, 0x74, 0x80, 0x3f, 0xf8, 0xde, 0x1, 0xe7,
    0x0, 0xff, 0xe3, 0xd, 0xb8, 0x7, 0xff, 0x18,
    0xb0, 0xc0, 0x3f, 0xf8, 0xa8, 0x40, 0x1d, 0x40,
    0x1f, 0xfc, 0x6d, 0x40, 0xf, 0xfe, 0x40, 0xe1,
    0x80, 0x7f, 0xf1, 0x68, 0x3, 0x9, 0x80, 0x7f,
    0xf1, 0x68, 0xc0, 0x3f, 0xf9, 0x7c, 0x1, 0xff,
    0xc5, 0x60, 0xc, 0xe0, 0x1f, 0xfc, 0x57, 0x50,
    0xf, 0xfe, 0x61, 0x48, 0x7, 0xff, 0x10, 0x4c,
    0x2, 0xc0, 0xf, 0xfe, 0x2c, 0x80, 0x7f, 0xf3,
    0x98, 0x80, 0x3f, 0xf8, 0x96, 0x1, 0x20, 0x7,
    0xff, 0x12, 0x4, 0x3, 0xff, 0x9f, 0x60, 0x1f,
    0xfc, 0x43, 0x0, 0x10, 0x80, 0x7f, 0xf0, 0xc5,
    0xc0, 0x3f, 0xfa, 0xc, 0x1, 0xff, 0xc4, 0x40,
    0x3, 0x80, 0x7f, 0xf1, 0x10, 0x3, 0xff, 0xa4,
    0xa0, 0x1f, 0xfc, 0x43, 0xd, 0x0, 0xff, 0xe2,
    0x78, 0x7, 0xff, 0x4b, 0x40, 0x3f, 0xf8, 0x8c,
    0x4, 0x1, 0xff, 0xc4, 0x40, 0xf, 0xfe, 0x92,
    0x0, 0x7f, 0xf1, 0x34, 0x18, 0x3, 0xff, 0x86,
    0x42, 0x1, 0xff, 0xd2, 0x30, 0xf, 0xfe, 0x21,
    0x1, 0x0, 0x7f, 0xf0, 0xdc, 0x3, 0xff, 0xa8,
    0x40, 0x1f, 0xfc, 0x36, 0x1, 0x0, 0xff, 0xe1,
    0x98, 0x7, 0xff, 0x50, 0x40, 0x3f, 0xfa, 0xa2,
    0x1, 0xff, 0xd4, 0x70, 0xf, 0xfe, 0x18, 0x88,
    0x3, 0xff, 0x89, 0xc0, 0x1f, 0xfd, 0x41, 0x0,
    0xff, 0xe1, 0x98, 0x7, 0xff, 0x98, 0xc0, 0x3f,
    0xf8, 0x86, 0x1, 0xff, 0xe5, 0x30, 0xf, 0xfe,
    0x19, 0x80, 0x7f, 0xf1, 0x78, 0x3, 0xff, 0xa8,
    0x20, 0x1f, 0xfc, 0x31, 0x30, 0xf, 0xfe, 0x20,
    0x80, 0x7f, 0xf5, 0x18, 0x3, 0xff, 0x86, 0xe0,
    0x1f, 0xfc, 0x53, 0x0, 0xff, 0xea, 0x18, 0x7,
    0xff, 0xc, 0x44, 0x1, 0xff, 0xc4, 0x70, 0xf,
    0xfe, 0x98, 0x88, 0x3, 0xff, 0x86, 0x60, 0x1f,
    0xfc, 0x52, 0x10, 0xf, 0xfe, 0x92, 0x80, 0x7f,
    0xf1, 0x3c, 0x8, 0x3, 0xff, 0x88, 0xa0, 0x1f,
    0xfd, 0x2c, 0x0, 0xff, 0xe2, 0x28, 0x30, 0x7,
    0xff, 0x13, 0x40, 0x3f, 0xfa, 0x48, 0x1, 0xff,
    0xc4, 0x20, 0x20, 0xf, 0xfe, 0x23, 0x80, 0x7f,
    0xf4, 0x48, 0xc0, 0x3f, 0xf8, 0x62, 0x20, 0xf0,
    0xf, 0xfe, 0x20, 0xb0, 0x7, 0xff, 0x42, 0x0,
    0x3f, 0xf8, 0x8a, 0x0, 0x50, 0xf, 0xfe, 0x2d,
    0x80, 0x7f, 0xf3, 0xc9, 0x40, 0x3f, 0xf8, 0x9a,
    0x0, 0x30, 0xf, 0xfe, 0x29, 0x38, 0x7, 0xff,
    0x3a, 0x0, 0x3f, 0xf8, 0xae, 0x1, 0x18, 0x7,
    0xff, 0x16, 0xc, 0x3, 0xff, 0x98, 0xea, 0x1,
    0xff, 0xc4, 0x21, 0x0, 0xac, 0x3, 0xff, 0x8d,
    0xa2, 0x1, 0xff, 0xca, 0x38, 0x0, 0xff, 0xe2,
    0xa8, 0x6, 0x50, 0xf, 0xfe, 0x30, 0xe1, 0x0,
    0x7f, 0xf2, 0x17, 0x0, 0x3f, 0xf8, 0xd4, 0x1,
    0x88, 0x80, 0x1f, 0xfc, 0x62, 0xd4, 0x0, 0xff,
    0xe3, 0x3d, 0x0, 0x7f, 0xf1, 0x90, 0x80, 0x3a,
    0x80, 0x3f, 0xf9, 0x17, 0x63, 0x0, 0xff, 0xe1,
    0x2e, 0xc0, 0x7, 0xff, 0x1f, 0xc0, 0x3c, 0xc0,
    0x1f, 0xfc, 0x94, 0xcb, 0x62, 0x0, 0xfc, 0x6f,
    0xb4, 0x40, 0x1f, 0xfc, 0x72, 0x40, 0xf, 0xb,
    0x0, 0x7f, 0xf2, 0x92, 0x77, 0xb2, 0xa6, 0x57,
    0x9d, 0x90, 0x40, 0x1f, 0xfc, 0x9b, 0x0, 0xfd,
    0x0, 0x1f, 0xfc, 0xd1, 0x35, 0x66, 0x21, 0x88,
    0x7, 0xff, 0x2c, 0x58, 0x3, 0xf0, 0xb8, 0x7,
    0xff, 0xae, 0x0, 0x3f, 0xd0, 0x40, 0x1f, 0xfe,
    0x91, 0x60, 0xf, 0xfb, 0x80, 0x3f, 0xfd, 0x30,
    0x1, 0xff, 0xc0, 0x38, 0x0, 0xff, 0xf3, 0x8b,
    0x0, 0x7f, 0xf0, 0x5d, 0x80, 0x3f, 0xfc, 0xd0,
    0x1, 0xff, 0xc3, 0x95, 0x0, 0xff, 0xf2, 0xb,
    0x0, 0x7f, 0xf1, 0x29, 0x80, 0x3f, 0xfc, 0x70,
    0x1, 0xff, 0xc6, 0x98, 0x0, 0xff, 0xf0, 0x8b,
    0x0, 0x7f, 0xf1, 0xdf, 0x8, 0x3, 0xff, 0xbf,
    0x0, 0x1f, 0xfc, 0x93, 0xd9, 0x10, 0xf, 0xfe,
    0xe0, 0xb0, 0x7, 0xff, 0x2d, 0xba, 0x44, 0x3,
    0xff, 0xb5, 0x0, 0x1f, 0xfc, 0xe6, 0xeb, 0x62,
    0x0, 0xff, 0xe1, 0xa1, 0x0, 0x7f, 0xf1, 0x45,
    0x80, 0x3f, 0xfa, 0x9, 0x3b, 0xa9, 0x65, 0x32,
    0x10, 0x12, 0x45, 0x7b, 0xea, 0x20, 0xf, 0xfe,
    0x2c, 0x0, 0x7f, 0xf5, 0x9, 0xa6, 0xb3, 0x7b,
    0xfb, 0x6e, 0xa1, 0x6, 0x40, 0x3f, 0xf8, 0xa2,
    0xc0, 0x1f, 0xfe, 0x21, 0x70, 0xf, 0xfe, 0x2c,
    0x0, 0x7f, 0xf8, 0xe4, 0x3, 0xff, 0x8a, 0x2c,
    0x1, 0xff, 0xe2, 0x17, 0x0, 0xff, 0xe2, 0xc0,
    0x7, 0xff, 0x8e, 0x40, 0x3f, 0xf8, 0xa2, 0xc0,
    0x1f, 0xfe, 0x21, 0x70, 0xf, 0xfe, 0x2c, 0x0,
    0x7f, 0xf8, 0xe4, 0x3, 0xff, 0x8a, 0x2c, 0x1,
    0xff, 0xe2, 0x17, 0x0, 0xff, 0xe2, 0xc0, 0x7,
    0xff, 0x8e, 0x40, 0x3f, 0xf8, 0xa2, 0xc0, 0x1f,
    0xfe, 0x21, 0x70, 0xf, 0xfe, 0x2c, 0x0, 0x7f,
    0xf8, 0xe4, 0x3, 0xff, 0x8a, 0x2c, 0x1, 0xff,
    0xe2, 0x17, 0x0, 0xff, 0xe2, 0xc0, 0x7, 0xff,
    0x8e, 0x40, 0x3f, 0xf8, 0xa2, 0xc0, 0x1f, 0xfe,
    0x21, 0x70, 0xf, 0xfe, 0x2c, 0x0, 0x7f, 0xf8,
    0xe0, 0x3, 0xff, 0x8a, 0x2c, 0x1, 0xff, 0xe2,
    0x16, 0x0, 0xff, 0xe2, 0xc0, 0x7, 0xff, 0x8e,
    0x0, 0x3f, 0xf8, 0xa2, 0xc0, 0x1f, 0xfe, 0x21,
    0x60, 0xf, 0xfe, 0x2c, 0x0, 0x7f, 0xf8, 0xe0,
    0x3, 0xff, 0x8a, 0x4c, 0x1, 0xff, 0xe2, 0x16,
    0x0, 0xff, 0xe2, 0xd8, 0x7, 0xff, 0x8e, 0x0,
    0x3f, 0xf8, 0xa4, 0xc0, 0x1f, 0xfe, 0x21, 0x60,
    0xf, 0xfe, 0x2d, 0x80, 0x7f, 0xf8, 0xe0, 0x3,
    0xff, 0x8a, 0x4c, 0x1, 0xff, 0xe2, 0x16, 0x0,
    0xff, 0xe2, 0xd8, 0x7, 0xff, 0x8e, 0x0, 0x3f,
    0xf8, 0xa4, 0xc0, 0x1f, 0xfe, 0x21, 0x60, 0xf,
    0xfe, 0x2d, 0x80, 0x7f, 0xf8, 0xe0, 0x3, 0xff,
    0x8a, 0x4c, 0x1, 0xff, 0xe2, 0x16, 0x0, 0xff,
    0xe2, 0xd8, 0x7, 0xff, 0x8e, 0x0, 0x3f, 0xf8,
    0xa4, 0xc0, 0x1f, 0xfe, 0x21, 0x60, 0xf, 0xfe,
    0x2d, 0x80, 0x7f, 0xf8, 0xe0, 0x3, 0xff, 0x8a,
    0x4c, 0x1, 0xff, 0xe2, 0x16, 0x0, 0xff, 0xe2,
    0xd8, 0x7, 0xff, 0x8e, 0x0, 0x3f, 0xf8, 0xa4,
    0xc0, 0x1f, 0xfe, 0x21, 0x60, 0xf, 0xfe, 0x2c,
    0x0, 0x7f, 0xf8, 0xe0, 0x3, 0xff, 0x8a, 0x4a,
    0x1, 0xff, 0xe2, 0x16, 0x0, 0xff, 0xe2, 0xc0,
    0x7, 0xff, 0x8e, 0x0, 0x3f, 0xf8, 0xa4, 0xa0,
    0x1f, 0xfe, 0x21, 0x60, 0xf, 0xfe, 0x2c, 0x0,
    0x7f, 0xf8, 0xe0, 0x3, 0xff, 0x8a, 0x4a, 0x1,
    0xff, 0xe2, 0x16, 0x0, 0xff, 0xe2, 0xc0, 0x7,
    0xff, 0x8e, 0x0, 0x3f, 0xf8, 0xa4, 0xa0, 0x1f,
    0xfe, 0x21, 0x60, 0xf, 0xfe, 0x2c, 0x0, 0x7f,
    0xf8, 0xe0, 0x3, 0xff, 0x8a, 0x4a, 0x1, 0xff,
    0xe2, 0x26, 0x0, 0xff, 0xe2, 0xc0, 0x7, 0xff,
    0x8e, 0xc0, 0x3f, 0xf8, 0xa4, 0xa0, 0x1f, 0xfe,
    0x22, 0x60, 0xf, 0xfe, 0x2c, 0x0, 0x7f, 0xf8,
    0xec, 0x3, 0xff, 0x8a, 0x4a, 0x1, 0xff, 0xd6,

    /* U+003F "?" */
    0x0, 0xff, 0xe6, 0x13, 0x4d, 0xef, 0x7f, 0xdd,
    0xb5, 0xc, 0x40, 0x1f, 0xfe, 0x14, 0xae, 0xd9,
    0x64, 0x21, 0x0, 0x84, 0x95, 0xe7, 0x7a, 0x90,
    0x3, 0xff, 0xb6, 0x31, 0xd6, 0xa2, 0x1, 0xff,
    0xc3, 0x15, 0xbf, 0x81, 0x0, 0xff, 0xeb, 0xbf,
    0xb8, 0x80, 0x7f, 0xf2, 0x9f, 0xa0, 0x40, 0x3f,
    0xfa, 0x6b, 0xd0, 0x20, 0x1f, 0xfc, 0xe7, 0xe8,
    0x10, 0xf, 0xfe, 0x78, 0xe5, 0x8, 0x7, 0xff,
    0x49, 0xfc, 0xc0, 0x3f, 0xf9, 0xa7, 0xe6, 0x1,
    0xff, 0xd5, 0x1c, 0x70, 0xf, 0xfe, 0x5b, 0x60,
    0x80, 0x7f, 0xf6, 0x22, 0xc4, 0x3, 0xff, 0x91,
    0x32, 0x0, 0xff, 0xed, 0xa6, 0x10, 0x7, 0xff,
    0x1a, 0x58, 0x3, 0xff, 0xba, 0x5e, 0x20, 0x1f,
    0xfc, 0x46, 0x60, 0x7, 0xff, 0x7c, 0xb4, 0x3,
    0xff, 0x86, 0x92, 0x1, 0xff, 0xe1, 0x3a, 0x0,
    0xff, 0xe0, 0x95, 0x80, 0x7f, 0xf8, 0xd6, 0x0,
    0x3f, 0xf8, 0x1e, 0x1, 0xff, 0xe5, 0x74, 0x0,
    0xff, 0x41, 0x0, 0x7f, 0xf9, 0xa8, 0x3, 0xf8,
    0x9c, 0x3, 0xff, 0xce, 0x32, 0x1, 0xfa, 0x40,
    0x3f, 0xf9, 0x62, 0x8c, 0xee, 0x53, 0x0, 0xff,
    0xe5, 0xb0, 0x80, 0x78, 0xd0, 0x3, 0xff, 0x90,
    0x53, 0xbd, 0x73, 0x10, 0xac, 0xea, 0x30, 0xf,
    0xfe, 0x4c, 0x0, 0x7a, 0x0, 0x3f, 0xf8, 0xe5,
    0x5a, 0xc4, 0x1, 0xf0, 0xae, 0x59, 0x0, 0x7f,
    0xf1, 0xd8, 0x40, 0x30, 0xa0, 0x7, 0xff, 0x19,
    0x31, 0x40, 0x3f, 0xf8, 0x29, 0xac, 0x1, 0xff,
    0xc7, 0x60, 0xc, 0xc0, 0x1f, 0xfc, 0x65, 0xb1,
    0x0, 0xff, 0xe2, 0x4c, 0x80, 0x3f, 0xf8, 0xd4,
    0x1, 0xa8, 0x3, 0xff, 0x8a, 0x74, 0x1, 0xff,
    0xc7, 0x67, 0x0, 0xff, 0xe2, 0x91, 0x0, 0x2,
    0x40, 0x1f, 0xfc, 0x5e, 0x0, 0xff, 0xe4, 0xc2,
    0x80, 0x7f, 0xf1, 0x50, 0x0, 0xe0, 0x1f, 0xfc,
    0x58, 0x20, 0xf, 0xfe, 0x55, 0x80, 0x7f, 0xf1,
    0x70, 0x1, 0x80, 0x1f, 0xfc, 0x56, 0x0, 0xff,
    0xe5, 0x8c, 0x0, 0x7f, 0xf1, 0x10, 0x0, 0xc0,
    0x1f, 0xfc, 0x46, 0x10, 0xf, 0xfe, 0x63, 0x80,
    0x7f, 0xf1, 0x4, 0x40, 0x60, 0x1f, 0xfc, 0x4d,
    0x0, 0xff, 0xe7, 0x28, 0x7, 0xff, 0x10, 0x84,
    0x3, 0xff, 0x8a, 0x80, 0x1f, 0xfc, 0xef, 0x0,
    0xff, 0xe2, 0x29, 0x80, 0x7f, 0xf1, 0xc, 0x3,
    0xff, 0x9e, 0xc0, 0x1f, 0xfc, 0x41, 0x10, 0x7,
    0xff, 0x11, 0x40, 0x3f, 0xf9, 0xe4, 0x1, 0xff,
    0xc5, 0x70, 0xf, 0xfe, 0x27, 0x0, 0x7f, 0xf3,
    0xc4, 0x3, 0xff, 0x89, 0xe0, 0x1f, 0xfc, 0x51,
    0x0, 0xff, 0xf9, 0x18, 0x7, 0xff, 0x3c, 0x40,
    0x3f, 0xf8, 0x9e, 0x1, 0xff, 0xc5, 0x10, 0xf,
    0xfe, 0x79, 0x0, 0x7f, 0xf1, 0x5, 0x3b, 0xbf,
    0xf8, 0x88, 0x1, 0xff, 0xcf, 0x40, 0xf, 0xfe,
    0x21, 0x80, 0x8f, 0xff, 0x10, 0x3, 0xff, 0xa1,
    0x60, 0x1f, 0xfc, 0x46, 0x0, 0xff, 0xf0, 0x11,
    0x80, 0x7f, 0xf1, 0x8, 0x3, 0xff, 0xc1, 0x60,
    0x1f, 0xfc, 0x42, 0x10, 0xf, 0xfe, 0xf8, 0xb0,
    0x7, 0xff, 0x11, 0x0, 0x3f, 0xfc, 0x16, 0x1,
    0xff, 0xc5, 0xf0, 0xf, 0xfe, 0xfa, 0xa8, 0x3,
    0xff, 0x8a, 0x80, 0x1f, 0xfd, 0xe1, 0xb0, 0xf,
    0xfe, 0x2a, 0x10, 0x7, 0xff, 0x7a, 0xc4, 0x3,
    0xff, 0x8b, 0xc0, 0x1f, 0xfd, 0xe6, 0x50, 0xf,
    0xfe, 0x28, 0xa8, 0x7, 0xff, 0x74, 0xa4, 0x3,
    0xff, 0x8d, 0x20, 0x1f, 0xfd, 0xef, 0x0, 0xff,
    0xe3, 0x13, 0x80, 0x7f, 0xf7, 0x64, 0x80, 0x3f,
    0xf8, 0xd2, 0x1, 0xff, 0xdd, 0x46, 0x0, 0xff,
    0xe3, 0x2a, 0x0, 0x7f, 0xf7, 0x6, 0x80, 0x3f,
    0xf8, 0xc3, 0x60, 0x1f, 0xfd, 0xda, 0x10, 0xf,
    0xfe, 0x35, 0x8, 0x7, 0xff, 0x71, 0xd0, 0x3,
    0xff, 0x8c, 0xe8, 0x1, 0xff, 0xdc, 0x38, 0x0,
    0xff, 0xe3, 0x1c, 0x0, 0x7f, 0xf7, 0x78, 0x3,
    0xff, 0x8f, 0xc0, 0x1f, 0xfd, 0xd9, 0x20, 0xf,
    0xfe, 0x35, 0x10, 0x7, 0xff, 0x71, 0x58, 0x3,
    0xff, 0x8c, 0xca, 0x1, 0xff, 0xdc, 0x1b, 0x0,
    0xff, 0xe3, 0x14, 0x80, 0x7f, 0xf7, 0x74, 0x40,
    0x3f, 0xf8, 0xdc, 0x1, 0xff, 0xdd, 0x73, 0x0,
    0xff, 0xe3, 0x49, 0x80, 0x7f, 0xf7, 0xe, 0x0,
    0x3f, 0xf8, 0xc8, 0xc0, 0x1f, 0xfd, 0xde, 0x0,
    0xff, 0xe3, 0xd, 0x0, 0x7f, 0xf7, 0x68, 0x80,
    0x3f, 0xf8, 0xd4, 0x20, 0x1f, 0xfd, 0xc5, 0x50,
    0x7, 0xff, 0x19, 0xd0, 0x3, 0xff, 0xb8, 0x36,
    0x1, 0xff, 0xc6, 0x38, 0x0, 0xff, 0xee, 0xd8,
    0x80, 0x7f, 0xf1, 0x47, 0x40, 0x3f, 0xfb, 0xa6,
    0xa0, 0x1f, 0xfc, 0x6b, 0x10, 0xf, 0xfe, 0xec,
    0x80, 0x7f, 0xf1, 0x99, 0x40, 0x3f, 0xfb, 0xca,
    0x1, 0xff, 0xc5, 0x29, 0x0, 0xff, 0xef, 0x30,
    0x7, 0xff, 0x1b, 0xc0, 0x3f, 0xfb, 0xfa, 0x1,
    0xff, 0xc5, 0x82, 0x0, 0xff, 0xef, 0xa0, 0x7,
    0xff, 0x10, 0x9c, 0x3, 0xff, 0xbe, 0x20, 0x1f,
    0xfc, 0x59, 0x0, 0xff, 0xf0, 0x28, 0x7, 0xff,
    0x10, 0x50, 0x3, 0xff, 0xc0, 0x40, 0x1f, 0xfc,
    0x46, 0x0, 0xff, 0xf0, 0x88, 0x7, 0xff, 0x13,
    0x40, 0x3f, 0xfc, 0x3e, 0x1, 0xff, 0xc4, 0x70,
    0xf, 0xff, 0x8, 0x80, 0x7f, 0xf1, 0x8, 0x3,
    0xff, 0xfe, 0x1, 0xff, 0xe5, 0x10, 0xf, 0xff,
    0xf8, 0x7, 0xff, 0xfc, 0x3, 0xff, 0xfe, 0x1,
    0xff, 0xff, 0x0, 0xff, 0xff, 0x80, 0x7f, 0xff,
    0xc0, 0x3f, 0xff, 0xe0, 0x1f, 0xff, 0xf0, 0xf,
    0xfe, 0xe, 0x3b, 0xff, 0xf0, 0xe4, 0x3, 0xff,
    0xc4, 0xb1, 0x1f, 0xfc, 0x37, 0x0, 0xff, 0xff,
    0x80, 0x7f, 0xff, 0xc0, 0x3f, 0xff, 0xe0, 0x1f,
    0xff, 0xf0, 0xf, 0xff, 0xf8, 0x7, 0xff, 0xfc,
    0x3, 0xff, 0xfe, 0x1, 0xff, 0xff, 0x0, 0xff,
    0xff, 0x82, 0x3b, 0xff, 0xf1, 0x0, 0x3f, 0xfc,
    0x5b, 0x11, 0xff, 0xc3, 0x90, 0xf, 0xff, 0xf8,
    0x7, 0xff, 0xfc, 0x3, 0xff, 0xfe, 0x1, 0xff,
    0xff, 0x0, 0xff, 0xff, 0x80, 0x7f, 0xff, 0xc0,
    0x3f, 0xff, 0xe0, 0x1f, 0xff, 0xf0, 0xf, 0xff,
    0xf8, 0x7, 0xff, 0xfc, 0x3, 0xff, 0xfe, 0x1,
    0xff, 0xff, 0x0, 0xff, 0xfc, 0x0,

    /* U+005C "\\" */
    0x8f, 0xff, 0xfe, 0x0, 0x80, 0x7f, 0xf6, 0xac,
    0x3, 0xff, 0x80, 0xe0, 0x1f, 0xfd, 0xa3, 0x20,
    0xf, 0xfa, 0x80, 0x3f, 0xfb, 0x6a, 0x1, 0xff,
    0x18, 0x80, 0x7f, 0xf6, 0xac, 0x3, 0xff, 0x80,
    0xe0, 0x1f, 0xfd, 0xa3, 0x10, 0xf, 0xfa, 0x80,
    0x3f, 0xfb, 0x6c, 0x1, 0xff, 0x18, 0x80, 0x7f,
    0xf6, 0xac, 0x3, 0xff, 0x80, 0xe0, 0x1f, 0xfd,
    0xa3, 0x10, 0xf, 0xfb, 0x40, 0x3f, 0xfb, 0x6c,
    0x1, 0xff, 0x20, 0x80, 0x7f, 0xf6, 0xac, 0x3,
    0xff, 0x80, 0xe0, 0x1f, 0xfd, 0xa3, 0x10, 0xf,
    0xfb, 0x40, 0x3f, 0xfb, 0x6e, 0x1, 0xff, 0x20,
    0x80, 0x7f, 0xf6, 0xa8, 0x3, 0xff, 0x80, 0xe0,
    0x1f, 0xfd, 0xa3, 0x10, 0xf, 0xfb, 0x40, 0x3f,
    0xfb, 0x6e, 0x1, 0xff, 0x20, 0x80, 0x7f, 0xf6,
    0xa8, 0x3, 0xff, 0x80, 0xe0, 0x1f, 0xfd, 0xa3,
    0x10, 0xf, 0xfb, 0x40, 0x3f, 0xfb, 0x6e, 0x1,
    0xff, 0x20, 0x80, 0x7f, 0xf6, 0xb4, 0x3, 0xff,
    0x80, 0xe0, 0x1f, 0xfd, 0xa4, 0x10, 0xf, 0xfb,
    0x40, 0x3f, 0xfb, 0x6e, 0x1, 0xff, 0x20, 0x80,
    0x7f, 0xf6, 0xb4, 0x3, 0xff, 0x80, 0xe0, 0x1f,
    0xfd, 0xa4, 0x10, 0xf, 0xfb, 0x40, 0x3f, 0xfb,
    0x6e, 0x1, 0xff, 0x20, 0x80, 0x7f, 0xf6, 0xb4,
    0x3, 0xff, 0x80, 0x80, 0x1f, 0xfd, 0xa4, 0x10,
    0xf, 0xfb, 0x80, 0x3f, 0xfb, 0x6e, 0x1, 0xff,
    0x20, 0x7, 0xff, 0x6f, 0x40, 0x3f, 0xf8, 0xa,
    0x1, 0xff, 0xda, 0x41, 0x0, 0xff, 0xb8, 0x3,
    0xff, 0xb6, 0xe0, 0x1f, 0xf2, 0x0, 0x7f, 0xf6,
    0xf4, 0x3, 0xff, 0x80, 0xa0, 0x1f, 0xfd, 0xa4,
    0x10, 0xf, 0xfb, 0x80, 0x3f, 0xfb, 0x6e, 0x1,
    0xff, 0x20, 0x7, 0xff, 0x6f, 0x40, 0x3f, 0xf8,
    0xa, 0x1, 0xff, 0xda, 0x41, 0x0, 0xff, 0xbc,
    0x3, 0xff, 0xb6, 0x80, 0x1f, 0xf2, 0x80, 0x7f,
    0xf6, 0xf8, 0x3, 0xff, 0x80, 0xa0, 0x1f, 0xfd,
    0xa4, 0x0, 0xff, 0xe0, 0x78, 0x7, 0xff, 0x6d,
    0x40, 0x3f, 0xe5, 0x0, 0xff, 0xed, 0xf0, 0x7,
    0xff, 0x1, 0x40, 0x3f, 0xfb, 0x48, 0x1, 0xff,
    0xc0, 0xf0, 0xf, 0xfe, 0xda, 0x80, 0x7f, 0xca,
    0x1, 0xff, 0xdb, 0xe0, 0xf, 0xfe, 0x2, 0x80,
    0x7f, 0xf6, 0x90, 0x3, 0xff, 0x81, 0xe0, 0x1f,
    0xfd, 0xb5, 0x0, 0xff, 0x94, 0x3, 0xff, 0xb7,
    0xe0, 0x1f, 0xfc, 0x5, 0x0, 0xff, 0xed, 0x28,
    0x7, 0xff, 0x3, 0xc0, 0x3f, 0xfb, 0x6a, 0x1,
    0xff, 0x28, 0x7, 0xff, 0x6f, 0xc0, 0x3f, 0xf8,
    0xa, 0x1, 0xff, 0xda, 0x50, 0xf, 0xfe, 0x7,
    0x80, 0x7f, 0xf6, 0xd4, 0x3, 0xfe, 0x50, 0xf,
    0xfe, 0xdf, 0x80, 0x7f, 0xf0, 0x10, 0x3, 0xff,
    0xb4, 0xa0, 0x1f, 0xfc, 0xe, 0x0, 0xff, 0xed,
    0xa8, 0x7, 0xfc, 0xa0, 0x1f, 0xfd, 0xbf, 0x0,
    0xff, 0xe0, 0x20, 0x7, 0xff, 0x69, 0x40, 0x3f,
    0xf8, 0x1c, 0x1, 0xff, 0xdb, 0x50, 0xf, 0xf9,
    0x40, 0x3f, 0xfb, 0x7e, 0x1, 0xff, 0xc0, 0x40,
    0xf, 0xfe, 0xd2, 0x80, 0x7f, 0xf0, 0x38, 0x3,
    0xff, 0xb6, 0xa0, 0x1f, 0xf2, 0x0, 0x7f, 0xf6,
    0xfc, 0x3, 0xfe, 0x14, 0x0, 0xff, 0xed, 0x28,
    0x7, 0xff, 0x3, 0x40, 0x3f, 0xfb, 0x68, 0x1,
    0xff, 0x38, 0x7, 0xff, 0x6f, 0x80, 0x3f, 0xe1,
    0x40, 0xf, 0xfe, 0xd2, 0x80, 0x7f, 0xf0, 0x34,
    0x3, 0xff, 0xb6, 0x80, 0x1f, 0xf3, 0x80, 0x7f,
    0xf6, 0xf8, 0x3, 0xfe, 0x14, 0x0, 0xff, 0xed,
    0x28, 0x7, 0xff, 0x3, 0x40, 0x3f, 0xfb, 0x68,
    0x1, 0xff, 0x38, 0x7, 0xff, 0x6f, 0x80, 0x3f,
    0xe1, 0x40, 0xf, 0xfe, 0xd2, 0x0, 0x7f, 0xf0,
    0x34, 0x3, 0xff, 0xb4, 0x28, 0x1, 0xff, 0x38,
    0x7, 0xff, 0x6f, 0x40, 0x3f, 0xe1, 0x40, 0xf,
    0xfe, 0xd3, 0x80, 0x7f, 0xf0, 0x34, 0x3, 0xff,
    0xb4, 0x28, 0x1, 0xff, 0x38, 0x7, 0xff, 0x6f,
    0x40, 0x3f, 0xe1, 0x40, 0xf, 0xfe, 0xd3, 0x80,
    0x7f, 0xf0, 0x34, 0x3, 0xff, 0xb4, 0x28, 0x1,
    0xff, 0x38, 0x7, 0xff, 0x6f, 0x40, 0x3f, 0xe1,
    0x30, 0xf, 0xfe, 0xd3, 0x80, 0x7f, 0xf0, 0x28,
    0x3, 0xff, 0xb4, 0x28, 0x1, 0xff, 0x38, 0x7,
    0xff, 0x6f, 0x40, 0x3f, 0xe1, 0x30, 0xf, 0xfe,
    0xd3, 0x80, 0x7f, 0xf0, 0x28, 0x3, 0xff, 0xb4,
    0x28, 0x1, 0xff, 0x38, 0x7, 0xff, 0x6f, 0x40,
    0x3f, 0xe1, 0x30, 0xf, 0xfe, 0xd3, 0x80, 0x7f,
    0xf0, 0x2c, 0x3, 0xff, 0xb4, 0x28, 0x1, 0xff,
    0x30, 0x7, 0xff, 0x6f, 0x40, 0x3f, 0xe1, 0x30,
    0xf, 0xfe, 0xd3, 0x80, 0x7f, 0xf0, 0x2c, 0x3,
    0xff, 0xb4, 0x26, 0x1, 0xff, 0x30, 0x7, 0xff,
    0x6e, 0x80, 0x3f, 0xe1, 0x30, 0xf, 0xfe, 0xd3,
    0x80, 0x7f, 0xf0, 0x2c, 0x3, 0xff, 0xb4, 0x26,
    0x1, 0xff, 0x28, 0x7, 0xff, 0x6e, 0x80, 0x3f,
    0xe2, 0x30, 0xf, 0xfe, 0xd3, 0x80, 0x7f, 0xf0,
    0x2c, 0x3, 0xff, 0xb4, 0x26, 0x1, 0xff, 0x28,
    0x7, 0xff, 0x6e, 0xc0, 0x3f, 0xe2, 0x30, 0xf,
    0xfe, 0xd3, 0x0, 0x7f, 0xf0, 0x2c, 0x3, 0xff,
    0xb4, 0x26, 0x1, 0xff, 0x28, 0x7, 0xff, 0x6e,
    0xc0, 0x3f, 0xe2, 0x30, 0xf, 0xfe, 0xd3, 0x0,
    0x7f, 0xf0, 0x2c, 0x3, 0xff, 0xb4, 0x26, 0x1,
    0xff, 0x28, 0x7, 0xff, 0x6e, 0xc0, 0x3f, 0xe2,
    0x20, 0x7, 0xff, 0x69, 0x40, 0x3f, 0xf8, 0x14,
    0x1, 0xff, 0xda, 0x23, 0x0, 0xff, 0x94, 0x3,
    0xff, 0xb7, 0x60, 0x1f, 0xf1, 0x10, 0x3, 0xff,
    0xb4, 0xa0, 0x1f, 0xfc, 0xa, 0x0, 0xff, 0xed,
    0x11, 0x80, 0x7f, 0xca, 0x1, 0xff, 0xdb, 0xb0,
    0xf, 0xf8, 0x88, 0x1, 0xff, 0xda, 0x50, 0xf,
    0xfe, 0x5, 0x0, 0x7f, 0xf6, 0x88, 0xc0, 0x3f,
    0xe5, 0x0, 0xff, 0xed, 0xd8, 0x7, 0xfc, 0x44,
    0x0, 0xff, 0xed, 0x28, 0x7, 0xff, 0x1, 0x40,
    0x3f, 0xfb, 0x44, 0x40, 0xf, 0xfa, 0x80, 0x3f,
    0xfb, 0x74, 0x1, 0xff, 0x11, 0x0, 0x3f, 0xfb,
    0x4a, 0x1, 0xff, 0xc0, 0x50,

    /* U+005F "_" */
    0x11, 0xff, 0xff, 0x88, 0xfb, 0xbb, 0xff, 0xff,
    0xdd, 0xe0, 0xf, 0xff, 0xf8, 0x7, 0xff, 0xfc,
    0x3, 0xff, 0xfe, 0x1, 0xff, 0xff, 0x0, 0xff,
    0xff, 0x80, 0x7f, 0xff, 0xc0, 0x3f, 0xff, 0xe0,
    0x1f, 0xfd, 0xe0,

    /* U+0065 "e" */
    0x0, 0xff, 0xe7, 0xa3, 0xcd, 0xef, 0x7f, 0xdd,
    0xb9, 0x2e, 0x82, 0x1, 0xff, 0xe5, 0x38, 0xdf,
    0xb8, 0x64, 0x21, 0x0, 0x84, 0x8d, 0xa2, 0xfb,
    0x64, 0xc0, 0x3f, 0xfc, 0xf, 0xb8, 0xe4, 0x1,
    0xff, 0xc5, 0x26, 0xce, 0x81, 0x0, 0xff, 0xed,
    0xc, 0x7c, 0x10, 0x7, 0xff, 0x2c, 0x5f, 0xa8,
    0x80, 0x3f, 0xfa, 0xed, 0xee, 0x1, 0xff, 0xd1,
    0x5d, 0x91, 0x0, 0xff, 0xe9, 0x96, 0x48, 0x80,
    0x7f, 0xf5, 0x1b, 0x98, 0x3, 0xff, 0xa2, 0xba,
    0x60, 0x1f, 0xfd, 0x89, 0xb1, 0x0, 0xff, 0xe7,
    0x45, 0x0, 0x7f, 0xf6, 0xd3, 0xcc, 0x3, 0xff,
    0x99, 0x4e, 0x1, 0xff, 0xdd, 0x1c, 0x50, 0xf,
    0xfe, 0x55, 0x28, 0x7, 0xff, 0x82, 0x94, 0x3,
    0xff, 0x91, 0xa, 0x1, 0xff, 0xe2, 0xa3, 0x0,
    0xff, 0xe3, 0x33, 0x80, 0x7f, 0xf9, 0x34, 0x80,
    0x3f, 0xf8, 0x87, 0x20, 0x1f, 0xfe, 0x51, 0xf1,
    0x0, 0xff, 0xe1, 0xf0, 0x7, 0xff, 0x9c, 0xa8,
    0x3, 0xff, 0x85, 0x24, 0x1, 0xff, 0xe8, 0x48,
    0x0, 0xff, 0xe0, 0x13, 0x0, 0x7f, 0xf2, 0xcd,
    0x19, 0xd9, 0xc, 0x3, 0xff, 0x98, 0xe4, 0x1,
    0xff, 0x48, 0x7, 0xff, 0x20, 0x9e, 0xff, 0x2e,
    0x62, 0x6f, 0x3e, 0xdc, 0x80, 0x3f, 0xf9, 0x3c,
    0x1, 0xfe, 0x44, 0x0, 0x7f, 0xf1, 0x86, 0x76,
    0x10, 0x3, 0xf9, 0x23, 0x64, 0x40, 0x3f, 0xf8,
    0xe6, 0xa0, 0x1f, 0xd0, 0x1, 0xff, 0xc6, 0x7e,
    0x60, 0xf, 0xfe, 0x1b, 0x73, 0x0, 0x7f, 0xf1,
    0xe4, 0x3, 0xf1, 0x98, 0x3, 0xff, 0x8b, 0x50,
    0x1, 0xff, 0xc7, 0x99, 0x0, 0x7f, 0xf1, 0x8d,
    0x0, 0x3e, 0xa0, 0xf, 0xfe, 0x2e, 0x28, 0x7,
    0xff, 0x25, 0xac, 0x3, 0xff, 0x8d, 0xe0, 0x1f,
    0x30, 0x7, 0xff, 0x12, 0x4c, 0x3, 0xff, 0x96,
    0x90, 0x1, 0xff, 0xc5, 0x41, 0x0, 0xe6, 0x0,
    0xff, 0xe2, 0x2b, 0x0, 0x7f, 0xf3, 0x5d, 0x0,
    0x3f, 0xf8, 0xac, 0x1, 0xda, 0x1, 0xff, 0xc3,
    0x1a, 0x0, 0xff, 0xe7, 0xd0, 0x7, 0xff, 0x16,
    0xc0, 0x39, 0x0, 0x3f, 0xf8, 0x6c, 0x1, 0xff,
    0xd0, 0x16, 0x0, 0xff, 0xe2, 0x18, 0x6, 0x40,
    0xf, 0xfe, 0x24, 0x80, 0x7f, 0xf4, 0x60, 0x3,
    0xff, 0x8a, 0x80, 0x16, 0x80, 0x7f, 0xf0, 0xd8,
    0x40, 0x3f, 0xfa, 0x22, 0xa0, 0x1f, 0xfc, 0x4c,
    0x0, 0x94, 0x3, 0xff, 0x87, 0xa0, 0x1f, 0xfd,
    0x3c, 0x0, 0xff, 0xe2, 0x18, 0x4, 0x60, 0x1f,
    0xfc, 0x34, 0x0, 0xff, 0xe9, 0xb8, 0x7, 0xff,
    0x11, 0x80, 0x6, 0x1, 0xff, 0xc3, 0x30, 0xf,
    0xfe, 0xa0, 0x90, 0x7, 0xff, 0xc, 0x80, 0xa,
    0x1, 0xff, 0xc3, 0x40, 0xf, 0xfe, 0xaa, 0x0,
    0x7f, 0xf1, 0x8, 0x3c, 0x3, 0xff, 0x87, 0xe0,
    0x1f, 0xfd, 0x51, 0x0, 0xff, 0xe2, 0x8, 0x10,
    0x7, 0xff, 0xc, 0x80, 0x3f, 0xfa, 0xbc, 0x1,
    0xff, 0xc4, 0x70, 0x60, 0xf, 0xfe, 0x18, 0x80,
    0x7f, 0xf5, 0x48, 0x3, 0xff, 0x8c, 0x60, 0x1f,
    0xfc, 0x3e, 0x99, 0xff, 0xea, 0xf0, 0x7, 0xff,
    0x10, 0x40, 0x40, 0x3f, 0xf8, 0x6a, 0xcd, 0xff,
    0xd5, 0x50, 0xf, 0xfe, 0x29, 0x0, 0x7f, 0xfe,
    0x4, 0x3, 0xff, 0xfe, 0x1, 0xff, 0xf2, 0x70,
    0xf, 0xff, 0xf8, 0x7, 0xff, 0xc8, 0x40, 0x3f,
    0xff, 0xe0, 0x1f, 0xff, 0xf0, 0xf, 0xff, 0x60,
    0x80, 0x7f, 0xfe, 0x1c, 0x3, 0xff, 0xfe, 0x1,
    0xff, 0xf2, 0x10, 0xf, 0xff, 0xc1, 0x80, 0x7f,
    0xf1, 0x33, 0xff, 0xff, 0xcc, 0xa2, 0x1, 0xff,
    0xc4, 0x70, 0xf, 0xff, 0x41, 0x0, 0x7f, 0xf0,
    0xc4, 0x3, 0xff, 0xd0, 0x20, 0x1f, 0xfc, 0x32,
    0x0, 0xff, 0xf4, 0x30, 0x7, 0xff, 0xf, 0xc0,
    0x3f, 0xfd, 0x4, 0x1, 0xff, 0xc3, 0x30, 0xf,
    0xff, 0x46, 0x80, 0x7f, 0xf0, 0xd0, 0x3, 0xff,
    0xd0, 0x80, 0x1f, 0xfc, 0x44, 0x0, 0xff, 0xf3,
    0x88, 0x80, 0x3f, 0xf8, 0x78, 0x1, 0xff, 0xe8,
    0x40, 0xf, 0xfe, 0x1b, 0x0, 0x7f, 0xfa, 0x34,
    0x3, 0xff, 0x86, 0x2c, 0x1, 0xff, 0xe7, 0x50,
    0xf, 0xfe, 0x24, 0x0, 0x7f, 0xf9, 0xc8, 0x80,
    0x1f, 0xfc, 0x31, 0x70, 0xf, 0xfe, 0xaa, 0x8,
    0x7, 0xff, 0x11, 0x40, 0x3f, 0xf8, 0x90, 0x60,
    0x1f, 0xfd, 0x37, 0xbc, 0x20, 0xf, 0xfe, 0x1d,
    0x80, 0x7f, 0xf1, 0x74, 0x40, 0x3f, 0xfa, 0x35,
    0x0, 0x58, 0x60, 0x1f, 0xfc, 0x23, 0x30, 0x7,
    0xff, 0x10, 0x70, 0x40, 0x3f, 0xf9, 0xc3, 0x8a,
    0x1, 0xe, 0x28, 0x7, 0xff, 0xa, 0x40, 0x3f,
    0xf8, 0xa5, 0xe8, 0x1, 0xff, 0xcc, 0x7f, 0x30,
    0xf, 0x53, 0x80, 0x7f, 0xf0, 0x54, 0x40, 0x3f,
    0xf8, 0xa3, 0x70, 0x1, 0xff, 0xc9, 0x4d, 0x81,
    0x0, 0xfd, 0x12, 0x1, 0xff, 0xc1, 0x90, 0xf,
    0xfe, 0x3b, 0xf3, 0x88, 0x7, 0xff, 0x11, 0x72,
    0xc8, 0x3, 0xfe, 0x6b, 0x10, 0xf, 0xf9, 0xc4,
    0x3, 0xff, 0x8e, 0x31, 0xd4, 0xc4, 0x1, 0xfc,
    0x2b, 0x3d, 0x46, 0x1, 0xff, 0xc2, 0x4c, 0x20,
    0xf, 0xfa, 0xc0, 0x3f, 0xf9, 0x4b, 0x3b, 0xd9,
    0x75, 0x13, 0x2b, 0xee, 0x53, 0x8, 0x7, 0xff,
    0x14, 0xb0, 0xc0, 0x3f, 0xca, 0x80, 0x1f, 0xfc,
    0xc1, 0x34, 0x57, 0x66, 0x20, 0x80, 0x7f, 0xf2,
    0x87, 0x14, 0x3, 0xfd, 0x20, 0x1f, 0xfe, 0xda,
    0x60, 0xf, 0xe2, 0xb0, 0xf, 0xff, 0x60, 0xb8,
    0x7, 0xf9, 0x1c, 0x3, 0xff, 0xd4, 0x38, 0x20,
    0x1f, 0xf4, 0x28, 0x7, 0xff, 0xa0, 0x70, 0x80,
    0x3f, 0xf8, 0x34, 0xa0, 0x1f, 0xfe, 0x62, 0xc2,
    0x0, 0xff, 0xe1, 0xd2, 0x80, 0x7f, 0xf9, 0x13,
    0x48, 0x3, 0xff, 0x8b, 0x50, 0x1, 0xff, 0xe2,
    0x7b, 0x0, 0xff, 0xe4, 0x3d, 0x88, 0x7, 0xff,
    0x78, 0xae, 0x0, 0x3f, 0xf9, 0x49, 0xea, 0x1,
    0xff, 0xdc, 0x7d, 0x40, 0xf, 0xfe, 0x60, 0xd5,
    0x90, 0x7, 0xff, 0x61, 0x76, 0x0, 0x3f, 0xfa,
    0x9, 0xb6, 0x60, 0x1f, 0xfd, 0x45, 0xda, 0x20,
    0xf, 0xfe, 0x9a, 0x66, 0x18, 0x40, 0x3f, 0xf9,
    0xc7, 0x1d, 0x44, 0x1, 0xff, 0xd7, 0x39, 0xeb,
    0x73, 0x0, 0xff, 0xe3, 0x8a, 0x46, 0xe3, 0x88,
    0x7, 0xff, 0x71, 0x23, 0x3f, 0x25, 0xd5, 0xc,
    0x84, 0x2, 0x12, 0x35, 0x8a, 0xde, 0xb7, 0x20,
    0xf, 0xfe, 0x38,

    /* U+0066 "f" */
    0x0, 0xff, 0xe5, 0x8a, 0xc5, 0xe6, 0xf7, 0xff,
    0xfc, 0xa0, 0x1f, 0xfc, 0x82, 0x8d, 0xea, 0x74,
    0x32, 0x10, 0xf, 0xfe, 0x91, 0xd6, 0xb9, 0x0,
    0x7f, 0xf5, 0xc6, 0xb1, 0x40, 0x3f, 0xfb, 0x27,
    0xea, 0x1, 0xff, 0xda, 0x6c, 0x10, 0xf, 0xfe,
    0xd2, 0xc8, 0x7, 0xff, 0x6c, 0xe8, 0x3, 0xff,
    0xb6, 0x3a, 0x1, 0xff, 0xdc, 0x81, 0x0, 0xff,
    0xed, 0x8b, 0x0, 0x7f, 0xf7, 0x20, 0x3, 0xff,
    0xb8, 0x2c, 0x1, 0xff, 0xdc, 0x40, 0xf, 0xfe,
    0xef, 0x80, 0x7f, 0xf7, 0x50, 0x3, 0xff, 0x8c,
    0x28, 0xce, 0xff, 0xf0, 0x7, 0xe2, 0x10, 0xf,
    0xfe, 0x20, 0xdf, 0x5c, 0xc4, 0x7f, 0x88, 0x3,
    0xf3, 0x80, 0x7f, 0xf1, 0x7, 0xd0, 0x3, 0xff,
    0x94, 0x60, 0x1f, 0xfc, 0x48, 0x10, 0xf, 0xfe,
    0x58, 0x80, 0x7f, 0xf1, 0x1c, 0x3, 0xff, 0x99,
    0xc0, 0x1f, 0xfc, 0x31, 0x10, 0x7, 0xff, 0x30,
    0xc0, 0x3f, 0xf8, 0x66, 0x1, 0xff, 0xcd, 0x10,
    0xf, 0xff, 0x68, 0x80, 0x7f, 0xff, 0xc0, 0x3f,
    0xff, 0xe0, 0x1f, 0xff, 0xf0, 0xf, 0xff, 0xf8,
    0x7, 0xff, 0xfc, 0x3, 0xff, 0x91, 0xff, 0xf9,
    0x0, 0x3f, 0xf8, 0x67, 0xff, 0xff, 0xc4, 0x50,
    0xf, 0xff, 0xf8, 0x7, 0xff, 0xfc, 0x3, 0xff,
    0xfe, 0x1, 0xff, 0xff, 0x0, 0xff, 0xff, 0x80,
    0x7f, 0xff, 0xc0, 0x3f, 0xf8, 0xc, 0xdf, 0x84,
    0x3, 0xff, 0x86, 0x2c, 0xdf, 0xfc, 0x59, 0x9f,
    0xca, 0x1, 0xff, 0xc3, 0x29, 0x9f, 0xfe, 0x21,
    0x80, 0x7f, 0xff, 0xc0, 0x3f, 0xff, 0xe0, 0x1f,
    0xff, 0xf0, 0xf, 0xff, 0xf8, 0x7, 0xff, 0xfc,
    0x3, 0xff, 0xfe, 0x1, 0xff, 0xff, 0x0, 0xff,
    0xff, 0x80, 0x7f, 0xff, 0xc0, 0x3f, 0xff, 0xe0,
    0x1f, 0xff, 0xf0, 0xf, 0xff, 0xf8, 0x7, 0xff,
    0xfc, 0x3, 0xff, 0xfe, 0x1, 0xff, 0xff, 0x0,
    0xff, 0xff, 0x80, 0x7f, 0xff, 0xc0, 0x3f, 0xff,
    0xe0, 0x1f, 0xff, 0xf0, 0xf, 0xff, 0xf8, 0x7,
    0xff, 0xfc, 0x3, 0xff, 0xfe, 0x1, 0xff, 0xff,
    0x0, 0xff, 0xff, 0x80, 0x7f, 0xff, 0xc0, 0x3f,
    0xff, 0xe0, 0x1f, 0xff, 0xf0, 0xf, 0xff, 0xf8,
    0x7, 0xff, 0xfc, 0x3, 0xff, 0xfe, 0x1, 0xff,
    0xff, 0x0, 0xff, 0xff, 0x80, 0x7f, 0xff, 0xc0,
    0x3f, 0xff, 0xe0, 0x1f, 0xff, 0xf0, 0xf, 0xff,
    0xf8, 0x7, 0xff, 0xfc, 0x3, 0xff, 0xfe, 0x1,
    0xff, 0xc2, 0xbf, 0xff, 0xfe, 0x1e, 0x0, 0x7f,
    0xf1, 0x40,

    /* U+0069 "i" */
    0xdf, 0xff, 0xfe, 0x1d, 0x80, 0x7f, 0xff, 0xc0,
    0x3f, 0xff, 0xe0, 0x1f, 0xff, 0xf0, 0xf, 0xfe,
    0x95, 0xc4, 0x7f, 0xf0, 0xf9, 0x9d, 0xff, 0xf8,
    0x6a, 0x1, 0xff, 0xff, 0x0, 0xff, 0xff, 0x80,
    0x7f, 0xff, 0xc0, 0x3f, 0xfa, 0x5b, 0xff, 0xff,
    0xc3, 0xb0, 0xf, 0xff, 0xf8, 0x7, 0xff, 0xfc,
    0x3, 0xff, 0xfe, 0x1, 0xff, 0xff, 0x0, 0xff,
    0xff, 0x80, 0x7f, 0xff, 0xc0, 0x3f, 0xff, 0xe0,
    0x1f, 0xff, 0xf0, 0xf, 0xff, 0xf8, 0x7, 0xff,
    0xfc, 0x3, 0xff, 0xfe, 0x1, 0xff, 0xff, 0x0,
    0xff, 0xff, 0x80, 0x7f, 0xff, 0xc0, 0x3f, 0xff,
    0xe0, 0x1f, 0xff, 0xf0, 0xf, 0xff, 0xf8, 0x7,
    0xff, 0xfc, 0x3, 0xff, 0x9f, 0xbf, 0xff, 0xfc,
    0x3b,

    /* U+0072 "r" */
    0x0, 0xff, 0xe9, 0x8a, 0xc5, 0x6f, 0x73, 0xfd,
    0xb9, 0x52, 0xa0, 0x1f, 0xfc, 0x4, 0xff, 0xff,
    0xe2, 0x18, 0x7, 0xf8, 0xa3, 0x7a, 0x9d, 0x48,
    0x44, 0x0, 0x23, 0x56, 0xaf, 0xc7, 0x20, 0xf,
    0xfe, 0xb2, 0xe6, 0xb9, 0x0, 0x7f, 0xf0, 0xce,
    0x36, 0x48, 0x3, 0xff, 0xa4, 0xbb, 0x46, 0x1,
    0xff, 0xc9, 0x6d, 0xa2, 0x0, 0xff, 0xe7, 0xd,
    0x50, 0x80, 0x3f, 0xf9, 0xab, 0xae, 0x1, 0xff,
    0xcc, 0x4f, 0x50, 0xf, 0xfe, 0x8c, 0x61, 0x0,
    0x7f, 0xf2, 0x56, 0xc4, 0x3, 0xff, 0xa6, 0x7e,
    0x1, 0xff, 0xc8, 0x7a, 0x0, 0xff, 0xea, 0x8f,
    0x80, 0x7f, 0xf1, 0xda, 0x0, 0x3f, 0xfa, 0xd4,
    0x40, 0x1f, 0xfc, 0x6a, 0x90, 0xf, 0xfe, 0xb4,
    0xa0, 0x7, 0xff, 0x1d, 0x80, 0x3f, 0xfa, 0xcc,
    0xc0, 0xf, 0xff, 0x52, 0x48, 0x7, 0xff, 0xa8,
    0xac, 0x3, 0xff, 0xd4, 0x3e, 0x1, 0xff, 0xeb,
    0xd2, 0x0, 0xff, 0xf5, 0x51, 0x80, 0x7f, 0xf6,
    0x5, 0x15, 0x9d, 0x94, 0x80, 0x3f, 0xce, 0xa0,
    0x1f, 0xfd, 0x62, 0x8c, 0xeb, 0xa9, 0x89, 0xad,
    0xea, 0x30, 0xf, 0x2c, 0x0, 0x7f, 0xf5, 0x4a,
    0xb5, 0xcc, 0x3, 0xf0, 0xae, 0x59, 0x80, 0x47,
    0x40, 0x1f, 0xfd, 0x56, 0xd5, 0x0, 0xff, 0xe1,
    0x26, 0x40, 0xe, 0x80, 0x7f, 0xf5, 0x6a, 0x40,
    0x3f, 0xf8, 0xcf, 0xb8, 0x20, 0x1f, 0xfd, 0x49,
    0x50, 0xf, 0xfe, 0x41, 0x10, 0x3, 0xff, 0xa8,
    0xec, 0x1, 0xff, 0xea, 0x28, 0x0, 0xff, 0xf5,
    0xc0, 0x7, 0xff, 0xac, 0xd4, 0x3, 0xff, 0xd7,
    0x40, 0x1f, 0xfe, 0xc4, 0x0, 0xff, 0xf5, 0x91,
    0x0, 0x3f, 0xfd, 0x68, 0x1, 0xff, 0xec, 0xe0,
    0xf, 0xff, 0x60, 0x80, 0x7f, 0xfb, 0xc, 0x3,
    0xff, 0xd8, 0xc0, 0x1f, 0xff, 0xf0, 0xf, 0xff,
    0xf8, 0x7, 0xff, 0xfc, 0x3, 0xff, 0xfe, 0x1,
    0xff, 0xff, 0x0, 0xff, 0xff, 0x80, 0x7f, 0xff,
    0xc0, 0x3f, 0xff, 0xe0, 0x1f, 0xff, 0xf0, 0xf,
    0xff, 0xf8, 0x7, 0xff, 0xfc, 0x3, 0xff, 0xfe,
    0x1, 0xff, 0xff, 0x0, 0xff, 0xff, 0x80, 0x7f,
    0xff, 0xc0, 0x3f, 0xff, 0xe0, 0x1f, 0xff, 0xf0,
    0xf, 0xff, 0xf8, 0x7, 0xff, 0xfc, 0x3, 0xff,
    0xfe, 0x1, 0xff, 0xff, 0x0, 0xff, 0xff, 0x80,
    0x7f, 0xff, 0xc0, 0x3f, 0xff, 0xe0, 0x1f, 0xff,
    0xf0, 0xf, 0xff, 0xf8, 0x7, 0xff, 0xfc, 0x3,
    0xff, 0xfe, 0x1, 0xff, 0xff, 0x0, 0xff, 0xff,
    0x80, 0x7f, 0xff, 0xc0, 0x3f, 0xff, 0xe0, 0x1f,
    0xff, 0xf0, 0xf, 0xff, 0xf8, 0x7, 0xff, 0xfc,
    0x3, 0xff, 0xfe, 0x1, 0xff, 0xff, 0x0, 0xff,
    0xf6, 0x80
};


/*---------------------
 *  GLYPH DESCRIPTION
 *--------------------*/

static const lv_font_fmt_txt_glyph_dsc_t glyph_dsc[] = {
    {.bitmap_index = 0, .adv_w = 0, .box_w = 0, .box_h = 0, .ofs_x = 0, .ofs_y = 0} /* id = 0 reserved */,
    {.bitmap_index = 0, .adv_w = 622, .box_w = 0, .box_h = 0, .ofs_x = 0, .ofs_y = 0},
    {.bitmap_index = 0, .adv_w = 669, .box_w = 22, .box_h = 115, .ofs_x = 10, .ofs_y = 0},
    {.bitmap_index = 500, .adv_w = 1244, .box_w = 78, .box_h = 115, .ofs_x = 0, .ofs_y = 0},
    {.bitmap_index = 1946, .adv_w = 1055, .box_w = 50, .box_h = 17, .ofs_x = 8, .ofs_y = 37},
    {.bitmap_index = 1986, .adv_w = 863, .box_w = 52, .box_h = 117, .ofs_x = 1, .ofs_y = -1},
    {.bitmap_index = 2806, .adv_w = 1248, .box_w = 66, .box_h = 117, .ofs_x = 6, .ofs_y = -1},
    {.bitmap_index = 3706, .adv_w = 720, .box_w = 33, .box_h = 116, .ofs_x = 6, .ofs_y = -1},
    {.bitmap_index = 3958, .adv_w = 1248, .box_w = 66, .box_h = 116, .ofs_x = 6, .ofs_y = 0},
    {.bitmap_index = 4933, .adv_w = 1280, .box_w = 68, .box_h = 117, .ofs_x = 6, .ofs_y = -1},
    {.bitmap_index = 6040, .adv_w = 1392, .box_w = 75, .box_h = 115, .ofs_x = 6, .ofs_y = 0},
    {.bitmap_index = 6818, .adv_w = 1248, .box_w = 66, .box_h = 116, .ofs_x = 6, .ofs_y = -1},
    {.bitmap_index = 7651, .adv_w = 1264, .box_w = 67, .box_h = 116, .ofs_x = 6, .ofs_y = -1},
    {.bitmap_index = 8811, .adv_w = 1248, .box_w = 66, .box_h = 115, .ofs_x = 6, .ofs_y = 0},
    {.bitmap_index = 9626, .adv_w = 1344, .box_w = 72, .box_h = 117, .ofs_x = 6, .ofs_y = -1},
    {.bitmap_index = 11063, .adv_w = 1264, .box_w = 67, .box_h = 116, .ofs_x = 6, .ofs_y = 0},
    {.bitmap_index = 12223, .adv_w = 1200, .box_w = 63, .box_h = 116, .ofs_x = 4, .ofs_y = 0},
    {.bitmap_index = 13061, .adv_w = 863, .box_w = 52, .box_h = 117, .ofs_x = 1, .ofs_y = -1},
    {.bitmap_index = 13874, .adv_w = 1296, .box_w = 81, .box_h = 9, .ofs_x = 0, .ofs_y = -20},
    {.bitmap_index = 13909, .adv_w = 1296, .box_w = 69, .box_h = 84, .ofs_x = 6, .ofs_y = -1},
    {.bitmap_index = 14760, .adv_w = 721, .box_w = 42, .box_h = 116, .ofs_x = 5, .ofs_y = -1},
    {.bitmap_index = 15098, .adv_w = 622, .box_w = 17, .box_h = 116, .ofs_x = 11, .ofs_y = -1},
    {.bitmap_index = 15203, .adv_w = 1008, .box_w = 57, .box_h = 83, .ofs_x = 10, .ofs_y = 0}
};

/*---------------------
 *  CHARACTER MAPPING
 *--------------------*/

static const uint16_t unicode_list_0[] = {
    0x0, 0x1, 0x3, 0xd, 0xf, 0x10, 0x11, 0x12,
    0x13, 0x14, 0x15, 0x16, 0x17, 0x18, 0x19, 0x1f,
    0x3c, 0x3f, 0x45, 0x46, 0x49, 0x52
};

/*Collect the unicode lists and glyph_id offsets*/
static const lv_font_fmt_txt_cmap_t cmaps[] =
{
    {
        .range_start = 32, .range_length = 83, .glyph_id_start = 1,
        .unicode_list = unicode_list_0, .glyph_id_ofs_list = NULL, .list_length = 22, .type = LV_FONT_FMT_TXT_CMAP_SPARSE_TINY
    }
};



/*--------------------
 *  ALL CUSTOM DATA
 *--------------------*/

#if LVGL_VERSION_MAJOR == 8
/*Store all the custom data of the font*/
static  lv_font_fmt_txt_glyph_cache_t cache;
#endif

#if LVGL_VERSION_MAJOR >= 8
static const lv_font_fmt_txt_dsc_t font_dsc = {
#else
static lv_font_fmt_txt_dsc_t font_dsc = {
#endif
    .glyph_bitmap = glyph_bitmap,
    .glyph_dsc = glyph_dsc,
    .cmaps = cmaps,
    .kern_dsc = NULL,
    .kern_scale = 0,
    .cmap_num = 1,
    .bpp = 4,
    .kern_classes = 0,
    .bitmap_format = 1,
#if LVGL_VERSION_MAJOR == 8
    .cache = &cache
#endif
};



/*-----------------
 *  PUBLIC FONT
 *----------------*/

/*Initialize a public general font descriptor*/
#if LVGL_VERSION_MAJOR >= 8
const lv_font_t lv_font_din_m162 = {
#else
lv_font_t lv_font_din_m162 = {
#endif
    .get_glyph_dsc = lv_font_get_glyph_dsc_fmt_txt,    /*Function pointer to get glyph's data*/
    .get_glyph_bitmap = lv_font_get_bitmap_fmt_txt,    /*Function pointer to get glyph's bitmap*/
    .line_height = 136,          /*The maximum line height required by the font*/
    .base_line = 20,             /*Baseline measured from the bottom of the line*/
#if !(LVGL_VERSION_MAJOR == 6 && LVGL_VERSION_MINOR == 0)
    .subpx = LV_FONT_SUBPX_NONE,
#endif
#if LV_VERSION_CHECK(7, 4, 0) || LVGL_VERSION_MAJOR >= 8
    .underline_position = -12,
    .underline_thickness = 8,
#endif
    .dsc = &font_dsc,          /*The custom font data. Will be accessed by `get_glyph_bitmap/dsc` */
#if LV_VERSION_CHECK(8, 2, 0) || LVGL_VERSION_MAJOR >= 9
    .fallback = NULL,
#endif
    .user_data = NULL,
};



#endif /*#if LV_FONT_DIN_M162*/

