/*******************************************************************************
 * Size: 197 px
 * Bpp: 4
 * Opts: --bpp 4 --size 197 --font src/DIN 1451 Std Engschrift.ttf --symbols 0123456789?!-_ #/\frei --no-kerning --format lvgl --lv-include lvgl.h -o src/lv_font_din_197.c
 ******************************************************************************/

#ifdef LV_LVGL_H_INCLUDE_SIMPLE
#include "lvgl.h"
#else
#include "lvgl.h"
#endif

#ifndef LV_FONT_DIN_197
#define LV_FONT_DIN_197 1
#endif

#if LV_FONT_DIN_197

/*-----------------
 *    BITMAPS
 *----------------*/

/*Store the image of the glyphs*/
static LV_ATTRIBUTE_LARGE_CONST const uint8_t glyph_bitmap[] = {
    /* U+0020 " " */

    /* U+0021 "!" */
    0xef, 0xff, 0xfe, 0x61, 0x98, 0x3, 0xff, 0x98,
    0x22, 0x0, 0xff, 0xe6, 0x1b, 0x80, 0x7f, 0xf3,
    0x4, 0x40, 0x1f, 0xfc, 0xb1, 0x3, 0x0, 0xff,
    0xe5, 0x98, 0x70, 0x7, 0xff, 0x2c, 0x40, 0x40,
    0x3f, 0xf9, 0x6e, 0x6, 0x1, 0xff, 0xcb, 0x10,
    0x10, 0xf, 0xfe, 0x59, 0x3, 0x80, 0x7f, 0xf2,
    0xfc, 0x4, 0x3, 0xff, 0x96, 0x20, 0x40, 0x1f,
    0xfc, 0xb3, 0x0, 0xff, 0xe6, 0x88, 0x0, 0x40,
    0x3f, 0xf9, 0x4e, 0x0, 0x30, 0xf, 0xfe, 0x51,
    0x0, 0x4, 0x3, 0xff, 0x94, 0x20, 0x7, 0x0,
    0xff, 0xe6, 0x90, 0x7, 0xff, 0x24, 0x40, 0x21,
    0x0, 0xff, 0xe4, 0x98, 0x5, 0xe0, 0x1f, 0xfc,
    0x91, 0x0, 0x84, 0x3, 0xff, 0x92, 0xc0, 0x11,
    0x80, 0x7f, 0xf2, 0x4c, 0x2, 0x10, 0xf, 0xfe,
    0x48, 0x80, 0x4c, 0x1, 0xff, 0xc9, 0xf0, 0x8,
    0xc0, 0x3f, 0xf9, 0x22, 0x1, 0x8, 0x7, 0xff,
    0x24, 0xc0, 0x3f, 0xf9, 0xac, 0x1, 0x84, 0x3,
    0xff, 0x90, 0x20, 0x18, 0xc0, 0x3f, 0xf9, 0x6,
    0x1, 0x98, 0x3, 0xff, 0x90, 0x20, 0x18, 0x40,
    0x3f, 0xf9, 0xa6, 0x1, 0xff, 0xc7, 0x10, 0xe,
    0x10, 0xf, 0xfe, 0x39, 0x0, 0x77, 0x80, 0x7f,
    0xf1, 0xdc, 0x3, 0x84, 0x3, 0xff, 0x8e, 0x20,
    0x1c, 0x40, 0x1f, 0xfc, 0x73, 0x0, 0xe7, 0x0,
    0xff, 0xe3, 0x88, 0x7, 0x8, 0x7, 0xff, 0x1f,
    0xc0, 0x38, 0xc0, 0x3f, 0xf8, 0xe4, 0x1, 0xc2,
    0x1, 0xff, 0xc7, 0x10, 0xf, 0xfe, 0x6b, 0x80,
    0x78, 0x80, 0x3f, 0xf8, 0xc2, 0x1, 0xe1, 0x0,
    0xff, 0xe3, 0x18, 0x7, 0x9c, 0x3, 0xff, 0x8c,
    0x20, 0x1e, 0x10, 0xf, 0xfe, 0x28, 0x80, 0x7c,
    0x60, 0x1f, 0xfc, 0x53, 0x0, 0xf8, 0x40, 0x3f,
    0xf8, 0xa2, 0x1, 0xf7, 0x80, 0x7f, 0xf1, 0x5c,
    0x3, 0xe2, 0x0, 0xff, 0xe2, 0x88, 0x7, 0xc2,
    0x1, 0xff, 0xc5, 0x30, 0xf, 0x9c, 0x3, 0xff,
    0x8b, 0xc0, 0x1f, 0x8, 0x7, 0xff, 0x14, 0x40,
    0x3e, 0x30, 0xf, 0xfe, 0x29, 0x80, 0x7c, 0x20,
    0x1f, 0xfc, 0x51, 0x0, 0xfc, 0x20, 0x1f, 0xfc,
    0x47, 0x0, 0xfc, 0x60, 0x1f, 0xfc, 0x41, 0x0,
    0xfc, 0x20, 0x1f, 0xfc, 0x42, 0x0, 0xfc, 0xe0,
    0x1f, 0xfc, 0xd1, 0x0, 0xff, 0xe1, 0x88, 0x7,
    0xf1, 0x80, 0x7f, 0xf0, 0xcc, 0x3, 0xfb, 0x80,
    0x3f, 0xf8, 0x62, 0x1, 0xfc, 0x20, 0x1f, 0xfc,
    0x37, 0x0, 0xfe, 0x30, 0xf, 0xfe, 0x19, 0x0,
    0x7f, 0x8, 0x7, 0xff, 0xc, 0x40, 0x3f, 0x9c,
    0x3, 0xff, 0x87, 0xe0, 0x1f, 0xc2, 0x1, 0xff,
    0xc3, 0x10, 0xf, 0xe2, 0x0, 0xff, 0xe1, 0x98,
    0x7, 0xff, 0x34, 0x40, 0x3f, 0xc2, 0x1, 0xff,
    0xc2, 0x60, 0xf, 0xf1, 0x80, 0x7f, 0xf0, 0x8c,
    0x3, 0xfc, 0x20, 0x1f, 0xfc, 0x21, 0x0, 0xff,
    0x38, 0x7, 0xff, 0x34, 0x80, 0x3f, 0xf8, 0x22,
    0x1, 0xff, 0x8, 0x7, 0xff, 0x4, 0xc0, 0x3f,
    0xef, 0x0, 0xff, 0xe0, 0xb0, 0x7, 0xfc, 0x20,
    0x1f, 0xfc, 0x11, 0x0, 0xff, 0x8c, 0x3, 0xff,
    0x82, 0x60, 0x1f, 0xf0, 0x80, 0x7f, 0xf0, 0x44,
    0x3, 0xfe, 0x60, 0xf, 0xfe, 0xf, 0x80, 0x7f,
    0xc6, 0x1, 0xff, 0xc1, 0x10, 0xf, 0xf8, 0x40,
    0x3f, 0xf8, 0x24, 0x1, 0xff, 0xcd, 0x70, 0xf,
    0xfe, 0x0, 0x80, 0x7f, 0xf0, 0x4, 0x3, 0xff,
    0x80, 0x60, 0x1f, 0xfc, 0x3, 0x0, 0xff, 0xe0,
    0x30, 0x7, 0xff, 0x0, 0x40, 0x3f, 0xf8, 0x2,
    0x1, 0xff, 0xcd, 0x30, 0xf, 0xf8, 0x80, 0x3f,
    0xf8, 0x22, 0x1, 0xff, 0x8, 0x7, 0xff, 0x7,
    0xc0, 0x3f, 0xe7, 0x0, 0xff, 0xe0, 0x88, 0x7,
    0xfc, 0x20, 0x1f, 0xfc, 0x12, 0x0, 0xff, 0x8c,
    0x3, 0xff, 0x82, 0xe0, 0x1f, 0xf0, 0x80, 0x7f,
    0xf0, 0x44, 0x3, 0xfe, 0xe0, 0xf, 0xfe, 0x9,
    0x80, 0x7f, 0xc6, 0x1, 0xff, 0xc1, 0x10, 0xf,
    0xf8, 0x40, 0x3f, 0xf9, 0xae, 0x1, 0xff, 0xc2,
    0x20, 0xf, 0xf0, 0x80, 0x7f, 0xf0, 0x84, 0x3,
    0xfc, 0x60, 0x1f, 0xfc, 0x27, 0x0, 0xff, 0x8,
    0x7, 0xff, 0x8, 0x40, 0x3f, 0x84, 0x3, 0xff,
    0x86, 0x60, 0x1f, 0xc6, 0x1, 0xff, 0xc3, 0x10,
    0xf, 0xe1, 0x0, 0xff, 0xe1, 0xf0, 0x7, 0xf3,
    0x80, 0x7f, 0xf0, 0xcc, 0x3, 0xf8, 0x40, 0x3f,
    0xf8, 0x6e, 0xff, 0xee, 0x0, 0xff, 0xe1, 0x94,
    0x47, 0xf2, 0x0, 0x7f, 0xff, 0xc0, 0x3f, 0xff,
    0xe0, 0x1f, 0xff, 0xf0, 0xf, 0xff, 0xf8, 0x7,
    0xff, 0x91, 0xbf, 0xff, 0xf8, 0xf6, 0x1, 0xff,
    0xff, 0x0, 0xff, 0xff, 0x80, 0x7f, 0xff, 0xc0,
    0x3f, 0xff, 0xe0, 0x1f, 0xff, 0xf0, 0xf, 0xff,
    0xf8, 0x7, 0xff, 0x95, 0xbb, 0xbf, 0xf8, 0xf6,
    0x1, 0x0,

    /* U+0023 "#" */
    0x0, 0xff, 0xe5, 0xd7, 0xff, 0xff, 0x3, 0x0,
    0x3f, 0xf8, 0x97, 0xff, 0xff, 0xc0, 0xb0, 0xf,
    0xfe, 0x83, 0x0, 0x7f, 0xf0, 0x14, 0x3, 0xff,
    0x88, 0xc0, 0x1f, 0xfc, 0x3, 0x0, 0xff, 0xe8,
    0x10, 0x7, 0xff, 0x3, 0x80, 0x3f, 0xf8, 0x84,
    0x1, 0xff, 0xc0, 0xe0, 0xf, 0xfe, 0x80, 0x80,
    0x7f, 0xf0, 0x8, 0x3, 0xff, 0x86, 0x20, 0x1f,
    0xfc, 0x12, 0x0, 0xff, 0xe7, 0x98, 0x7, 0xff,
    0x5, 0x80, 0x3f, 0xf8, 0x64, 0x1, 0xff, 0xc1,
    0x60, 0xf, 0xfe, 0x7b, 0x0, 0x7f, 0xf0, 0x48,
    0x3, 0xff, 0x86, 0xc0, 0x1f, 0xfc, 0x12, 0x0,
    0xff, 0xe7, 0x90, 0x7, 0xff, 0x4, 0x40, 0x3f,
    0xf8, 0x7a, 0x1, 0xff, 0xc0, 0x10, 0xf, 0xfe,
    0x87, 0x0, 0x7f, 0xf0, 0xc, 0x3, 0xff, 0x88,
    0x40, 0x1f, 0xfc, 0x2, 0x0, 0xff, 0xe8, 0x10,
    0x7, 0xff, 0x1, 0x80, 0x3f, 0xf8, 0x8c, 0x1,
    0xff, 0xc0, 0x50, 0xf, 0xfe, 0x83, 0x0, 0x7f,
    0xf0, 0x8, 0x3, 0xff, 0x88, 0x40, 0x1f, 0xfc,
    0xe, 0x0, 0xff, 0xe8, 0x10, 0x7, 0xff, 0x3,
    0x80, 0x3f, 0xf8, 0x82, 0x1, 0xff, 0xc0, 0x20,
    0xf, 0xfe, 0x79, 0x0, 0x7f, 0xf0, 0x48, 0x3,
    0xff, 0x86, 0x40, 0x1f, 0xfc, 0x16, 0x0, 0xff,
    0xe7, 0xb0, 0x7, 0xff, 0x5, 0x80, 0x3f, 0xf8,
    0x6e, 0x1, 0xff, 0xc1, 0x20, 0xf, 0xfe, 0x79,
    0x0, 0x7f, 0xf0, 0x48, 0x3, 0xff, 0x86, 0x40,
    0x1f, 0xfc, 0x11, 0x0, 0xff, 0xe7, 0xf0, 0x7,
    0xff, 0x0, 0x80, 0x3f, 0xf8, 0x9c, 0x1, 0xff,
    0xc0, 0x30, 0xf, 0xfe, 0x81, 0x0, 0x7f, 0xf0,
    0x18, 0x3, 0xff, 0x88, 0x40, 0x1f, 0xfc, 0x6,
    0x0, 0xff, 0xe8, 0x30, 0x7, 0xff, 0x0, 0x80,
    0x3f, 0xf8, 0x8c, 0x1, 0xff, 0xc0, 0x20, 0xf,
    0xfe, 0x81, 0x80, 0x7f, 0xf0, 0x38, 0x3, 0xff,
    0x88, 0x40, 0x1f, 0xfc, 0xe, 0x0, 0xff, 0xe7,
    0x88, 0x7, 0xff, 0x4, 0x80, 0x3f, 0xf8, 0x64,
    0x1, 0xff, 0xc1, 0x20, 0xf, 0xfe, 0x79, 0x0,
    0x7f, 0xf0, 0x5c, 0x3, 0xff, 0x86, 0xc0, 0x1f,
    0xfc, 0x16, 0x0, 0xff, 0xe7, 0xb0, 0x7, 0xff,
    0x4, 0x80, 0x3f, 0xf8, 0x64, 0x1, 0xff, 0xc1,
    0x20, 0xf, 0xfe, 0x79, 0x0, 0x7f, 0xf0, 0x4,
    0x3, 0xff, 0x89, 0xc0, 0x1f, 0xfc, 0x2, 0x0,
    0xff, 0xe8, 0x70, 0x7, 0xff, 0x0, 0x80, 0x3f,
    0xf8, 0x84, 0x1, 0xff, 0xc0, 0x60, 0xf, 0xfe,
    0x82, 0x80, 0x7f, 0xf0, 0x18, 0x3, 0xff, 0x88,
    0xe0, 0x1f, 0xfc, 0x2, 0x0, 0xff, 0xe8, 0x10,
    0x7, 0xff, 0x0, 0x80, 0x3f, 0xf8, 0x84, 0x1,
    0xff, 0xc0, 0xe0, 0xf, 0xfe, 0x80, 0x80, 0x7f,
    0xf0, 0x34, 0x3, 0xff, 0x86, 0x20, 0x1f, 0xfc,
    0x12, 0x0, 0xff, 0xe7, 0x90, 0x7, 0xff, 0x5,
    0x80, 0x3f, 0xf8, 0x64, 0x1, 0xff, 0xc1, 0x70,
    0xf, 0xfe, 0x7b, 0x0, 0x7f, 0xf0, 0x48, 0x3,
    0xff, 0x86, 0xc0, 0x1f, 0xfc, 0x12, 0x0, 0xff,
    0xe7, 0x90, 0x7, 0xff, 0x4, 0x40, 0x3f, 0xf8,
    0x64, 0x1, 0xff, 0xc0, 0x10, 0xf, 0xfe, 0x87,
    0x80, 0x7f, 0xf0, 0x8, 0x3, 0xff, 0x89, 0xa0,
    0x1f, 0xfc, 0x2, 0x0, 0xff, 0xe8, 0x10, 0x7,
    0xff, 0x1, 0x80, 0x3f, 0xf8, 0x8c, 0x1, 0xff,
    0xc0, 0x60, 0xf, 0xfe, 0x83, 0x0, 0x7f, 0xf0,
    0xc, 0x3, 0xff, 0x88, 0x40, 0x1f, 0xfc, 0x2,
    0x0, 0xff, 0xe8, 0x10, 0x7, 0xff, 0x3, 0x80,
    0x3f, 0xf8, 0x82, 0x1, 0xff, 0xc0, 0xd0, 0xf,
    0xfe, 0x78, 0x80, 0x7f, 0xf0, 0x48, 0x3, 0xff,
    0x86, 0x40, 0x1f, 0xfc, 0x16, 0x0, 0xff, 0xe7,
    0x90, 0x7, 0xff, 0x5, 0x80, 0x3f, 0xf8, 0x6c,
    0x1, 0xff, 0xc1, 0x20, 0xf, 0xfe, 0x7a, 0x80,
    0x7f, 0xf0, 0x48, 0x3, 0xff, 0x86, 0x60, 0x1f,
    0xfc, 0x11, 0x0, 0xff, 0xe7, 0xf0, 0x7, 0xff,
    0x0, 0x40, 0x3f, 0xf8, 0x9c, 0x1, 0xff, 0xc0,
    0x20, 0xf, 0xfe, 0x81, 0x0, 0x7f, 0xf0, 0x14,
    0x3, 0xff, 0x88, 0x40, 0x1f, 0xfc, 0x6, 0x0,
    0xff, 0xe8, 0x30, 0x7, 0xff, 0x0, 0x80, 0x3f,
    0xf8, 0x8c, 0x1, 0xff, 0xc0, 0x30, 0xf, 0xfe,
    0x81, 0x0, 0x7f, 0xf0, 0x38, 0x3, 0xff, 0x88,
    0x40, 0x1f, 0xfc, 0xe, 0x0, 0xff, 0xe8, 0x8,
    0x7, 0xff, 0x0, 0x80, 0x3f, 0xf8, 0x62, 0x1,
    0xff, 0xc1, 0x20, 0xf, 0xfe, 0x79, 0x80, 0x7f,
    0xf0, 0x58, 0x3, 0xff, 0x86, 0xa0, 0x1f, 0xfc,
    0x16, 0x0, 0xff, 0xe2, 0x4e, 0xef, 0xfb, 0x80,
    0x3f, 0xf8, 0x3d, 0xbb, 0xff, 0xc3, 0x90, 0xf,
    0xfe, 0xf, 0xee, 0xff, 0x8, 0x7, 0x88, 0xbf,
    0xf8, 0x0, 0x1f, 0xfc, 0x12, 0x2f, 0xfe, 0x28,
    0x7, 0xff, 0x4, 0x8b, 0xfc, 0x1, 0xff, 0xff,
    0x0, 0xff, 0xff, 0x80, 0x7f, 0xff, 0xc0, 0x3f,
    0xff, 0xe0, 0x1f, 0xff, 0xf0, 0xf, 0xff, 0xf8,
    0x7, 0xff, 0xfc, 0x3, 0xff, 0xfe, 0x1, 0xff,
    0xff, 0x0, 0xff, 0xf4, 0x5f, 0xff, 0xf0, 0x80,
    0x7f, 0xf0, 0x23, 0xff, 0xff, 0x88, 0x1, 0xff,
    0xc1, 0x9f, 0xff, 0xf8, 0x40, 0x3f, 0xf8, 0x62,
    0x20, 0xf, 0xfe, 0x1, 0x0, 0x7f, 0xf0, 0xc8,
    0x3, 0xff, 0x82, 0x40, 0x1f, 0xfc, 0xf2, 0x0,
    0xff, 0xe0, 0xb0, 0x7, 0xff, 0xd, 0x80, 0x3f,
    0xf8, 0x2c, 0x1, 0xff, 0xcf, 0x60, 0xf, 0xfe,
    0x9, 0x80, 0x7f, 0xf0, 0xc8, 0x3, 0xff, 0x82,
    0x40, 0x1f, 0xfc, 0xf2, 0x0, 0xff, 0xe0, 0x8,
    0x7, 0xff, 0x13, 0x80, 0x3f, 0xf8, 0x4, 0x1,
    0xff, 0xd0, 0xe0, 0xf, 0xfe, 0x1, 0x0, 0x7f,
    0xf1, 0x8, 0x3, 0xff, 0x80, 0xc0, 0x1f, 0xfd,
    0x2, 0x0, 0xff, 0xe0, 0x30, 0x7, 0xff, 0x11,
    0x80, 0x3f, 0xf8, 0x4, 0x1, 0xff, 0xd0, 0x50,
    0xf, 0xfe, 0x1, 0x0, 0x7f, 0xf1, 0x8, 0x3,
    0xff, 0x81, 0xc0, 0x1f, 0xfd, 0x1, 0x0, 0xff,
    0xe0, 0x70, 0x7, 0xff, 0xc, 0x44, 0x1, 0xff,
    0xc0, 0x20, 0xf, 0xfe, 0x79, 0x0, 0x7f, 0xf0,
    0x54, 0x3, 0xff, 0x86, 0x40, 0x1f, 0xfc, 0x16,
    0x0, 0xff, 0xe7, 0xb0, 0x7, 0xff, 0x4, 0x80,
    0x3f, 0xf8, 0x6c, 0x1, 0xff, 0xc1, 0x30, 0xf,
    0xfe, 0x79, 0x0, 0x7f, 0xf0, 0x44, 0x3, 0xff,
    0x86, 0x40, 0x1f, 0xfc, 0x1, 0x0, 0xff, 0xe8,
    0x70, 0x7, 0xff, 0x0, 0x80, 0x3f, 0xf8, 0x9c,
    0x1, 0xff, 0xc0, 0x20, 0xf, 0xfe, 0x81, 0x80,
    0x7f, 0xf0, 0x18, 0x3, 0xff, 0x88, 0xa0, 0x1f,
    0xfc, 0x6, 0x0, 0xff, 0xe8, 0x30, 0x7, 0xff,
    0x0, 0x80, 0x3f, 0xf8, 0x84, 0x1, 0xff, 0xc0,
    0x20, 0xf, 0xfe, 0x81, 0x0, 0x7f, 0xf0, 0x3c,
    0x3, 0xff, 0x88, 0x20, 0x1f, 0xfc, 0xe, 0x0,
    0xff, 0xe7, 0x88, 0x7, 0xff, 0x4, 0x80, 0x3f,
    0xf8, 0x64, 0x1, 0xff, 0xc1, 0x50, 0xf, 0xfe,
    0x79, 0x0, 0x7f, 0xf0, 0x58, 0x3, 0xff, 0x86,
    0xc0, 0x1f, 0xfc, 0x12, 0x0, 0xff, 0xe7, 0xb0,
    0x7, 0xff, 0x4, 0x80, 0x3f, 0xf8, 0x64, 0x1,
    0xff, 0xc1, 0x10, 0xf, 0xfe, 0x79, 0x0, 0x7f,
    0xf0, 0x4, 0x3, 0xff, 0x89, 0xc0, 0x1f, 0xfc,
    0x2, 0x0, 0xff, 0xe8, 0x68, 0x7, 0xff, 0x0,
    0x80, 0x3f, 0xf8, 0x86, 0x1, 0xff, 0xc0, 0x60,
    0xf, 0xfe, 0x83, 0x0, 0x7f, 0xf0, 0x14, 0x3,
    0xff, 0x88, 0xc0, 0x1f, 0xfc, 0x2, 0x0, 0xff,
    0xe8, 0x10, 0x7, 0xff, 0x3, 0x80, 0x3f, 0xf8,
    0x84, 0x1, 0xff, 0xc0, 0xf0, 0xf, 0xfe, 0x80,
    0x80, 0x7f, 0xf0, 0x8, 0x3, 0xff, 0x86, 0x20,
    0x1f, 0xfc, 0x12, 0x0, 0xff, 0xe7, 0x90, 0x7,
    0xff, 0x5, 0x80, 0x3f, 0xf8, 0x64, 0x1, 0xff,
    0xc1, 0x60, 0xf, 0xfe, 0x7b, 0x0, 0x7f, 0xf0,
    0x48, 0x3, 0xff, 0x86, 0xc0, 0x1f, 0xfc, 0x12,
    0x0, 0xff, 0xe7, 0x98, 0x7, 0xff, 0x4, 0x40,
    0x3f, 0xf8, 0x7a, 0x1, 0xff, 0xc0, 0x10, 0xf,
    0xfe, 0x87, 0x0, 0x7f, 0xf0, 0xc, 0x3, 0xff,
    0x88, 0x40, 0x1f, 0xfc, 0x5, 0x0, 0xff, 0xe8,
    0x10, 0x7, 0xff, 0x1, 0x80, 0x3f, 0xf8, 0x8c,
    0x1, 0xff, 0xc0, 0x20, 0xf, 0xfe, 0x83, 0x0,
    0x7f, 0xf0, 0x8, 0x3, 0xff, 0x88, 0x40, 0x1f,
    0xfc, 0xe, 0x0, 0xff, 0xe8, 0x10, 0x7, 0xff,
    0x3, 0x80, 0x3f, 0xf8, 0x82, 0x1, 0xff, 0xc0,
    0x20, 0xf, 0xfe, 0x78, 0x80, 0x7f, 0xf0, 0x48,
    0x3, 0xff, 0x86, 0x40, 0x1f, 0xfc, 0x16, 0x0,
    0xff, 0xe2, 0x6f, 0xff, 0xfb, 0x80, 0x3f, 0xf8,
    0x37, 0xff, 0xff, 0xc3, 0xd0, 0xf, 0xfe, 0xe,
    0x7f, 0xff, 0x0, 0x7f, 0xff, 0xc0, 0x3f, 0xff,
    0xe0, 0x1f, 0xff, 0xf0, 0xf, 0xff, 0xf8, 0x7,
    0xff, 0xfc, 0x3, 0xff, 0xfe, 0x1, 0xff, 0xff,
    0x0, 0xff, 0xff, 0x80, 0x7f, 0xff, 0xc0, 0x3f,
    0xfd, 0xe, 0x45, 0xfc, 0x1, 0xff, 0xc1, 0x12,
    0x2f, 0xfe, 0x20, 0x7, 0xff, 0x4, 0x48, 0xbf,
    0xe0, 0xf, 0xab, 0x77, 0xf8, 0x80, 0x3f, 0xf8,
    0xd, 0xbb, 0xff, 0xc4, 0x10, 0xf, 0xfe, 0x4,
    0xee, 0xff, 0xc0, 0x1f, 0xfc, 0x52, 0x0, 0xff,
    0xe0, 0x70, 0x7, 0xff, 0x10, 0x40, 0x3f, 0xf8,
    0x4, 0x1, 0xff, 0xcf, 0x20, 0xf, 0xfe, 0x9,
    0x0, 0x7f, 0xf0, 0xcc, 0x3, 0xff, 0x82, 0xc0,
    0x1f, 0xfc, 0xf6, 0x0, 0xff, 0xe0, 0xa8, 0x7,
    0xff, 0xd, 0x80, 0x3f, 0xf8, 0x24, 0x1, 0xff,
    0xcf, 0x20, 0xf, 0xfe, 0x8, 0x80, 0x7f, 0xf0,
    0xc8, 0x3, 0xff, 0x80, 0x22, 0x0, 0xff, 0xe7,
    0xf0, 0x7, 0xff, 0x0, 0x80, 0x3f, 0xf8, 0x9c,
    0x1, 0xff, 0xc0, 0x20, 0xf, 0xfe, 0x81, 0x0,
    0x7f, 0xf0, 0x18, 0x3, 0xff, 0x88, 0x40, 0x1f,
    0xfc, 0x6, 0x0, 0xff, 0xe8, 0x30, 0x7, 0xff,
    0x0, 0x80, 0x3f, 0xf8, 0x8c, 0x1, 0xff, 0xc0,
    0x20, 0xf, 0xfe, 0x81, 0x80, 0x7f, 0xf0, 0x38,
    0x3, 0xff, 0x88, 0x40, 0x1f, 0xfc, 0xe, 0x0,
    0xff, 0xe7, 0x88, 0x7, 0xff, 0x4, 0xc0, 0x3f,
    0xf8, 0x64, 0x1, 0xff, 0xc1, 0x20, 0xf, 0xfe,
    0x79, 0x0, 0x7f, 0xf0, 0x58, 0x3, 0xff, 0x86,
    0xc0, 0x1f, 0xfc, 0x15, 0x0, 0xff, 0xe7, 0xb0,
    0x7, 0xff, 0x4, 0x80, 0x3f, 0xf8, 0x64, 0x1,
    0xff, 0xc1, 0x10, 0xf, 0xfe, 0x79, 0x0, 0x7f,
    0xf0, 0x4, 0x3, 0xff, 0x89, 0xc0, 0x1f, 0xfc,
    0x2, 0x0, 0xff, 0xe8, 0x70, 0x7, 0xff, 0x0,
    0x80, 0x3f, 0xf8, 0x84, 0x1, 0xff, 0xc0, 0x60,
    0xf, 0xfe, 0x82, 0x80, 0x7f, 0xf0, 0x18, 0x3,
    0xff, 0x88, 0xe0, 0x1f, 0xfc, 0x2, 0x0, 0xff,
    0xe8, 0x10, 0x7, 0xff, 0x3, 0x40, 0x3f, 0xf8,
    0x84, 0x1, 0xff, 0xc0, 0xe0, 0xf, 0xfe, 0x80,
    0x80, 0x7f, 0xf0, 0x8, 0x3, 0xff, 0x86, 0x20,
    0x1f, 0xfc, 0x13, 0x0, 0xff, 0xe7, 0x90, 0x7,
    0xff, 0x5, 0x80, 0x3f, 0xf8, 0x64, 0x1, 0xff,
    0xc1, 0x60, 0xf, 0xfe, 0x7b, 0x0, 0x7f, 0xf0,
    0x48, 0x3, 0xff, 0x86, 0xc0, 0x1f, 0xfc, 0x12,
    0x0, 0xff, 0xe7, 0x90, 0x7, 0xff, 0x4, 0x40,
    0x3f, 0xf8, 0x64, 0x1, 0xff, 0xc0, 0x10, 0xf,
    0xfe, 0x87, 0x80, 0x7f, 0xf0, 0x8, 0x3, 0xff,
    0x89, 0xa0, 0x1f, 0xfc, 0x2, 0x0, 0xff, 0xe8,
    0x10, 0x7, 0xff, 0x1, 0xc0, 0x3f, 0xf8, 0x8c,
    0x1, 0xff, 0xc0, 0x60, 0xf, 0xfe, 0x83, 0x0,
    0x7f, 0xf0, 0x8, 0x3, 0xff, 0x88, 0x40, 0x1f,
    0xfc, 0xd, 0x0, 0xff, 0xe8, 0x10, 0x7, 0xff,
    0x3, 0x80, 0x3f, 0xf8, 0x82, 0x1, 0xff, 0xc0,
    0x20, 0xf, 0xfe, 0x78, 0x80, 0x7f, 0xf0, 0x48,
    0x3, 0xff, 0x86, 0x40, 0x1f, 0xfc, 0x16, 0x0,
    0xff, 0xe7, 0xa8, 0x7, 0xff, 0x5, 0x80, 0x3f,
    0xf8, 0x6e, 0x1, 0xff, 0xc1, 0x20, 0xf, 0xfe,
    0x79, 0x0, 0x7f, 0xf0, 0x48, 0x3, 0xff, 0x86,
    0x40, 0x1f, 0xfc, 0x11, 0x0, 0xff, 0xe7, 0xf0,
    0x7, 0xff, 0x0, 0x80, 0x3f, 0xf8, 0x9c, 0x1,
    0xff, 0xc0, 0x20, 0xf, 0xfe, 0x81, 0x0, 0x7f,
    0xf0, 0x18, 0x3, 0xff, 0x88, 0x40, 0x1f, 0xfc,
    0x7, 0x0, 0xff, 0xe8, 0x30, 0x7, 0xff, 0x0,
    0x80, 0x3f, 0xf8, 0x8c, 0x1, 0xff, 0xc0, 0x20,
    0xf, 0xfe, 0x81, 0x0, 0x7f, 0xf0, 0x38, 0x3,
    0xff, 0x88, 0x40, 0x1f, 0xfc, 0xe, 0x0, 0xff,
    0xe8, 0x8, 0x7, 0xff, 0x0, 0x80, 0x3f, 0xf8,
    0x64, 0x1, 0xff, 0xc1, 0x20, 0xf, 0xfe, 0x79,
    0x80, 0x7f, 0xf0, 0x58, 0x3, 0xff, 0x86, 0xc0,
    0x1f, 0xfc, 0x16, 0x0, 0xff, 0xe7, 0xb0, 0x7,
    0xff, 0x4, 0xc0, 0x3f, 0xf8, 0x64, 0x1, 0xff,
    0xc1, 0x20, 0xf, 0xfe, 0x79, 0x0, 0x7f, 0xf0,
    0x4, 0x3, 0xff, 0x89, 0xc0, 0x1f, 0xfc, 0x2,
    0x0, 0xff, 0xe8, 0x70, 0x7, 0xff, 0x0, 0x80,
    0x3f, 0xf8, 0x84, 0x1, 0xff, 0xc0, 0x60, 0xf,
    0xfe, 0x81, 0x0, 0x7f, 0xf0, 0x18, 0x3, 0xff,
    0x88, 0xc0, 0x1f, 0xfc, 0x2, 0x0, 0xff, 0xe8,
    0x28, 0x7, 0xff, 0x0, 0x80, 0x3f, 0xf8, 0x86,
    0x1, 0xff, 0xc0, 0xe0, 0xf, 0xfe, 0x80, 0x80,
    0x7f, 0xf0, 0x38, 0x3, 0xff, 0x86, 0x20, 0x1f,
    0xfc, 0x12, 0x0, 0xff, 0xe7, 0x90, 0x7, 0xff,
    0x5, 0x40, 0x3f, 0xf8, 0x64, 0x1, 0xff, 0xc1,
    0x60, 0xf, 0xfe, 0x7b, 0x0, 0x7f, 0xf0, 0x48,
    0x3, 0xff, 0x86, 0xc0, 0x1f, 0xfc, 0x13, 0x0,
    0xff, 0xe7, 0x90, 0x7, 0xff, 0x4, 0x40, 0x3f,
    0xf8, 0x64, 0x1, 0xff, 0xc0, 0x10, 0xf, 0xfe,
    0x60,

    /* U+002D "-" */
    0x1, 0x1f, 0xff, 0x7a, 0xf7, 0x7f, 0xfb, 0xc0,
    0x3f, 0xff, 0xe0, 0x1f, 0xff, 0xf0, 0xf, 0xff,
    0xf8, 0x7, 0xff, 0xfc, 0x3, 0xff, 0xfe, 0x1,
    0xff, 0xff, 0x0, 0xff, 0xff, 0x80, 0x7f, 0xff,
    0xc0, 0x3f, 0xff, 0xe0, 0x1f, 0xff, 0xf0, 0xf,
    0xff, 0xf8, 0x7, 0xff, 0xfc, 0x3, 0xff, 0xfe,
    0x1, 0xff, 0xff, 0x0, 0xff, 0xff, 0x80, 0x7f,
    0xf0, 0xc0,

    /* U+002F "/" */
    0x0, 0xff, 0xe7, 0xc4, 0x7f, 0xf0, 0xd4, 0x3,
    0xff, 0x9c, 0x6e, 0xff, 0xfc, 0x3c, 0x0, 0xff,
    0xe7, 0x28, 0x7, 0xff, 0xf, 0xc0, 0x3f, 0xf9,
    0xde, 0x1, 0xff, 0xc3, 0x50, 0xf, 0xfe, 0x71,
    0x0, 0x7f, 0xf0, 0xcc, 0x3, 0xff, 0x9c, 0xa0,
    0x1f, 0xfc, 0x22, 0x0, 0xff, 0xe7, 0x8, 0x80,
    0x3f, 0xf8, 0x4e, 0x1, 0xff, 0xce, 0x50, 0xf,
    0xfe, 0x1e, 0x80, 0x7f, 0xf3, 0x8c, 0x3, 0xff,
    0x86, 0x60, 0x1f, 0xfc, 0xed, 0x0, 0xff, 0xe1,
    0xa8, 0x7, 0xff, 0x39, 0xc0, 0x3f, 0xf8, 0x42,
    0x20, 0xf, 0xfe, 0x71, 0x0, 0x7f, 0xf0, 0x94,
    0x3, 0xff, 0x9c, 0x60, 0x1f, 0xfc, 0x33, 0x0,
    0xff, 0xe7, 0x28, 0x7, 0xff, 0xf, 0x80, 0x3f,
    0xf9, 0xde, 0x1, 0xff, 0xc3, 0x50, 0xf, 0xfe,
    0x72, 0x80, 0x7f, 0xf0, 0xcc, 0x3, 0xff, 0x9c,
    0x40, 0x1f, 0xfc, 0x22, 0x0, 0xff, 0xe7, 0x8,
    0x80, 0x3f, 0xf8, 0x4e, 0x1, 0xff, 0xce, 0x50,
    0xf, 0xfe, 0x1e, 0x80, 0x7f, 0xf3, 0x8c, 0x3,
    0xff, 0x86, 0x60, 0x1f, 0xfc, 0xed, 0x0, 0xff,
    0xe1, 0xa8, 0x7, 0xff, 0x39, 0xc0, 0x3f, 0xf8,
    0x42, 0x20, 0xf, 0xfe, 0x71, 0x0, 0x7f, 0xf0,
    0x94, 0x3, 0xff, 0x9c, 0x60, 0x1f, 0xfc, 0x33,
    0x0, 0xff, 0xe7, 0x28, 0x7, 0xff, 0xf, 0x40,
    0x3f, 0xf9, 0xde, 0x1, 0xff, 0xc3, 0x70, 0xf,
    0xfe, 0x72, 0x80, 0x7f, 0xf0, 0xc8, 0x3, 0xff,
    0x9c, 0x60, 0x1f, 0xfc, 0x22, 0x0, 0xff, 0xe7,
    0x10, 0x7, 0xff, 0xd, 0xc0, 0x3f, 0xf9, 0xcc,
    0x1, 0xff, 0xc3, 0xd0, 0xf, 0xfe, 0x71, 0x80,
    0x7f, 0xf0, 0xcc, 0x3, 0xff, 0x9d, 0xa0, 0x1f,
    0xfc, 0x35, 0x0, 0xff, 0xe7, 0x38, 0x7, 0xff,
    0x8, 0x44, 0x1, 0xff, 0xce, 0x20, 0xf, 0xfe,
    0x12, 0x80, 0x7f, 0xf3, 0x8c, 0x3, 0xff, 0x86,
    0x60, 0x1f, 0xfc, 0xe5, 0x0, 0xff, 0xe1, 0xe8,
    0x7, 0xff, 0x3b, 0xc0, 0x3f, 0xf8, 0x6e, 0x1,
    0xff, 0xce, 0x50, 0xf, 0xfe, 0x19, 0x0, 0x7f,
    0xf3, 0x8c, 0x3, 0xff, 0x84, 0x40, 0x1f, 0xfc,
    0xe2, 0x0, 0xff, 0xe1, 0xb8, 0x7, 0xff, 0x39,
    0xc0, 0x3f, 0xf8, 0x7a, 0x1, 0xff, 0xce, 0x20,
    0xf, 0xfe, 0x19, 0x80, 0x7f, 0xf3, 0xb4, 0x3,
    0xff, 0x86, 0xa0, 0x1f, 0xfc, 0xe7, 0x0, 0xff,
    0xe1, 0x8, 0x80, 0x3f, 0xf9, 0xc4, 0x1, 0xff,
    0xc2, 0x50, 0xf, 0xfe, 0x71, 0x80, 0x7f, 0xf0,
    0xcc, 0x3, 0xff, 0x9c, 0xa0, 0x1f, 0xfc, 0x3d,
    0x0, 0xff, 0xe7, 0x78, 0x7, 0xff, 0xd, 0xc0,
    0x3f, 0xf9, 0xca, 0x1, 0xff, 0xc3, 0x20, 0xf,
    0xfe, 0x71, 0x80, 0x7f, 0xf0, 0x8c, 0x3, 0xff,
    0x9c, 0x40, 0x1f, 0xfc, 0x36, 0x0, 0xff, 0xe7,
    0x38, 0x7, 0xff, 0xf, 0x40, 0x3f, 0xf9, 0xda,
    0x1, 0xff, 0xc3, 0x30, 0xf, 0xfe, 0x71, 0x80,
    0x7f, 0xf0, 0xd4, 0x3, 0xff, 0x9c, 0xc0, 0x1f,
    0xfc, 0x21, 0x10, 0x7, 0xff, 0x38, 0x80, 0x3f,
    0xf8, 0x4a, 0x1, 0xff, 0xce, 0x30, 0xf, 0xfe,
    0x19, 0x80, 0x7f, 0xf3, 0x94, 0x3, 0xff, 0x87,
    0xa0, 0x1f, 0xfc, 0xef, 0x0, 0xff, 0xe1, 0xb8,
    0x7, 0xff, 0x39, 0x40, 0x3f, 0xf8, 0x64, 0x1,
    0xff, 0xce, 0x30, 0xf, 0xfe, 0x11, 0x80, 0x7f,
    0xf3, 0x88, 0x3, 0xff, 0x86, 0xa0, 0x1f, 0xfc,
    0xe7, 0x0, 0xff, 0xe1, 0xf8, 0x7, 0xff, 0x3b,
    0x40, 0x3f, 0xf8, 0x64, 0x1, 0xff, 0xce, 0x30,
    0xf, 0xfe, 0x1a, 0x80, 0x7f, 0xf3, 0x94, 0x3,
    0xff, 0x84, 0x22, 0x0, 0xff, 0xe7, 0x8, 0x7,
    0xff, 0x9, 0x40, 0x3f, 0xf9, 0xc6, 0x1, 0xff,
    0xc3, 0x30, 0xf, 0xfe, 0x72, 0x80, 0x7f, 0xf0,
    0xf4, 0x3, 0xff, 0x9d, 0xe0, 0x1f, 0xfc, 0x37,
    0x0, 0xff, 0xe7, 0x28, 0x7, 0xff, 0xc, 0x80,
    0x3f, 0xf9, 0xc6, 0x1, 0xff, 0xc2, 0x30, 0xf,
    0xfe, 0x71, 0x0, 0x7f, 0xf0, 0xd4, 0x3, 0xff,
    0x9c, 0xe0, 0x1f, 0xfc, 0x3f, 0x0, 0xff, 0xe7,
    0x68, 0x7, 0xff, 0xd, 0x40, 0x3f, 0xf9, 0xc6,
    0x1, 0xff, 0xc3, 0x20, 0xf, 0xfe, 0x72, 0x80,
    0x7f, 0xf0, 0x84, 0x40, 0x1f, 0xfc, 0xd1, 0x10,
    0x7, 0xff, 0x9, 0x40, 0x3f, 0xf9, 0xc4, 0x1,
    0xff, 0xc3, 0x30, 0xf, 0xfe, 0x72, 0x80, 0x7f,
    0xf0, 0xf4, 0x3, 0xff, 0x9d, 0xe0, 0x1f, 0xfc,
    0x37, 0x0, 0xff, 0xe7, 0x28, 0x7, 0xff, 0xc,
    0x80, 0x3f, 0xf9, 0xc6, 0x1, 0xff, 0xc2, 0x30,
    0xf, 0xfe, 0x71, 0x0, 0x7f, 0xf0, 0xd4, 0x3,
    0xff, 0x9c, 0xe0, 0x1f, 0xfc, 0x3f, 0x0, 0xff,
    0xe7, 0x68, 0x7, 0xff, 0xd, 0x40, 0x3f, 0xf9,
    0xc6, 0x1, 0xff, 0xc3, 0x30, 0xf, 0xfe, 0x72,
    0x80, 0x7f, 0xf0, 0x88, 0x3, 0xff, 0x9c, 0x22,
    0x0, 0xff, 0xe1, 0x30, 0x7, 0xff, 0x39, 0x40,
    0x3f, 0xf8, 0x66, 0x1, 0xff, 0xce, 0x30, 0xf,
    0xfe, 0x1e, 0x80, 0x7f, 0xf3, 0xb8, 0x3, 0xff,
    0x86, 0xe0, 0x1f, 0xfc, 0xe5, 0x0, 0xff, 0xe1,
    0x90, 0x7, 0xff, 0x38, 0xc0, 0x3f, 0xf8, 0x46,
    0x1, 0xff, 0xce, 0x20, 0xf, 0xfe, 0x1a, 0x80,
    0x7f, 0xf3, 0x9c, 0x3, 0xff, 0x87, 0xe0, 0x1f,
    0xfc, 0xed, 0x0, 0xff, 0xe1, 0xa8, 0x7, 0xff,
    0x38, 0xc0, 0x3f, 0xf8, 0x66, 0x1, 0xff, 0xce,
    0x50, 0xf, 0xfe, 0x11, 0x0, 0x7f, 0xf3, 0x84,
    0x40, 0x1f, 0xfc, 0x27, 0x0, 0xff, 0xe7, 0x28,
    0x7, 0xff, 0xc, 0x80, 0x3f, 0xf9, 0xc6, 0x1,
    0xff, 0xc3, 0xd0, 0xf, 0xfe, 0x76, 0x80, 0x7f,
    0xf0, 0xdc, 0x3, 0xff, 0x9c, 0xc0, 0x1f, 0xfc,
    0x32, 0x0, 0xff, 0xe7, 0x18, 0x7, 0xff, 0x8,
    0xc0, 0x3f, 0xf9, 0xc4, 0x1, 0xff, 0xc3, 0x50,
    0xf, 0xfe, 0x73, 0x80, 0x7f, 0xf0, 0xfc, 0x3,
    0xff, 0x9d, 0xa0, 0x1f, 0xfc, 0x35, 0x0, 0xff,
    0xe7, 0x18, 0x7, 0xff, 0xc, 0xc0, 0x3f, 0xf9,
    0xca, 0x1, 0xff, 0xc2, 0x20, 0xf, 0xfe, 0x70,
    0x88, 0x3, 0xff, 0x84, 0xe0, 0x1f, 0xfc, 0xe5,
    0x0, 0xff, 0xe1, 0xe8, 0x7, 0xff, 0x38, 0xc0,
    0x3f, 0xf8, 0x64, 0x1, 0xff, 0xce, 0xd0, 0xf,
    0xfe, 0x1b, 0x80, 0x7f, 0xf3, 0x9c, 0x3, 0xff,
    0x86, 0x40, 0x1f, 0xfc, 0xe2, 0x0, 0xff, 0xe1,
    0x18, 0x7, 0xff, 0x38, 0x80, 0x3f, 0xf8, 0x6a,
    0x1, 0xff, 0xce, 0x70, 0xf, 0xfe, 0x1f, 0x80,
    0x7f, 0xf3, 0xb4, 0x3, 0xff, 0x86, 0xa0, 0x1f,
    0xfc, 0xe3, 0x0, 0xff, 0xe1, 0x98, 0x7, 0xff,
    0x39, 0x40, 0x3f, 0xf8, 0x44, 0x1, 0xff, 0xce,
    0x11, 0x0, 0x7f, 0xf0, 0x9c, 0x3, 0xff, 0x9c,
    0xa0, 0x1f, 0xfc, 0x3d, 0x0, 0xff, 0xe7, 0x18,
    0x7, 0xff, 0xc, 0xc0, 0x3f, 0xf9, 0xda, 0x1,
    0xff, 0xc3, 0x50, 0xf, 0xfe, 0x73, 0x80, 0x7f,
    0xf0, 0xc4, 0x3, 0xff, 0x9c, 0x40, 0x1f, 0xfc,
    0x23, 0x0, 0xff, 0xe7, 0x18, 0x7, 0xff, 0xd,
    0x40, 0x3f, 0xf9, 0xcc, 0x1, 0xff, 0xc3, 0xf0,
    0xf, 0xfe, 0x76, 0x80, 0x7f, 0xf0, 0xd4, 0x3,
    0xff, 0x9c, 0x60, 0x1f, 0xfc, 0x33, 0x0, 0xff,
    0xe7, 0x28, 0x7, 0xff, 0x8, 0x80, 0x3f, 0xf9,
    0xc2, 0x20, 0xf, 0xfe, 0x13, 0x80, 0x7f, 0xf3,
    0x94, 0x3, 0xff, 0x87, 0xa0, 0x1f, 0xfc, 0xe3,
    0x0, 0xff, 0xe1, 0x98, 0x7, 0xff, 0x3b, 0x40,
    0x3f, 0xf8, 0x6a, 0x1, 0xff, 0xce, 0x70, 0xf,
    0xfe, 0x10, 0x88, 0x3, 0xff, 0x9c, 0x40, 0x1f,
    0xfc, 0x22, 0x0, 0xff, 0xe7, 0x18, 0x7, 0xff,
    0xd, 0x40, 0x3f, 0xf9, 0xca, 0x1, 0xff, 0xc3,
    0xf0, 0xf, 0xfe, 0x77, 0x0, 0x7f, 0xf0, 0xd4,
    0x3, 0xff, 0x9c, 0x60, 0x1f, 0xfc, 0x33, 0x0,
    0xff, 0xe7, 0x28, 0x7, 0xff, 0x8, 0x80, 0x3f,
    0xf9, 0xc0,

    /* U+0030 "0" */
    0x0, 0xff, 0xe5, 0x93, 0x4d, 0xef, 0x7f, 0xdd,
    0xb7, 0x2e, 0x60, 0x1f, 0xfd, 0xf5, 0xae, 0xd9,
    0x64, 0x21, 0x0, 0x84, 0x91, 0xa3, 0x3e, 0xd8,
    0x40, 0x3f, 0xfb, 0x5, 0x3f, 0x4a, 0x20, 0x1f,
    0xfc, 0x44, 0x9e, 0xa3, 0x0, 0xff, 0xea, 0x15,
    0x6b, 0x0, 0x7f, 0xf2, 0xd7, 0x30, 0x80, 0x1f,
    0xfd, 0x18, 0xd5, 0x0, 0xff, 0xe7, 0x9d, 0xd8,
    0x80, 0x3f, 0xf9, 0xa7, 0xae, 0x1, 0xff, 0xd3,
    0x4d, 0x50, 0xf, 0xfe, 0x5b, 0x61, 0x0, 0x7f,
    0xf5, 0xaa, 0x80, 0x1f, 0xfc, 0x98, 0x90, 0xf,
    0xfe, 0xca, 0xd8, 0x80, 0x7f, 0xf1, 0xa5, 0xc0,
    0x3f, 0xfb, 0x69, 0x82, 0x1, 0xff, 0xc4, 0x96,
    0x0, 0xff, 0xee, 0x96, 0x80, 0x7f, 0xf0, 0xdd,
    0x80, 0x3f, 0xfb, 0xe7, 0x60, 0x1f, 0xfc, 0x13,
    0x80, 0xf, 0xff, 0xa, 0x40, 0x7, 0xfc, 0x3a,
    0x1, 0xff, 0xe3, 0x74, 0x0, 0xff, 0x40, 0x80,
    0x7f, 0xf9, 0x24, 0x3, 0xf9, 0x18, 0x3, 0xff,
    0xca, 0x50, 0x1, 0xfa, 0x0, 0x3f, 0xfc, 0xee,
    0x20, 0x1e, 0x43, 0x0, 0xff, 0xf4, 0x40, 0x7,
    0xa0, 0x3, 0xff, 0xd2, 0xc2, 0x1, 0x8c, 0xc0,
    0x1f, 0xfe, 0xa6, 0x0, 0xd4, 0x1, 0xff, 0xeb,
    0xa0, 0xc, 0xe0, 0x1f, 0xfc, 0xb1, 0x6b, 0xde,
    0xdc, 0x83, 0x0, 0xff, 0xe5, 0x91, 0x80, 0x8,
    0x40, 0x3f, 0xf9, 0x51, 0xd2, 0x84, 0x24, 0x6f,
    0x96, 0x40, 0x1f, 0xfc, 0xa4, 0x0, 0x20, 0x7,
    0xff, 0x24, 0x71, 0xc0, 0x3f, 0x93, 0x10, 0x3,
    0xff, 0x93, 0x80, 0xc, 0x0, 0xff, 0xe4, 0xe1,
    0x80, 0x7f, 0xc3, 0x64, 0x1, 0xff, 0xc8, 0x40,
    0x3, 0x80, 0x7f, 0xf2, 0x28, 0x80, 0x3f, 0xf8,
    0x5e, 0x1, 0xff, 0xc9, 0x10, 0x20, 0xf, 0xfe,
    0x39, 0x28, 0x7, 0xff, 0xc, 0x98, 0x3, 0xff,
    0x90, 0xa2, 0x1, 0xff, 0xc8, 0xb0, 0xf, 0xfe,
    0x2d, 0x80, 0x7f, 0xf2, 0x8, 0xc0, 0x3f, 0xf9,
    0x8, 0x1, 0xff, 0xc5, 0x22, 0x0, 0x7f, 0xf1,
    0xc4, 0x40, 0x1f, 0xfc, 0x71, 0x20, 0xf, 0xfe,
    0x33, 0x80, 0x7f, 0xf1, 0xfd, 0xc0, 0x3f, 0xf8,
    0xe6, 0x1, 0xff, 0xc7, 0x30, 0xf, 0xfe, 0xe0,
    0x80, 0x7f, 0xf1, 0xc4, 0x3, 0xff, 0x8e, 0x20,
    0x1f, 0xff, 0xf0, 0xf, 0xff, 0xf8, 0x7, 0xff,
    0xfc, 0x3, 0xff, 0xfe, 0x1, 0xff, 0xff, 0x0,
    0xff, 0xff, 0x80, 0x7f, 0xff, 0xc0, 0x3f, 0xff,
    0xe0, 0x1f, 0xff, 0xf0, 0xf, 0xff, 0xf8, 0x7,
    0xff, 0xfc, 0x3, 0xff, 0xfe, 0x1, 0xff, 0xff,
    0x0, 0xff, 0xff, 0x80, 0x7f, 0xff, 0xc0, 0x3f,
    0xff, 0xe0, 0x1f, 0xff, 0xf0, 0xf, 0xff, 0xf8,
    0x7, 0xff, 0xfc, 0x3, 0xff, 0xfe, 0x1, 0xff,
    0xff, 0x0, 0xff, 0xff, 0x80, 0x7f, 0xff, 0xc0,
    0x3f, 0xff, 0xe0, 0x1f, 0xff, 0xf0, 0xf, 0xff,
    0xf8, 0x7, 0xff, 0xfc, 0x3, 0xff, 0xfe, 0x1,
    0xff, 0xff, 0x0, 0xff, 0xff, 0x80, 0x7f, 0xff,
    0xc0, 0x3f, 0xff, 0xe0, 0x1f, 0xff, 0xf0, 0xf,
    0xff, 0xf8, 0x7, 0xff, 0xfc, 0x3, 0xff, 0xfe,
    0x1, 0xff, 0xff, 0x0, 0xff, 0xff, 0x80, 0x7f,
    0xff, 0xc0, 0x3f, 0xff, 0xe0, 0x1f, 0xff, 0xf0,
    0xf, 0xff, 0xf8, 0x7, 0xff, 0xfc, 0x3, 0xff,
    0xfe, 0x1, 0xff, 0xff, 0x0, 0xff, 0xff, 0x80,
    0x7f, 0xff, 0xc0, 0x3f, 0xff, 0xe0, 0x1f, 0xff,
    0xf0, 0xf, 0xff, 0xf8, 0x7, 0xff, 0xfc, 0x3,
    0xff, 0xfe, 0x1, 0xff, 0xff, 0x0, 0xff, 0xff,
    0x80, 0x7f, 0xff, 0xc0, 0x3f, 0xff, 0xe0, 0x1f,
    0xff, 0xf0, 0xf, 0xff, 0xf8, 0x7, 0xff, 0xfc,
    0x3, 0xff, 0xfe, 0x1, 0xff, 0xff, 0x0, 0xff,
    0xff, 0x80, 0x7f, 0xff, 0xc0, 0x3f, 0xff, 0xe0,
    0x1f, 0xff, 0xf0, 0xf, 0xff, 0xf8, 0x7, 0xff,
    0xf0, 0x40, 0x3f, 0xf8, 0xe2, 0x1, 0xff, 0xc7,
    0x17, 0x0, 0xff, 0xe3, 0x98, 0x7, 0xff, 0x1c,
    0xc0, 0x3f, 0xf9, 0x2, 0x1, 0xff, 0xc7, 0x12,
    0x0, 0xff, 0xe3, 0x38, 0x7, 0xff, 0x1f, 0xcc,
    0x3, 0xff, 0x90, 0x80, 0x1f, 0xfc, 0x52, 0x20,
    0x7, 0xff, 0x1c, 0x44, 0x1, 0xff, 0xc8, 0xb0,
    0xf, 0xfe, 0x2d, 0x0, 0x7f, 0xf2, 0x8, 0x8,
    0x3, 0xff, 0x8e, 0x4a, 0x1, 0xff, 0xc3, 0x27,
    0x0, 0xff, 0xe4, 0x28, 0x38, 0x7, 0xff, 0x22,
    0x88, 0x3, 0xff, 0x85, 0xc0, 0x1f, 0xfc, 0x91,
    0xc, 0x0, 0xff, 0xe4, 0xe1, 0x80, 0x7f, 0xc3,
    0x66, 0x1, 0xff, 0xc8, 0x40, 0x2, 0x0, 0x7f,
    0xf2, 0x47, 0x1c, 0x3, 0xf9, 0x31, 0x0, 0x3f,
    0xf9, 0x38, 0x0, 0x21, 0x0, 0xff, 0xe5, 0x47,
    0x4a, 0x18, 0x92, 0x3e, 0x59, 0x0, 0x7f, 0xf2,
    0x90, 0x2, 0x70, 0xf, 0xfe, 0x58, 0xb5, 0xe7,
    0x6d, 0xc1, 0x80, 0x7f, 0xf2, 0xc8, 0xc0, 0x2a,
    0x0, 0xff, 0xf5, 0xd0, 0x6, 0x33, 0x0, 0x7f,
    0xfa, 0x98, 0x3, 0xa0, 0x3, 0xff, 0xd2, 0xc2,
    0x1, 0xc8, 0x60, 0x1f, 0xfe, 0x88, 0x0, 0xfa,
    0x0, 0x3f, 0xfc, 0xee, 0x20, 0x1f, 0x22, 0x80,
    0x7f, 0xf9, 0x4a, 0x0, 0x3f, 0xac, 0x40, 0x3f,
    0xfc, 0x92, 0x1, 0xfe, 0x1a, 0x0, 0xff, 0xf1,
    0xba, 0x0, 0x7f, 0xc9, 0x0, 0x1f, 0xfe, 0x14,
    0x80, 0xf, 0xfe, 0xb, 0xb0, 0x7, 0xff, 0x7c,
    0xec, 0x3, 0xff, 0x87, 0x2a, 0x1, 0xff, 0xdd,
    0x2d, 0x0, 0xff, 0xe2, 0xd3, 0x80, 0x7f, 0xf6,
    0xcf, 0x4, 0x3, 0xff, 0x8d, 0x12, 0x1, 0xff,
    0xd9, 0x5c, 0x10, 0xf, 0xfe, 0x43, 0x61, 0x0,
    0x7f, 0xf5, 0xa6, 0x80, 0x3f, 0xf9, 0x67, 0xae,
    0x1, 0xff, 0xd3, 0x4d, 0x60, 0xf, 0xfe, 0x74,
    0x6a, 0x80, 0x7f, 0xf3, 0xce, 0xec, 0x40, 0x1f,
    0xfd, 0x2, 0xad, 0x60, 0xf, 0xfe, 0x5a, 0x5e,
    0x20, 0x7, 0xff, 0x50, 0xa7, 0xe9, 0x44, 0x3,
    0xff, 0x88, 0x93, 0xd6, 0x80, 0x1f, 0xfd, 0x95,
    0xae, 0xd9, 0x64, 0x21, 0x0, 0x84, 0x91, 0xa3,
    0x3e, 0xd8, 0x40, 0x3f, 0xf8, 0xe0,

    /* U+0031 "1" */
    0x0, 0xff, 0xe3, 0xa7, 0x7f, 0xff, 0xf1, 0xe8,
    0x3, 0xff, 0x8d, 0x16, 0x20, 0x1f, 0xfd, 0x81,
    0xc7, 0x0, 0xff, 0xec, 0xa7, 0x98, 0x7, 0xff,
    0x66, 0x6c, 0x40, 0x3f, 0xfb, 0x5, 0x8c, 0x1,
    0xff, 0xd9, 0x5d, 0x30, 0xf, 0xfe, 0xcd, 0x50,
    0x3, 0xff, 0xb2, 0x7a, 0xa0, 0x1f, 0xfd, 0x96,
    0xc2, 0x0, 0xff, 0xec, 0xd, 0x48, 0x7, 0xff,
    0x64, 0xfd, 0x40, 0x3f, 0xfb, 0x2f, 0x82, 0x1,
    0xff, 0xd8, 0x1b, 0x80, 0xf, 0xfe, 0xc9, 0xfa,
    0x0, 0x7f, 0xf6, 0xa8, 0x40, 0x3f, 0xff, 0xe0,
    0x1f, 0xff, 0xf0, 0xf, 0xff, 0xf8, 0x7, 0xff,
    0x68, 0x50, 0x3, 0xff, 0xb4, 0x9f, 0x80, 0x1f,
    0xfd, 0x98, 0xb1, 0x0, 0xff, 0xec, 0xe, 0x38,
    0x7, 0xff, 0x65, 0x3c, 0xc0, 0x3f, 0xfb, 0x33,
    0x62, 0x1, 0xff, 0xd8, 0x2c, 0x60, 0xf, 0xfe,
    0xca, 0xe9, 0x80, 0x7f, 0xf6, 0x66, 0x80, 0x3f,
    0xfb, 0x27, 0xac, 0x1, 0xff, 0xd9, 0x6c, 0x20,
    0xf, 0xfe, 0xc0, 0xd4, 0x80, 0x7f, 0xf6, 0x4f,
    0xd4, 0x3, 0xff, 0xb2, 0xf8, 0x20, 0x1f, 0xfd,
    0x8e, 0xb8, 0x0, 0xff, 0xed, 0x3a, 0x0, 0x7f,
    0xff, 0xc0, 0x3f, 0xff, 0xe0, 0x1f, 0xff, 0xf0,
    0xf, 0xff, 0xf8, 0x7, 0xff, 0xfc, 0x3, 0xff,
    0xfe, 0x1, 0xff, 0xff, 0x0, 0xff, 0xff, 0x80,
    0x7f, 0xff, 0xc0, 0x3f, 0xff, 0xe0, 0x1f, 0xff,
    0xf0, 0xf, 0xff, 0xf8, 0x7, 0xff, 0xfc, 0x3,
    0xff, 0xfe, 0x1, 0xff, 0xff, 0x0, 0xff, 0xff,
    0x80, 0x7f, 0xff, 0xc0, 0x3f, 0xff, 0xe0, 0x1f,
    0xff, 0xf0, 0xf, 0xff, 0xf8, 0x7, 0xff, 0xfc,
    0x3, 0xff, 0xfe, 0x1, 0xff, 0xff, 0x0, 0xff,
    0xff, 0x80, 0x7f, 0xff, 0xc0, 0x3f, 0xff, 0xe0,
    0x1f, 0xff, 0xf0, 0xf, 0xff, 0xf8, 0x7, 0xff,
    0xfc, 0x3, 0xff, 0xfe, 0x1, 0xff, 0xff, 0x0,
    0xff, 0xff, 0x80, 0x7f, 0xff, 0xc0, 0x3f, 0xff,
    0xe0, 0x1f, 0xff, 0xf0, 0xf, 0xff, 0xf8, 0x7,
    0xff, 0xfc, 0x3, 0xff, 0xfe, 0x1, 0xff, 0xff,
    0x0, 0xff, 0xff, 0x80, 0x7f, 0xff, 0xc0, 0x3f,
    0xff, 0xe0, 0x1f, 0xff, 0xf0, 0xf, 0xff, 0xf8,
    0x7, 0xff, 0xfc, 0x3, 0xff, 0xfe, 0x1, 0xff,
    0xff, 0x0, 0xff, 0xff, 0x80, 0x7f, 0xff, 0xc0,
    0x3f, 0xff, 0xe0, 0x1f, 0xff, 0xf0, 0xf, 0xff,
    0xf8, 0x7, 0xff, 0xfc, 0x3, 0xff, 0xfe, 0x1,
    0xff, 0xff, 0x0, 0xff, 0xff, 0x80, 0x7f, 0xff,
    0xc0, 0x3e, 0x6d, 0xdf, 0xfe, 0x3d, 0x80,

    /* U+0032 "2" */
    0x0, 0xff, 0xff, 0x80, 0x7f, 0x13, 0x4d, 0xf7,
    0xff, 0xbb, 0x25, 0xd0, 0x3, 0xff, 0xbc, 0x51,
    0xba, 0x96, 0x41, 0x0, 0xf0, 0x9b, 0x45, 0xfd,
    0xb0, 0x7, 0xff, 0x65, 0x73, 0x5c, 0x80, 0x3f,
    0xf8, 0xa9, 0x3f, 0x24, 0x1, 0xff, 0xd4, 0x5d,
    0xa3, 0x0, 0xff, 0xe5, 0xb6, 0xc0, 0x7, 0xff,
    0x44, 0xae, 0x88, 0x3, 0xff, 0x9e, 0xfc, 0xa0,
    0x1f, 0xfc, 0xe7, 0xd4, 0x0, 0xff, 0xe9, 0xd,
    0x48, 0x7, 0xff, 0x2c, 0x6e, 0x0, 0x3f, 0xfa,
    0xcd, 0x82, 0x1, 0xff, 0xc8, 0x1c, 0x40, 0xf,
    0xfe, 0xc1, 0xe0, 0x80, 0x7f, 0xf1, 0x8b, 0xc8,
    0x3, 0xff, 0xb4, 0x58, 0x1, 0xff, 0xc5, 0x1c,
    0x10, 0xf, 0xfe, 0xe1, 0x58, 0x7, 0xff, 0xc,
    0x70, 0x40, 0x3f, 0xfb, 0xc9, 0x0, 0x1f, 0xfc,
    0x2a, 0x20, 0xf, 0xff, 0x3, 0x98, 0x7, 0xff,
    0x1, 0xd0, 0x3, 0xff, 0xc5, 0xc0, 0x1f, 0xf1,
    0xc0, 0x7, 0xff, 0x8c, 0xa0, 0x3, 0xfd, 0xe0,
    0x1f, 0xfe, 0x57, 0x10, 0xf, 0xcc, 0x60, 0x1f,
    0xfe, 0x68, 0x0, 0xfd, 0x0, 0x1f, 0xfe, 0x76,
    0x10, 0xf, 0x30, 0x80, 0x7f, 0xfa, 0x18, 0x3,
    0xd6, 0x1, 0xff, 0xe9, 0xa0, 0xe, 0x42, 0x0,
    0xff, 0xf4, 0x91, 0x80, 0x6e, 0x0, 0xff, 0xe5,
    0xa4, 0xef, 0x7f, 0xba, 0xd8, 0x40, 0x3f, 0xf9,
    0x56, 0x1, 0x94, 0x3, 0xff, 0x92, 0x9b, 0x6c,
    0x42, 0x0, 0x14, 0x9f, 0x60, 0xf, 0xfe, 0x4a,
    0x80, 0x48, 0x1, 0xff, 0xc9, 0x6b, 0x20, 0xf,
    0xe1, 0x97, 0x0, 0xff, 0xe4, 0x10, 0x80, 0x30,
    0x3, 0xff, 0x90, 0xb2, 0x1, 0xff, 0xc1, 0x84,
    0x0, 0xff, 0xe4, 0x20, 0x0, 0xc0, 0x3f, 0xf9,
    0x16, 0x1, 0xff, 0xc3, 0xa0, 0xf, 0xfe, 0x46,
    0x80, 0x14, 0x3, 0xff, 0x8e, 0xc2, 0x1, 0xff,
    0xc3, 0x15, 0x0, 0xff, 0xe3, 0x98, 0x0, 0x40,
    0x3f, 0xf8, 0xfa, 0x1, 0xff, 0xc5, 0xf0, 0xf,
    0xfe, 0x3a, 0x81, 0x0, 0x7f, 0xf2, 0x10, 0x3,
    0xff, 0x8a, 0x80, 0x1f, 0xfc, 0x71, 0x1, 0x0,
    0xff, 0xe3, 0x88, 0x7, 0xff, 0x18, 0x40, 0x3f,
    0xf9, 0x6, 0xe0, 0x1f, 0xfc, 0x73, 0x0, 0xff,
    0xe3, 0x98, 0x7, 0xff, 0x1d, 0xc0, 0x3f, 0xf9,
    0x2, 0x1, 0xff, 0xc7, 0x70, 0xf, 0xfe, 0x39,
    0x0, 0x7f, 0xf7, 0x4, 0x3, 0xff, 0x8e, 0x20,
    0x1f, 0xfd, 0xc3, 0x0, 0xff, 0xe3, 0xf8, 0x7,
    0xff, 0x70, 0x40, 0x3f, 0xff, 0xe0, 0x1c, 0x20,
    0x1f, 0xff, 0xf0, 0xf, 0xff, 0xf8, 0x7, 0xff,
    0xfc, 0x3, 0xff, 0xde, 0x20, 0x1f, 0xfc, 0x71,
    0x0, 0xff, 0xf8, 0xac, 0xcf, 0xff, 0x20, 0x3,
    0xff, 0x8e, 0x60, 0x1f, 0xfc, 0x7f, 0x16, 0x6f,
    0xfe, 0x3a, 0x80, 0x7f, 0xf1, 0xc4, 0x3, 0xff,
    0xe0, 0xe0, 0x1f, 0xfc, 0x71, 0x0, 0xff, 0xee,
    0x8, 0x7, 0xff, 0x1c, 0x80, 0x3f, 0xfb, 0x84,
    0x1, 0xff, 0xc7, 0x70, 0xf, 0xfe, 0xd9, 0x0,
    0x7f, 0xf2, 0x4, 0x3, 0xff, 0xb6, 0x80, 0x1f,
    0xfc, 0x82, 0x0, 0xff, 0xed, 0xe0, 0x7, 0xff,
    0x1c, 0x80, 0x3f, 0xfb, 0x8a, 0x1, 0xff, 0xc7,
    0x60, 0xf, 0xfe, 0xdb, 0x0, 0x7f, 0xf2, 0xc,
    0x3, 0xff, 0xb7, 0x60, 0x1f, 0xfc, 0x8c, 0x0,
    0xff, 0xed, 0x29, 0x0, 0x7f, 0xf2, 0x10, 0x3,
    0xff, 0xb5, 0x20, 0x1f, 0xfc, 0x84, 0x0, 0xff,
    0xed, 0x29, 0x80, 0x7f, 0xf2, 0x34, 0x3, 0xff,
    0xb5, 0x0, 0x1f, 0xfc, 0x96, 0x0, 0xff, 0xec,
    0xb1, 0x0, 0x7f, 0xf2, 0x18, 0x3, 0xff, 0xb5,
    0x0, 0x1f, 0xfc, 0x9b, 0x0, 0xff, 0xec, 0xb8,
    0x80, 0x7f, 0xf2, 0x10, 0x80, 0x3f, 0xfb, 0x32,
    0x1, 0xff, 0xc9, 0x80, 0xf, 0xfe, 0xcc, 0x8,
    0x7, 0xff, 0x21, 0xc, 0x3, 0xff, 0xb0, 0x2e,
    0x1, 0xff, 0xc9, 0x80, 0xf, 0xfe, 0xcc, 0x0,
    0x7f, 0xf2, 0x50, 0xc0, 0x3f, 0xfb, 0x4, 0xc0,
    0x1f, 0xfc, 0x98, 0x0, 0xff, 0xec, 0xc0, 0x7,
    0xff, 0x25, 0xc, 0x3, 0xff, 0xb0, 0x6a, 0x1,
    0xff, 0xc9, 0x80, 0xf, 0xfe, 0xcc, 0x0, 0x7f,
    0xf2, 0x54, 0xc0, 0x3f, 0xfb, 0x6, 0x80, 0x1f,
    0xfc, 0x98, 0x0, 0xff, 0xec, 0xf8, 0x7, 0xff,
    0x25, 0x88, 0x3, 0xff, 0xb0, 0xa6, 0x1, 0xff,
    0xc9, 0xb0, 0xf, 0xfe, 0xcc, 0x0, 0x7f, 0xf2,
    0x58, 0x80, 0x3f, 0xfb, 0xc, 0x40, 0x1f, 0xfc,
    0x98, 0x0, 0xff, 0xec, 0xc0, 0x7, 0xff, 0x25,
    0xc4, 0x3, 0xff, 0xb0, 0xe2, 0x1, 0xff, 0xc9,
    0x90, 0xf, 0xfe, 0xcc, 0x80, 0x7f, 0xf2, 0x60,
    0x40, 0x3f, 0xfb, 0x10, 0x20, 0x1f, 0xfc, 0x81,
    0x70, 0xf, 0xfe, 0xc0, 0xb8, 0x7, 0xff, 0x26,
    0x40, 0x3f, 0xfb, 0x30, 0x1, 0xff, 0xc9, 0x17,
    0x0, 0xff, 0xec, 0xb, 0x0, 0x7f, 0xf2, 0x60,
    0x3, 0xff, 0xb3, 0x60, 0x1f, 0xfc, 0x92, 0x60,
    0xf, 0xfe, 0xc1, 0x28, 0x7, 0xff, 0x26, 0xc0,
    0x3f, 0xfb, 0x32, 0x1, 0xff, 0xc9, 0x26, 0x0,
    0xff, 0xec, 0x1a, 0x0, 0x7f, 0xf2, 0x60, 0x3,
    0xff, 0xb3, 0xe0, 0x1f, 0xfc, 0x93, 0x50, 0xf,
    0xfe, 0xc2, 0x18, 0x7, 0xff, 0x26, 0x0, 0x3f,
    0xfb, 0x32, 0x1, 0xff, 0xc9, 0x34, 0x0, 0xff,
    0xec, 0x29, 0x0, 0x7f, 0xf2, 0x60, 0x3, 0xff,
    0xb3, 0x0, 0x1f, 0xfc, 0x94, 0x40, 0x7, 0xff,
    0x61, 0x88, 0x3, 0xff, 0x93, 0x0, 0x1f, 0xfd,
    0x98, 0x0, 0xff, 0xe4, 0xa1, 0x80, 0x7f, 0xf6,
    0x1c, 0x40, 0x3f, 0xf9, 0x32, 0x1, 0xff, 0xd8,
    0x18, 0x0, 0xff, 0xe4, 0xa9, 0x0, 0x7f, 0xf6,
    0x24, 0x3, 0xff, 0x95, 0x0, 0x1f, 0xfd, 0x81,
    0x70, 0xf, 0xfe, 0x4b, 0x10, 0x7, 0xff, 0x62,
    0x0, 0x3f, 0xf9, 0x50, 0x1, 0xff, 0xd8, 0x26,
    0x0, 0xff, 0xe4, 0xb0, 0x80, 0x7f, 0xf6, 0x20,
    0x3, 0xff, 0x95, 0x0, 0x1f, 0xfd, 0x83, 0x50,
    0xf, 0xfe, 0x4b, 0x88, 0x7, 0xff, 0x62, 0x0,
    0x3f, 0xf9, 0x52, 0x1, 0xff, 0xd8, 0x44, 0x0,
    0x7f, 0xf2, 0x60, 0x40, 0x3f, 0xfb, 0x10, 0x1,
    0xff, 0xc9, 0x17, 0x0, 0xff, 0xec, 0x29, 0x80,
    0x7f, 0xf2, 0x64, 0x3, 0xff, 0xb3, 0x0, 0x1f,
    0xfc, 0x91, 0x70, 0xf, 0xfe, 0xc3, 0x10, 0x7,
    0xff, 0x26, 0x0, 0x3f, 0xfb, 0x30, 0x1, 0xff,
    0xc9, 0x26, 0x0, 0xff, 0xec, 0x38, 0x80, 0x7f,
    0xf2, 0x60, 0x3, 0xff, 0xb0, 0x32, 0x1, 0xff,
    0xc9, 0x25, 0x0, 0xff, 0xec, 0x48, 0x80, 0x7f,
    0xf2, 0x60, 0x3, 0xff, 0xb0, 0x2e, 0x1, 0xff,
    0xc9, 0x35, 0x0, 0xff, 0xec, 0x40, 0x7, 0xff,
    0x2a, 0x0, 0x3f, 0xfb, 0x4, 0xc0, 0x1f, 0xfc,
    0x93, 0x40, 0xf, 0xfe, 0xc4, 0x0, 0x7f, 0xf2,
    0xbc, 0x3, 0xff, 0xb0, 0x6a, 0x1, 0xff, 0xc9,
    0x43, 0x0, 0xff, 0xec, 0x40, 0x7, 0xff, 0x2a,
    0x0, 0x3f, 0xfb, 0x6, 0x80, 0x1f, 0xfc, 0x95,
    0x30, 0xf, 0xfe, 0xc7, 0x80, 0x7f, 0xf2, 0xa0,
    0x3, 0xff, 0xb0, 0xa6, 0x1, 0xff, 0xc9, 0x52,
    0x0, 0xff, 0xec, 0x40, 0x7, 0xff, 0x2a, 0x0,
    0x3f, 0xfb, 0xc, 0x40, 0x1f, 0xfc, 0x96, 0x20,
    0xf, 0xfe, 0xc4, 0x0, 0x7f, 0xf2, 0xa0, 0x3,
    0xff, 0xb0, 0xe2, 0x1, 0xff, 0xc9, 0x60, 0x11,
    0xff, 0xeb, 0x0, 0x24, 0x3, 0xff, 0x94, 0xdd,
    0xdf, 0xfd, 0x79, 0x41, 0x0, 0xff, 0xff, 0x80,
    0x7f, 0xff, 0xc0, 0x3f, 0xff, 0xe0, 0x1f, 0xff,
    0xf0, 0xf, 0xff, 0xf8, 0x7, 0xff, 0xfc, 0x3,
    0xff, 0xfe, 0x1, 0xff, 0xff, 0x0, 0xff, 0xff,
    0x80, 0x7f, 0xff, 0xc0, 0x3f, 0xff, 0xe0, 0x1f,
    0xff, 0xf0, 0xf, 0xff, 0xf8, 0x7, 0xff, 0xfc,
    0x3, 0xff, 0xfe, 0x1, 0xff, 0xd4,

    /* U+0033 "3" */
    0x0, 0xff, 0xe6, 0x23, 0xd6, 0x6f, 0x7f, 0xbb,
    0x75, 0x70, 0xa4, 0x1, 0xff, 0xde, 0x17, 0xcf,
    0xb8, 0x53, 0x21, 0x0, 0x9, 0x11, 0x1e, 0xb7,
    0xa4, 0xc0, 0x3f, 0xfb, 0x29, 0x7d, 0x6, 0x1,
    0xff, 0xc4, 0x16, 0xcc, 0x20, 0x7, 0xff, 0x55,
    0x32, 0xd0, 0x3, 0xff, 0x94, 0x77, 0x86, 0x1,
    0xff, 0xd1, 0x2b, 0xb1, 0x80, 0x7f, 0xf3, 0x8f,
    0x20, 0x3, 0xff, 0x9e, 0xda, 0x80, 0x1f, 0xfd,
    0x27, 0xd2, 0x0, 0xff, 0xe5, 0x8d, 0xc8, 0x7,
    0xff, 0x54, 0xb5, 0x40, 0x3f, 0xf9, 0x25, 0x88,
    0x1, 0xff, 0xd8, 0xa7, 0x0, 0xff, 0xe3, 0x9e,
    0x10, 0x7, 0xff, 0x6a, 0x20, 0x1, 0xff, 0xc5,
    0x3c, 0x10, 0xf, 0xfe, 0xe3, 0xb8, 0x3, 0xff,
    0x86, 0x5a, 0x1, 0xff, 0xdf, 0x85, 0x0, 0xff,
    0xe1, 0x78, 0x80, 0x7f, 0xf8, 0x28, 0x80, 0x3f,
    0xf8, 0x14, 0x40, 0x1f, 0xfe, 0x2e, 0x0, 0xff,
    0x95, 0x40, 0x1f, 0xfe, 0x33, 0x70, 0xf, 0xe1,
    0xb0, 0xf, 0xff, 0x2c, 0x10, 0x7, 0xe8, 0x10,
    0xf, 0xff, 0x34, 0x0, 0x7c, 0x2c, 0x1, 0xff,
    0xe7, 0x52, 0x0, 0xf4, 0x0, 0x7f, 0xfa, 0x60,
    0x3, 0xcc, 0x1, 0xff, 0xe9, 0x50, 0xe, 0x60,
    0xf, 0xff, 0x5a, 0x80, 0x6a, 0x0, 0xff, 0xe5,
    0x9b, 0xde, 0xf6, 0xe4, 0x20, 0x7, 0xff, 0x2f,
    0xc0, 0x21, 0x30, 0xf, 0xfe, 0x48, 0xde, 0x42,
    0x10, 0x91, 0xbd, 0xe1, 0x80, 0x7f, 0xf2, 0x50,
    0x2, 0x40, 0xf, 0xfe, 0x49, 0x7a, 0x0, 0x7f,
    0x1e, 0x30, 0x7, 0xff, 0x20, 0x48, 0x1, 0x80,
    0x1f, 0xfc, 0x9f, 0x10, 0xf, 0xfe, 0x4, 0xa0,
    0x7, 0xff, 0x21, 0xc0, 0xa, 0x1, 0xff, 0xc8,
    0x82, 0x0, 0xff, 0xe1, 0x50, 0x80, 0x7f, 0xf1,
    0xf4, 0x0, 0x40, 0x1f, 0xfc, 0x71, 0x70, 0xf,
    0xfe, 0x18, 0xc8, 0x7, 0xff, 0x1c, 0xc0, 0x44,
    0x1, 0xff, 0xc7, 0x60, 0xf, 0xfe, 0x2b, 0x0,
    0x7f, 0xf1, 0xd8, 0xc, 0x3, 0xff, 0x91, 0x60,
    0x1f, 0xfc, 0x51, 0x20, 0xf, 0xfe, 0x31, 0x0,
    0x80, 0x7f, 0xf2, 0xc, 0x3, 0xff, 0x8c, 0xe0,
    0x1f, 0xfc, 0x71, 0x70, 0xf, 0xfe, 0x39, 0x0,
    0x7f, 0xf1, 0xcc, 0x3, 0xff, 0x8e, 0x60, 0x1f,
    0xfc, 0x81, 0x0, 0xff, 0xe3, 0x88, 0x7, 0xff,
    0x1d, 0x80, 0x3f, 0xfe, 0x2, 0x1, 0xff, 0xf0,
    0x30, 0xf, 0xff, 0x80, 0x80, 0x7f, 0xff, 0xc0,
    0x3f, 0xfc, 0x5e, 0x1, 0xff, 0xff, 0x0, 0xff,
    0xf1, 0x8, 0x7, 0xff, 0xfc, 0x3, 0xff, 0xfe,
    0x1, 0xff, 0xd5, 0x74, 0x4f, 0xfe, 0x3a, 0x80,
    0x7f, 0xf7, 0xe, 0xef, 0xff, 0x8f, 0x20, 0x1f,
    0xff, 0xf0, 0xf, 0xff, 0xf8, 0x7, 0xfc, 0x20,
    0x1f, 0xff, 0xf0, 0xf, 0xff, 0xf8, 0x7, 0xff,
    0x53, 0xc0, 0x3f, 0xff, 0xe0, 0x1f, 0xfe, 0x21,
    0x0, 0xff, 0xee, 0x8, 0x7, 0xff, 0x1c, 0xc0,
    0x3f, 0xfb, 0x86, 0x1, 0xff, 0xf0, 0x60, 0xf,
    0xfe, 0x3b, 0x0, 0x7f, 0xf7, 0xc, 0x3, 0xff,
    0x8e, 0x20, 0x1f, 0xfd, 0xb3, 0x0, 0xff, 0xe4,
    0x10, 0x7, 0xff, 0x6e, 0xc0, 0x3f, 0xf8, 0xe4,
    0x1, 0xff, 0xdc, 0x60, 0xf, 0xfe, 0x3b, 0x80,
    0x7f, 0xf6, 0xe4, 0x40, 0x3f, 0xf8, 0xf8, 0x1,
    0xff, 0xda, 0x96, 0x0, 0xff, 0xe4, 0x38, 0x7,
    0xff, 0x5c, 0x5f, 0x98, 0x3, 0xff, 0x90, 0x82,
    0x1, 0xff, 0xd0, 0x12, 0x34, 0x79, 0xde, 0x81,
    0x0, 0xff, 0xe4, 0xf8, 0x7, 0xff, 0x39, 0xff,
    0xdd, 0xb9, 0x70, 0xc4, 0x1, 0xff, 0xcb, 0x44,
    0x0, 0x7f, 0xfb, 0xe4, 0x3, 0xff, 0xdf, 0x44,
    0x1, 0xff, 0xee, 0xa5, 0x0, 0xff, 0xf7, 0x5a,
    0x80, 0x7f, 0xfb, 0x4f, 0x50, 0x3, 0xff, 0xda,
    0xf8, 0x40, 0x1f, 0xfe, 0xc2, 0xc8, 0x0, 0xff,
    0xf6, 0xb6, 0x98, 0x7, 0xff, 0xb9, 0x9c, 0x3,
    0xff, 0xe1, 0x18, 0x40, 0x1f, 0xfe, 0xf3, 0xd5,
    0x0, 0xff, 0xf8, 0x54, 0x0, 0x7f, 0xfc, 0x1e,
    0x80, 0x3f, 0xfe, 0xb, 0x40, 0x1f, 0xff, 0x5,
    0x70, 0xf, 0xff, 0x84, 0x18, 0x7, 0xff, 0x3c,
    0x91, 0x6, 0x42, 0x1, 0xff, 0xcf, 0xf0, 0xf,
    0xfe, 0x7a, 0xdd, 0xb3, 0x7b, 0xfb, 0x25, 0x0,
    0x3f, 0xf9, 0x46, 0xa0, 0x1f, 0xfd, 0x51, 0x36,
    0xbe, 0x60, 0xf, 0xfe, 0x4f, 0x0, 0x7f, 0xf6,
    0x46, 0x68, 0x3, 0xff, 0x90, 0x82, 0x1, 0xff,
    0xda, 0x58, 0x0, 0xff, 0xe4, 0x38, 0x7, 0xff,
    0x6d, 0xc8, 0x3, 0xff, 0x8f, 0x80, 0x1f, 0xfd,
    0xca, 0x0, 0xff, 0xe3, 0xb8, 0x7, 0xff, 0x71,
    0x40, 0x3f, 0xf8, 0xe4, 0x1, 0xff, 0xdc, 0x21,
    0x0, 0xff, 0xe3, 0x90, 0x7, 0xff, 0x70, 0x80,
    0x3f, 0xf8, 0xec, 0x1, 0xff, 0xdc, 0x60, 0xf,
    0xfe, 0x38, 0x80, 0x7f, 0xf7, 0xc, 0x3, 0xff,
    0x8e, 0x60, 0x1f, 0xfd, 0xc1, 0x0, 0xff, 0xff,
    0x80, 0x70, 0x80, 0x7f, 0xff, 0xc0, 0x3f, 0xfc,
    0x5e, 0x1, 0xff, 0xff, 0x0, 0xff, 0xff, 0x80,
    0x7f, 0xff, 0xc0, 0x3f, 0xf8, 0xc2, 0x1, 0xff,
    0xff, 0x0, 0xff, 0xff, 0x80, 0x7f, 0xf5, 0x8c,
    0xff, 0xf8, 0xe4, 0x1, 0xff, 0xdc, 0x4c, 0xcf,
    0xfe, 0x3f, 0x0, 0x7f, 0xff, 0xc0, 0x3f, 0xff,
    0xe0, 0x1f, 0xff, 0xc1, 0x0, 0xff, 0xff, 0x80,
    0x7f, 0xff, 0xc0, 0x3f, 0xfa, 0x9e, 0x1, 0xff,
    0xff, 0x0, 0xff, 0xf1, 0x8, 0x7, 0xff, 0xfc,
    0x3, 0xc2, 0x1, 0xff, 0xc7, 0x10, 0xf, 0xfe,
    0x39, 0x80, 0x7f, 0xf2, 0xc, 0x3, 0xff, 0x8e,
    0x60, 0x1f, 0xfc, 0x71, 0x70, 0xf, 0xfe, 0x38,
    0x80, 0x7f, 0xf1, 0xd8, 0x3, 0xff, 0x8e, 0xc0,
    0x1f, 0xfc, 0x93, 0x0, 0xff, 0xe3, 0x18, 0x7,
    0xff, 0x1c, 0xc4, 0x3, 0xff, 0x91, 0x60, 0x1f,
    0xfc, 0x54, 0x0, 0xff, 0xe4, 0x9, 0x80, 0x7f,
    0xf2, 0x18, 0x3, 0xff, 0x8b, 0xe0, 0x1f, 0xfc,
    0x71, 0x1, 0x10, 0x7, 0xff, 0x1c, 0x5c, 0x3,
    0xff, 0x86, 0x68, 0x1, 0xff, 0xc7, 0x50, 0x1,
    0x0, 0x7f, 0xf2, 0x20, 0xc0, 0x3f, 0xf8, 0x5c,
    0x1, 0xff, 0xc8, 0x20, 0x3, 0x0, 0x7f, 0xf2,
    0x74, 0xc0, 0x3f, 0xe1, 0xc2, 0x0, 0xff, 0xe4,
    0x78, 0x3, 0x0, 0x3f, 0xf9, 0x23, 0x8e, 0x1,
    0xfc, 0x98, 0x60, 0x1f, 0xfc, 0x94, 0x0, 0x20,
    0x7, 0xff, 0x2e, 0x3a, 0x50, 0xc4, 0x91, 0xf2,
    0xc8, 0x3, 0xff, 0x92, 0x24, 0x0, 0x22, 0x0,
    0x7f, 0xf2, 0xc5, 0xaf, 0x3b, 0x6e, 0xc, 0x3,
    0xff, 0x96, 0x80, 0x19, 0x40, 0x3f, 0xfd, 0x7c,
    0x1, 0xa8, 0x3, 0xff, 0xd4, 0x28, 0x1, 0x89,
    0x0, 0x3f, 0xfd, 0x30, 0x1, 0xe8, 0x0, 0xff,
    0xf4, 0xb, 0x0, 0x78, 0xd4, 0x3, 0xff, 0xcf,
    0x60, 0x1f, 0xa0, 0x3, 0xff, 0xcc, 0x8a, 0x1,
    0xf8, 0xa0, 0x3, 0xff, 0xcb, 0x20, 0x1f, 0xe7,
    0x40, 0xf, 0xff, 0x1d, 0x10, 0x7, 0xfd, 0x42,
    0x1, 0xff, 0xe1, 0x75, 0x0, 0xff, 0xe0, 0xe,
    0x80, 0x7f, 0xf8, 0x16, 0x0, 0x3f, 0xf8, 0x47,
    0x60, 0x1f, 0xfd, 0xe4, 0xa0, 0xf, 0xfe, 0x22,
    0x60, 0x80, 0x7f, 0xf6, 0xd6, 0xc0, 0x3f, 0xf8,
    0xc7, 0x84, 0x1, 0xff, 0xd9, 0x7a, 0x0, 0xff,
    0xe4, 0x16, 0xa8, 0x7, 0xff, 0x5e, 0xa0, 0x3,
    0xff, 0x97, 0x56, 0x40, 0x1f, 0xfd, 0x33, 0xd5,
    0x0, 0xff, 0xe6, 0xa6, 0xc0, 0x80, 0x7f, 0xf3,
    0xc6, 0x70, 0x80, 0x3f, 0xfa, 0xf, 0xd2, 0x60,
    0x1f, 0xfc, 0xb1, 0x9e, 0x60, 0xf, 0xfe, 0xa3,
    0x66, 0xc2, 0x0, 0x7f, 0xf1, 0x45, 0xaf, 0x98,
    0x3, 0xff, 0xb0, 0x4f, 0x7f, 0x92, 0xc8, 0x42,
    0x1, 0x9, 0x1a, 0xc5, 0x6f, 0x4a, 0x0, 0x7f,
    0xf1, 0xc0,

    /* U+0034 "4" */
    0x0, 0xff, 0xe8, 0xb7, 0xff, 0xff, 0x23, 0x40,
    0x3f, 0xfc, 0xba, 0x1, 0xff, 0xc8, 0x50, 0xf,
    0xff, 0x2a, 0x0, 0x7f, 0xf2, 0x30, 0x3, 0xff,
    0xc8, 0x80, 0x1f, 0xfc, 0x94, 0x0, 0xff, 0xf2,
    0x68, 0x7, 0xff, 0x21, 0x40, 0x3f, 0xfc, 0xa8,
    0x1, 0xff, 0xc8, 0xf0, 0xf, 0xff, 0x21, 0x10,
    0x3, 0xff, 0x90, 0x80, 0x1f, 0xfe, 0x45, 0x0,
    0xff, 0xe4, 0x18, 0x80, 0x7f, 0xf9, 0x30, 0x3,
    0xff, 0x91, 0x60, 0x1f, 0xfe, 0x54, 0x0, 0xff,
    0xe4, 0x28, 0x7, 0xff, 0x91, 0x0, 0x3f, 0xf9,
    0x4, 0x40, 0xf, 0xff, 0x26, 0x80, 0x7f, 0xf2,
    0x14, 0x3, 0xff, 0xca, 0xe0, 0x1f, 0xfc, 0x8b,
    0x0, 0xff, 0xf2, 0x10, 0x80, 0x7f, 0xf1, 0xc4,
    0xc0, 0x3f, 0xfc, 0x8a, 0x1, 0xff, 0xc8, 0x40,
    0xf, 0xff, 0x2d, 0x80, 0x7f, 0xf2, 0x3c, 0x3,
    0xff, 0xca, 0x60, 0x1f, 0xfc, 0x84, 0x0, 0xff,
    0xf2, 0x28, 0x7, 0xff, 0x21, 0x4, 0x3, 0xff,
    0xc9, 0x80, 0x1f, 0xfc, 0x8c, 0x0, 0xff, 0xf2,
    0xb8, 0x7, 0xff, 0x21, 0x40, 0x3f, 0xfc, 0x86,
    0x20, 0x1f, 0xfc, 0x72, 0x20, 0x7, 0xff, 0x91,
    0x0, 0x3f, 0xf9, 0xa, 0x1, 0xff, 0xe5, 0xb0,
    0xf, 0xfe, 0x45, 0x80, 0x7f, 0xf9, 0x4, 0xc0,
    0x3f, 0xf8, 0xe2, 0x60, 0x1f, 0xfe, 0x44, 0x0,
    0xff, 0xe4, 0x20, 0x7, 0xff, 0x97, 0xc0, 0x3f,
    0xf9, 0x1e, 0x1, 0xff, 0xe5, 0x40, 0xf, 0xfe,
    0x42, 0x80, 0x7f, 0xf9, 0xc, 0x40, 0x3f, 0xf8,
    0xe8, 0x1, 0xff, 0xe5, 0xb0, 0xf, 0xfe, 0x46,
    0x80, 0x7f, 0xf9, 0x50, 0x3, 0xff, 0x90, 0x80,
    0x1f, 0xfe, 0x41, 0x30, 0xf, 0xfe, 0x39, 0x10,
    0x3, 0xff, 0xc8, 0xe0, 0x1f, 0xfc, 0x85, 0x0,
    0xff, 0xf2, 0xe0, 0x7, 0xff, 0x22, 0xc0, 0x3f,
    0xfc, 0xaa, 0x1, 0xff, 0xc7, 0x13, 0x0, 0xff,
    0xf2, 0x20, 0x7, 0xff, 0x21, 0xc0, 0x3f, 0xfc,
    0xb8, 0x1, 0xff, 0xc8, 0xc0, 0xf, 0xff, 0x2a,
    0x80, 0x7f, 0xf2, 0x14, 0x3, 0xff, 0xc8, 0x24,
    0x1, 0xff, 0xc7, 0x40, 0xf, 0xff, 0x2b, 0x80,
    0x7f, 0xf2, 0x34, 0x3, 0xff, 0xcb, 0xa0, 0x1f,
    0xfc, 0x87, 0x0, 0xff, 0xf2, 0xa0, 0x7, 0xff,
    0x1c, 0x84, 0x3, 0xff, 0xc8, 0x80, 0x1f, 0xfc,
    0x85, 0x0, 0xff, 0xf2, 0xe8, 0x7, 0xff, 0x22,
    0xc0, 0x3f, 0xfc, 0xa8, 0x1, 0xff, 0xc7, 0x13,
    0x0, 0xff, 0xf2, 0x11, 0x0, 0x3f, 0xf8, 0xee,
    0x1, 0xff, 0xe5, 0x40, 0xf, 0xfe, 0x46, 0x80,
    0x7f, 0xf9, 0x74, 0x3, 0xff, 0x90, 0x80, 0x1f,
    0xfe, 0x54, 0x0, 0xff, 0xe3, 0xa0, 0x7, 0xff,
    0x95, 0x0, 0x3f, 0xf9, 0x1a, 0x1, 0xff, 0xe5,
    0xd0, 0xf, 0xfe, 0x43, 0x80, 0x7f, 0xf9, 0x5c,
    0x3, 0xff, 0x8e, 0x62, 0x1, 0xff, 0xe4, 0x21,
    0x0, 0xff, 0xe3, 0xa0, 0x7, 0xff, 0x95, 0x40,
    0x3f, 0xf9, 0x16, 0x1, 0xff, 0xe5, 0xb0, 0xf,
    0xfe, 0x38, 0x98, 0x7, 0xff, 0x94, 0xc0, 0x3f,
    0xf8, 0xee, 0x1, 0xff, 0xe5, 0x50, 0xf, 0xfe,
    0x46, 0x80, 0x7f, 0xf9, 0x70, 0x3, 0xff, 0x90,
    0x80, 0x1f, 0xfe, 0x57, 0x0, 0xff, 0xe3, 0xa0,
    0x7, 0xff, 0x94, 0xc4, 0x3, 0xff, 0x8f, 0xa0,
    0x1f, 0xfe, 0x54, 0x0, 0xff, 0xe4, 0x38, 0x7,
    0xff, 0x96, 0xc0, 0x3f, 0xf8, 0xe6, 0x20, 0x1e,
    0x2b, 0xbf, 0xfe, 0x3d, 0x0, 0x7f, 0xf2, 0x44,
    0xc0, 0x3f, 0xf8, 0xf6, 0x1, 0xf0, 0xa2, 0x7f,
    0xf1, 0xdc, 0x3, 0xff, 0x92, 0x80, 0x1f, 0xfc,
    0x85, 0x0, 0xff, 0xf2, 0xf8, 0x7, 0xff, 0x1c,
    0x48, 0x3, 0xff, 0xca, 0x80, 0x1f, 0xfc, 0x77,
    0x0, 0xff, 0xf2, 0x98, 0x80, 0x7f, 0xf1, 0xf4,
    0x3, 0xff, 0xcb, 0x60, 0x1f, 0xfc, 0x84, 0x0,
    0xff, 0xf2, 0xa0, 0x7, 0xff, 0x1d, 0x40, 0x3f,
    0xfc, 0xa2, 0x60, 0x1f, 0xfc, 0x7c, 0x0, 0xff,
    0xf2, 0xb8, 0x7, 0xff, 0x21, 0xc0, 0x3f, 0xfc,
    0xb8, 0x1, 0xff, 0xc7, 0x31, 0x0, 0xff, 0xf2,
    0xa8, 0x7, 0xff, 0x1e, 0xc0, 0x3f, 0xfc, 0xa6,
    0x1, 0xff, 0xc8, 0x50, 0xf, 0xff, 0x2d, 0x80,
    0x7f, 0xf1, 0xc8, 0x80, 0x1f, 0xfe, 0x55, 0x0,
    0xff, 0xe3, 0xa0, 0x7, 0xff, 0x94, 0x48, 0x3,
    0xff, 0x8f, 0xa0, 0x1f, 0xfe, 0x57, 0x0, 0xff,
    0xe4, 0x20, 0x7, 0xff, 0x97, 0x40, 0x3f, 0xf8,
    0xea, 0x1, 0xff, 0xe6, 0x40, 0xf, 0xfe, 0x3f,
    0x80, 0x7f, 0xf9, 0x50, 0x3, 0xff, 0x90, 0x80,
    0x1f, 0xfe, 0x5d, 0x0, 0xff, 0xe3, 0x98, 0x80,
    0x7f, 0xf9, 0x50, 0x3, 0xff, 0x8f, 0x60, 0x1f,
    0xfe, 0x52, 0x20, 0x7, 0xff, 0x1d, 0x40, 0x3f,
    0xfc, 0xa8, 0x1, 0xff, 0xc7, 0x22, 0x0, 0x7f,
    0xf9, 0x74, 0x3, 0xff, 0x8e, 0xa0, 0x1f, 0xfe,
    0x64, 0x0, 0xff, 0xe3, 0xe0, 0x7, 0xff, 0x95,
    0x0, 0x3f, 0xf9, 0x8, 0x1, 0xff, 0xe5, 0xd0,
    0xf, 0xfe, 0x3a, 0x80, 0x7f, 0xf9, 0x90, 0x3,
    0xff, 0x8f, 0xe0, 0x1f, 0xfe, 0x52, 0x20, 0x7,
    0xff, 0x1d, 0x0, 0x3f, 0xfc, 0xaa, 0x1, 0xff,
    0xc7, 0x31, 0x0, 0xff, 0xf2, 0xe0, 0x7, 0xff,
    0x1e, 0xc0, 0x3f, 0xfc, 0xc8, 0x1, 0xff, 0xc7,
    0x50, 0xf, 0xff, 0x2a, 0x80, 0x7f, 0xf1, 0xc8,
    0x80, 0x1f, 0xfe, 0x5c, 0x0, 0xff, 0xe3, 0xa8,
    0x7, 0xff, 0x99, 0xc0, 0x3f, 0xf8, 0xf6, 0x1,
    0xff, 0xe5, 0x31, 0x0, 0xff, 0xe3, 0x9, 0x80,
    0x7f, 0xf9, 0x50, 0x3, 0xff, 0x8e, 0x80, 0x1f,
    0xfe, 0x6b, 0x0, 0xff, 0xe3, 0xf8, 0x7, 0xff,
    0x94, 0x4c, 0x3, 0xff, 0x8e, 0xa0, 0x1f, 0xfe,
    0x52, 0x0, 0xff, 0xe4, 0x77, 0x7f, 0xf1, 0xf4,
    0x3, 0xff, 0x8e, 0x5d, 0xdf, 0xce, 0x1, 0xff,
    0xc9, 0x11, 0xff, 0xe4, 0x0, 0x7f, 0xf2, 0x4,
    0x7f, 0xbc, 0x3, 0xff, 0xfe, 0x1, 0xff, 0xff,
    0x0, 0xff, 0xff, 0x80, 0x7f, 0xff, 0xc0, 0x3f,
    0xff, 0xe0, 0x1f, 0xff, 0xf0, 0xf, 0xff, 0xf8,
    0x7, 0xff, 0xfc, 0x3, 0xff, 0xfe, 0x1, 0xff,
    0xff, 0x0, 0xff, 0xff, 0x80, 0x7f, 0xff, 0xc0,
    0x3f, 0xff, 0xe0, 0x1f, 0xff, 0xf0, 0xf, 0xff,
    0xf8, 0x7, 0xff, 0xfc, 0x3, 0xe3, 0xff, 0xff,
    0xed, 0xe0, 0x7, 0xff, 0x1c, 0xbf, 0xff, 0xa0,
    0x3, 0xff, 0xfe, 0x1, 0xff, 0xff, 0x0, 0xff,
    0xff, 0x80, 0x7f, 0xff, 0xc0, 0x3f, 0xff, 0xe0,
    0x1f, 0xff, 0xf0, 0xf, 0xff, 0xf8, 0x7, 0xff,
    0xfc, 0x3, 0xff, 0xfe, 0x1, 0xff, 0xff, 0x0,
    0xff, 0xff, 0x80, 0x7f, 0xff, 0xc0, 0x3f, 0xff,
    0xe0, 0x1f, 0xff, 0xf0, 0xf, 0xff, 0xf8, 0x7,
    0xff, 0xfc, 0x3, 0xff, 0xfe, 0x1, 0xff, 0xff,
    0x0, 0xff, 0xfd, 0x0,

    /* U+0035 "5" */
    0x0, 0xbf, 0xff, 0xfd, 0xb2, 0x1, 0xff, 0xff,
    0x0, 0xff, 0xff, 0x80, 0x7f, 0xff, 0xc0, 0x3f,
    0xff, 0xe0, 0x1f, 0xff, 0xf0, 0xf, 0xff, 0xf8,
    0x7, 0xff, 0xfc, 0x3, 0xff, 0xfe, 0x1, 0xff,
    0xff, 0x0, 0xff, 0xff, 0x80, 0x7f, 0xff, 0xc0,
    0x3f, 0xff, 0xe0, 0x1f, 0xff, 0xf0, 0xf, 0xff,
    0xf8, 0x7, 0xe1, 0x1f, 0xfe, 0xe0, 0x7, 0xff,
    0x20, 0xfb, 0xbf, 0xfb, 0x70, 0x1, 0xff, 0xff,
    0x0, 0xff, 0xff, 0x80, 0x7f, 0xff, 0xc0, 0x3f,
    0xff, 0xe0, 0x1f, 0xff, 0xf0, 0xf, 0xff, 0xf8,
    0x7, 0xff, 0xfc, 0x3, 0xff, 0xfe, 0x1, 0xff,
    0xff, 0x0, 0xff, 0xff, 0x80, 0x7f, 0xff, 0xc0,
    0x3f, 0xff, 0xe0, 0x1f, 0xff, 0xf0, 0xf, 0xff,
    0xf8, 0x7, 0xff, 0xfc, 0x3, 0xff, 0xfe, 0x1,
    0xff, 0xff, 0x0, 0xff, 0xff, 0x80, 0x7f, 0xff,
    0xc0, 0x3f, 0xff, 0xe0, 0x1f, 0xff, 0xf0, 0xf,
    0xff, 0xf8, 0x7, 0xff, 0xfc, 0x3, 0xff, 0xfe,
    0x1, 0xff, 0xf2, 0x36, 0x8a, 0xa5, 0xd5, 0x21,
    0x90, 0x40, 0x3f, 0xfc, 0x22, 0xf9, 0xf9, 0x2e,
    0xaa, 0x45, 0x53, 0xcd, 0xf6, 0xc9, 0x80, 0x7f,
    0xf7, 0xe, 0xba, 0xc, 0x3, 0xff, 0x82, 0x4d,
    0x9a, 0xc0, 0x1f, 0xfd, 0x81, 0xac, 0x50, 0xf,
    0xfe, 0x39, 0x4e, 0xa8, 0x7, 0xff, 0x55, 0xb9,
    0x40, 0x3f, 0xf9, 0x65, 0x54, 0x0, 0xff, 0xe9,
    0xdc, 0x80, 0x7f, 0xf3, 0xd7, 0x48, 0x3, 0xff,
    0x9e, 0x38, 0x80, 0x1f, 0xfd, 0x12, 0xc2, 0x0,
    0xff, 0xe7, 0x11, 0x80, 0x7f, 0xf4, 0xc7, 0x8,
    0x3, 0xff, 0xde, 0x3e, 0x1, 0xff, 0xf0, 0x29,
    0x0, 0xff, 0xf8, 0x31, 0x80, 0x7f, 0xfc, 0x3c,
    0x3, 0xff, 0xe0, 0x68, 0x1, 0xff, 0xf0, 0xe0,
    0xf, 0xff, 0x82, 0x88, 0x7, 0xff, 0xc1, 0x0,
    0x3f, 0xfe, 0x1e, 0x1, 0xff, 0xf0, 0x70, 0xf,
    0xfe, 0x82, 0xde, 0xff, 0xb6, 0x94, 0x3, 0xff,
    0x98, 0x40, 0x1f, 0xfc, 0xe5, 0xea, 0x42, 0x0,
    0x12, 0xd6, 0xa0, 0x7, 0xff, 0x2c, 0xc0, 0x3f,
    0xf9, 0x93, 0x42, 0x1, 0xf8, 0xad, 0x40, 0x3f,
    0xf9, 0x4c, 0x1, 0xff, 0xcb, 0x96, 0x0, 0xff,
    0xe0, 0x52, 0x0, 0x7f, 0xf2, 0x4c, 0x3, 0xff,
    0x94, 0xac, 0x1, 0xff, 0xc2, 0xa0, 0xf, 0xfe,
    0x4f, 0x0, 0x7f, 0xf2, 0xac, 0x3, 0xff, 0x86,
    0x2e, 0x1, 0xff, 0xde, 0x81, 0x0, 0xff, 0xe2,
    0x48, 0x7, 0xff, 0x20, 0x40, 0x2c, 0xcf, 0xfe,
    0x33, 0x80, 0x7f, 0xf1, 0x44, 0x80, 0x3f, 0xf9,
    0x66, 0x7f, 0xfc, 0x60, 0xf, 0xfe, 0x3b, 0x80,
    0x7f, 0xfc, 0x8, 0x3, 0xff, 0xfe, 0x1, 0xff,
    0xff, 0x0, 0xff, 0xff, 0x80, 0x7f, 0xff, 0xc0,
    0x3f, 0xff, 0xe0, 0x1f, 0xff, 0xf0, 0xf, 0xff,
    0xf8, 0x7, 0xff, 0xfc, 0x3, 0xff, 0xfe, 0x1,
    0xff, 0xff, 0x0, 0xff, 0xff, 0x80, 0x7f, 0xff,
    0xc0, 0x3f, 0xff, 0xe0, 0x1f, 0xff, 0xf0, 0xf,
    0xff, 0xf8, 0x7, 0xff, 0xfc, 0x3, 0xff, 0xfe,
    0x1, 0xff, 0xff, 0x0, 0xff, 0xff, 0x80, 0x7f,
    0xff, 0xc0, 0x3f, 0xff, 0xe0, 0x1f, 0xff, 0xf0,
    0xf, 0xfe, 0x29, 0xee, 0xff, 0xf1, 0xe8, 0x3,
    0xff, 0xb8, 0xe4, 0x5f, 0xfc, 0x76, 0x0, 0xff,
    0xff, 0x80, 0x7f, 0xff, 0xc0, 0x3f, 0xff, 0xe0,
    0x1f, 0xfc, 0x61, 0x0, 0xff, 0xf8, 0x18, 0x7,
    0xff, 0x1c, 0x40, 0x3f, 0xf9, 0xe, 0x1, 0xff,
    0xc7, 0x10, 0xf, 0xfe, 0x39, 0x80, 0x7f, 0xf1,
    0xc4, 0x3, 0xff, 0x92, 0x40, 0x1f, 0xfc, 0x66,
    0x0, 0xff, 0xe3, 0xf8, 0x80, 0x7f, 0xf2, 0x14,
    0x3, 0xff, 0x8c, 0x60, 0x1f, 0xfc, 0x71, 0x20,
    0xf, 0xfe, 0x45, 0x0, 0x7f, 0xf1, 0x54, 0x3,
    0xff, 0x90, 0x40, 0x40, 0x1f, 0xfc, 0x72, 0x50,
    0xf, 0xfe, 0x24, 0x80, 0x7f, 0xf2, 0x18, 0x18,
    0x3, 0xff, 0x91, 0x44, 0x1, 0xff, 0xc2, 0x73,
    0x0, 0xff, 0xe4, 0x10, 0x60, 0x7, 0xff, 0x27,
    0xc8, 0x3, 0xff, 0x80, 0x90, 0x1, 0xff, 0xc8,
    0x30, 0x2, 0x0, 0x7f, 0xf2, 0x4b, 0x58, 0x3,
    0xfc, 0xf6, 0x1, 0xff, 0xc9, 0x40, 0x1, 0x80,
    0x7f, 0xf2, 0xe7, 0xa1, 0x4, 0x0, 0x29, 0x1d,
    0x0, 0x1f, 0xfc, 0xac, 0x0, 0x94, 0x3, 0xff,
    0x96, 0x2f, 0x7d, 0xfe, 0xeb, 0x71, 0x0, 0xff,
    0xe5, 0xa, 0x0, 0x5c, 0x1, 0xff, 0xeb, 0x60,
    0xc, 0x84, 0x1, 0xff, 0xea, 0xa0, 0xe, 0xb0,
    0xf, 0xff, 0x4a, 0x10, 0x7, 0x31, 0x0, 0x7f,
    0xfa, 0x24, 0x3, 0xe8, 0x0, 0xff, 0xf3, 0xa9,
    0x0, 0x7c, 0xa8, 0x1, 0xff, 0xe5, 0x1b, 0x0,
    0xfe, 0x90, 0xf, 0xff, 0x2c, 0x8, 0x7, 0xf1,
    0x50, 0x7, 0xff, 0x8d, 0x58, 0x3, 0xfe, 0x56,
    0x0, 0xff, 0xf0, 0x95, 0x0, 0x7f, 0xf0, 0x65,
    0x0, 0x3f, 0xfb, 0xe3, 0x80, 0x1f, 0xfc, 0x3b,
    0x40, 0xf, 0xfe, 0xe8, 0xe0, 0x80, 0x7f, 0xf1,
    0x2d, 0x40, 0x3f, 0xfb, 0x65, 0x84, 0x1, 0xff,
    0xc6, 0xa7, 0x0, 0xff, 0xec, 0x9e, 0x10, 0x7,
    0xff, 0x22, 0x28, 0x40, 0x3f, 0xfa, 0xcf, 0x82,
    0x1, 0xff, 0xca, 0x5f, 0x50, 0xf, 0xfe, 0x99,
    0x64, 0x0, 0x7f, 0xf3, 0x46, 0xb0, 0xc0, 0x3f,
    0xf9, 0xe3, 0x3a, 0x60, 0x1f, 0xfd, 0x3, 0xcc,
    0x28, 0x7, 0xff, 0x2c, 0xeb, 0x98, 0x3, 0xff,
    0xa8, 0x75, 0xd2, 0x60, 0x1f, 0xfc, 0x52, 0x7d,
    0xc5, 0x0, 0xff, 0xec, 0xb, 0x67, 0xdc, 0x29,
    0x88, 0x7, 0x89, 0x1e, 0xbb, 0x60, 0x80, 0x3f,
    0xfb, 0xc8, 0xf5, 0x9d, 0xfe, 0xef, 0xfb, 0x6e,
    0x14, 0x40, 0x3f, 0xf9, 0x40,

    /* U+0036 "6" */
    0x0, 0xff, 0xe9, 0x2f, 0xff, 0xff, 0x28, 0x40,
    0x3f, 0xfb, 0x3c, 0x1, 0xff, 0xc9, 0x41, 0x0,
    0xff, 0xec, 0xa, 0x0, 0x7f, 0xf2, 0x78, 0x3,
    0xff, 0xb2, 0xc0, 0x1f, 0xfc, 0x91, 0x50, 0xf,
    0xfe, 0xcd, 0x0, 0x7f, 0xf2, 0x58, 0x3, 0xff,
    0xb2, 0x64, 0x1, 0xff, 0xc9, 0xa0, 0xf, 0xfe,
    0xcd, 0x0, 0x7f, 0xf2, 0x4c, 0x80, 0x3f, 0xfb,
    0x2c, 0x1, 0xff, 0xc9, 0xa0, 0xf, 0xfe, 0xca,
    0x80, 0x7f, 0xf2, 0x98, 0x3, 0xff, 0xb3, 0xc0,
    0x1f, 0xfc, 0x96, 0x0, 0xff, 0xec, 0x8a, 0x0,
    0x7f, 0xf2, 0x68, 0x3, 0xff, 0xb2, 0xc0, 0x1f,
    0xfc, 0x92, 0x30, 0xf, 0xfe, 0xcd, 0x0, 0x7f,
    0xf2, 0x68, 0x3, 0xff, 0xb2, 0x64, 0x1, 0xff,
    0xc9, 0x60, 0xf, 0xfe, 0xcd, 0x0, 0x7f, 0xf2,
    0x54, 0x40, 0x3f, 0xfb, 0x2c, 0x1, 0xff, 0xc9,
    0xe0, 0xf, 0xfe, 0xca, 0x80, 0x7f, 0xf2, 0x45,
    0x0, 0x3f, 0xfb, 0x3c, 0x1, 0xff, 0xc9, 0x90,
    0xf, 0xfe, 0xc8, 0xa0, 0x7, 0xff, 0x25, 0x80,
    0x3f, 0xfb, 0x2c, 0x1, 0xff, 0xc9, 0x41, 0x0,
    0xff, 0xec, 0xd0, 0x7, 0xff, 0x27, 0x80, 0x3f,
    0xfb, 0x26, 0x40, 0x1f, 0xfc, 0x81, 0x50, 0xf,
    0xfe, 0xcd, 0x0, 0x7f, 0xf2, 0x58, 0x3, 0xff,
    0xb4, 0xc0, 0x1f, 0xfc, 0x9a, 0x0, 0xff, 0xec,
    0xa8, 0x7, 0xff, 0x24, 0xc8, 0x3, 0xff, 0xb3,
    0xc0, 0x1f, 0xfc, 0x9a, 0x0, 0xff, 0xec, 0x8a,
    0x0, 0x7f, 0xf2, 0x58, 0x3, 0xff, 0xb2, 0xc0,
    0x1f, 0xfc, 0x96, 0x0, 0xff, 0xed, 0x50, 0x7,
    0xff, 0x26, 0x80, 0x3f, 0xfb, 0x26, 0x40, 0x1f,
    0xfc, 0x82, 0x30, 0xf, 0xfe, 0xcd, 0x0, 0x7f,
    0xf2, 0x68, 0x3, 0xff, 0xb4, 0xc0, 0x1f, 0xfc,
    0x96, 0x0, 0xff, 0xec, 0xa8, 0x7, 0xff, 0x25,
    0x44, 0x3, 0xff, 0xb3, 0xc0, 0x1f, 0xfc, 0x9e,
    0x0, 0xff, 0xec, 0x8a, 0x0, 0x7f, 0xf2, 0x5,
    0x0, 0x3f, 0xfb, 0x2c, 0x1, 0xff, 0xc9, 0x60,
    0xf, 0xfe, 0xd5, 0x0, 0x7f, 0xf2, 0x68, 0x3,
    0xff, 0xb2, 0x64, 0x1, 0xff, 0xc8, 0x42, 0x0,
    0xff, 0xec, 0xd0, 0x7, 0xff, 0x27, 0x80, 0x3f,
    0xfb, 0x4c, 0x1, 0xff, 0xc8, 0x15, 0x0, 0xff,
    0xec, 0xa8, 0x7, 0xff, 0x25, 0xc0, 0x3f, 0xfb,
    0x5c, 0x1, 0xff, 0xc9, 0xb0, 0xf, 0xfe, 0xc8,
    0xa0, 0x7, 0xff, 0x20, 0xc8, 0x3, 0xff, 0xb2,
    0xc0, 0x1f, 0xfc, 0x9a, 0x0, 0xff, 0xed, 0x50,
    0x7, 0xff, 0x25, 0x80, 0x3f, 0xfb, 0x26, 0x40,
    0x1f, 0xfc, 0x86, 0x0, 0xff, 0xed, 0x50, 0x7,
    0xff, 0x26, 0x80, 0x3f, 0xfb, 0x4c, 0x1, 0xff,
    0xc8, 0x23, 0x0, 0xff, 0xec, 0xa8, 0x7, 0xff,
    0x26, 0x80, 0x3f, 0xfb, 0x5c, 0x1, 0xff, 0xc9,
    0x60, 0xf, 0xfe, 0xc8, 0xa0, 0x7, 0xff, 0x21,
    0x44, 0x3, 0xff, 0xb2, 0xc0, 0x1f, 0xfc, 0x9e,
    0x0, 0xff, 0xed, 0x50, 0x7, 0xff, 0x20, 0x50,
    0x3, 0xff, 0xb2, 0x64, 0x1, 0xff, 0xc8, 0x60,
    0xf, 0xfe, 0xd5, 0x0, 0x7f, 0xf2, 0x68, 0x3,
    0xff, 0xb4, 0xc0, 0x1f, 0xfc, 0x84, 0x20, 0xf,
    0xfe, 0xca, 0x80, 0x7f, 0xf2, 0x78, 0x3, 0xff,
    0xb5, 0xc0, 0x1f, 0xfc, 0x81, 0x50, 0x1, 0x23,
    0x3b, 0xe6, 0x30, 0xf, 0xfe, 0x70, 0xa0, 0x7,
    0xff, 0x21, 0xca, 0x7b, 0x6e, 0x62, 0x34, 0xe7,
    0xec, 0x10, 0x7, 0xff, 0x29, 0x80, 0x3f, 0xf9,
    0x2f, 0xac, 0x20, 0x1f, 0xe2, 0x7d, 0xc4, 0x0,
    0xff, 0xe4, 0x50, 0x7, 0xff, 0x24, 0x40, 0x3f,
    0xf8, 0x87, 0x76, 0x20, 0xf, 0xfe, 0x29, 0x90,
    0x7, 0xff, 0x71, 0x35, 0x80, 0x3f, 0xf8, 0x94,
    0x1, 0xff, 0xdf, 0x99, 0x0, 0x7f, 0xf0, 0xd8,
    0x3, 0xff, 0xc0, 0xd6, 0x1, 0xff, 0xc1, 0x50,
    0xf, 0xff, 0x12, 0x50, 0x7, 0xff, 0x3, 0x80,
    0x3f, 0xfc, 0x6a, 0xe0, 0x1f, 0xe1, 0x40, 0xf,
    0xff, 0x24, 0x18, 0x7, 0xf3, 0x0, 0x7f, 0xf9,
    0xbc, 0x3, 0xfa, 0x80, 0x3f, 0xfc, 0xc6, 0xa0,
    0x1f, 0x19, 0x0, 0x7f, 0xf9, 0xe0, 0x3, 0xea,
    0x0, 0xff, 0xf4, 0x12, 0x0, 0x79, 0xc0, 0x3f,
    0xfd, 0x3a, 0x1, 0xca, 0x20, 0x1f, 0xfe, 0x97,
    0x0, 0xef, 0x0, 0xff, 0xf5, 0x9, 0x0, 0x65,
    0x0, 0xff, 0xf5, 0xb8, 0x4, 0xa0, 0x1f, 0xfc,
    0xc4, 0x8b, 0xcb, 0x95, 0x10, 0xf, 0xfe, 0x66,
    0x80, 0x58, 0x1, 0xff, 0xca, 0x5d, 0xb7, 0x43,
    0x46, 0xae, 0x80, 0xf, 0xfe, 0x59, 0x0, 0x48,
    0x1, 0xff, 0xc9, 0xaa, 0x10, 0x7, 0xe7, 0xd2,
    0x0, 0xff, 0xe4, 0xb0, 0x0, 0x48, 0x3, 0xff,
    0x91, 0x6a, 0x1, 0xff, 0x16, 0x8, 0x7, 0xff,
    0x20, 0x80, 0xa, 0x1, 0xff, 0xc8, 0x84, 0x0,
    0xff, 0xe0, 0x8e, 0x80, 0x7f, 0xf2, 0x4, 0x0,
    0x40, 0x1f, 0xfc, 0x72, 0x70, 0xf, 0xfe, 0x19,
    0xb0, 0x7, 0xff, 0x20, 0x43, 0xc0, 0x3f, 0xf8,
    0xf6, 0x1, 0xff, 0xc5, 0xb0, 0xf, 0xfe, 0x41,
    0x81, 0x80, 0x7f, 0xf1, 0xd0, 0x3, 0xff, 0x8a,
    0x44, 0x0, 0xff, 0xe3, 0x88, 0x30, 0x7, 0xff,
    0x1c, 0x80, 0x3f, 0xf8, 0xce, 0x1, 0xff, 0xc7,
    0x70, 0x10, 0xf, 0xfe, 0x31, 0x0, 0x7f, 0xf1,
    0xcc, 0x3, 0xff, 0x8e, 0x20, 0x40, 0x1f, 0xfc,
    0x61, 0x0, 0xff, 0xe3, 0x88, 0x7, 0xff, 0x1c,
    0xc0, 0x3f, 0xfe, 0x22, 0x1, 0xff, 0xef, 0x10,
    0xf, 0xff, 0x89, 0x80, 0x7f, 0xfc, 0x4, 0x3,
    0xff, 0xdf, 0xe0, 0x1f, 0xff, 0xf0, 0xf, 0xff,
    0x1b, 0x80, 0x7f, 0xff, 0xc0, 0x3f, 0xfc, 0x22,
    0x1, 0xff, 0xff, 0x0, 0xff, 0xff, 0x80, 0x7f,
    0xff, 0xc0, 0x3f, 0xff, 0xe0, 0x1f, 0xff, 0xf0,
    0xf, 0xff, 0xf8, 0x7, 0xff, 0xfc, 0x3, 0xff,
    0xfe, 0x1, 0xfc, 0x2e, 0x1, 0xff, 0xff, 0x0,
    0xff, 0xff, 0x80, 0x7f, 0xf4, 0xfc, 0x40, 0x3f,
    0xff, 0xe0, 0x1f, 0xfe, 0x11, 0x30, 0xf, 0xff,
    0x80, 0x80, 0x7f, 0xf1, 0xc4, 0x3, 0xff, 0xb6,
    0x60, 0x1f, 0xfc, 0x83, 0x0, 0xff, 0xe3, 0x90,
    0x7, 0xff, 0x1c, 0x40, 0x40, 0x3f, 0xf8, 0xc2,
    0x20, 0xf, 0xfe, 0x33, 0x0, 0x7f, 0xf1, 0xdc,
    0xc, 0x3, 0xff, 0x8e, 0x80, 0x1f, 0xfc, 0x51,
    0x30, 0xf, 0xfe, 0x39, 0x3, 0x0, 0x7f, 0xf1,
    0xe4, 0x3, 0xff, 0x8a, 0xc0, 0x1f, 0xfc, 0x81,
    0x2, 0x0, 0xff, 0xe3, 0x9a, 0x0, 0x7f, 0xf0,
    0xc6, 0x0, 0x3f, 0xf8, 0xe2, 0x0, 0xe0, 0xf,
    0xfe, 0x45, 0x10, 0x7, 0xff, 0xb, 0x40, 0x3f,
    0xf9, 0xa, 0x0, 0x30, 0xf, 0xfe, 0x40, 0xe1,
    0x0, 0x7f, 0xc3, 0x66, 0x1, 0xff, 0xc8, 0x30,
    0x2, 0x80, 0x7f, 0xf2, 0x47, 0x58, 0x3, 0xf9,
    0x31, 0x0, 0x3f, 0xf9, 0x3a, 0x0, 0x12, 0x0,
    0xff, 0xe5, 0x4f, 0x41, 0x88, 0x9, 0x3e, 0x59,
    0x0, 0x7f, 0xf2, 0x9c, 0x2, 0x50, 0xf, 0xfe,
    0x58, 0xbe, 0x77, 0xf6, 0xc1, 0x80, 0x7f, 0xf2,
    0xc8, 0x80, 0x15, 0x80, 0x7f, 0xfa, 0xe8, 0x3,
    0x19, 0x80, 0x3f, 0xfd, 0x4c, 0x1, 0xd2, 0x1,
    0xff, 0xe9, 0x51, 0x0, 0xe5, 0x30, 0xf, 0xff,
    0x44, 0x0, 0x7d, 0xe0, 0x1f, 0xfe, 0x75, 0x20,
    0xf, 0x8d, 0x80, 0x3f, 0xfc, 0xd6, 0x1, 0xfd,
    0x24, 0x1, 0xff, 0xe4, 0x91, 0x0, 0xff, 0x70,
    0x7, 0xff, 0x8d, 0x18, 0x3, 0xfe, 0x39, 0x0,
    0xff, 0xf0, 0x8d, 0x0, 0x7f, 0xf0, 0x59, 0xc0,
    0x3f, 0xfb, 0xe3, 0x82, 0x1, 0xff, 0xc2, 0x86,
    0x0, 0xff, 0xef, 0x69, 0x0, 0x7f, 0xf1, 0x25,
    0x80, 0x3f, 0xfb, 0x63, 0x86, 0x1, 0xff, 0xc6,
    0x99, 0x0, 0x7f, 0xf6, 0x4b, 0xc, 0x3, 0xff,
    0x90, 0xd6, 0x20, 0x1f, 0xfd, 0x65, 0xd2, 0x0,
    0xff, 0xe5, 0x27, 0x30, 0x7, 0xff, 0x4c, 0x6a,
    0x80, 0x1f, 0xfc, 0xe9, 0xc3, 0x0, 0xff, 0xe8,
    0x3f, 0x28, 0x7, 0xff, 0x40, 0xf3, 0x8, 0x1,
    0xff, 0xcb, 0x18, 0xe8, 0x0, 0xff, 0xea, 0x1d,
    0xec, 0x18, 0x7, 0xff, 0x14, 0x5a, 0xf9, 0xc4,
    0x3, 0xff, 0xae, 0x4f, 0x9d, 0x70, 0xa4, 0x20,
    0x1e, 0x14, 0x79, 0xce, 0x94, 0x0, 0xff, 0xee,
    0x8a, 0x3d, 0x6f, 0x7f, 0xbb, 0xfe, 0xeb, 0x86,
    0x30, 0xf, 0xfe, 0x50,

    /* U+0037 "7" */
    0x4f, 0xff, 0xff, 0x7c, 0x80, 0x7f, 0xff, 0xc0,
    0x3f, 0xff, 0xe0, 0x1f, 0xff, 0xf0, 0xf, 0xff,
    0xf8, 0x7, 0xff, 0xfc, 0x3, 0xff, 0xfe, 0x1,
    0xff, 0xff, 0x0, 0xff, 0xff, 0x80, 0x7f, 0xff,
    0xc0, 0x3f, 0xff, 0xe0, 0x1f, 0xff, 0xf0, 0xf,
    0xff, 0xf8, 0x7, 0xff, 0xfc, 0x3, 0xff, 0xfe,
    0x1, 0xc2, 0x3f, 0xfc, 0xa0, 0xf, 0xfe, 0xdc,
    0x77, 0x7f, 0xf2, 0x50, 0x3, 0xff, 0xe0, 0x80,
    0x1f, 0xfc, 0x7e, 0x0, 0xff, 0xed, 0xa0, 0x7,
    0xff, 0x21, 0x0, 0x3f, 0xfb, 0x7a, 0x1, 0xff,
    0xc7, 0x13, 0x0, 0xff, 0xed, 0xa0, 0x7, 0xff,
    0x1d, 0xc0, 0x3f, 0xfb, 0x64, 0x40, 0xf, 0xfe,
    0x3e, 0x0, 0x7f, 0xf6, 0xd0, 0x3, 0xff, 0x90,
    0x80, 0x1f, 0xfd, 0xbd, 0x0, 0xff, 0xe3, 0x98,
    0x80, 0x7f, 0xf6, 0xd0, 0x3, 0xff, 0x8f, 0x60,
    0x1f, 0xfd, 0xb4, 0x0, 0xff, 0xe4, 0x20, 0x7,
    0xff, 0x6f, 0x40, 0x3f, 0xf8, 0xe2, 0x60, 0x1f,
    0xfd, 0xb7, 0x0, 0xff, 0xe3, 0xa0, 0x7, 0xff,
    0x6c, 0x84, 0x3, 0xff, 0x8f, 0xe0, 0x1f, 0xfd,
    0xb5, 0x0, 0xff, 0xe4, 0x20, 0x7, 0xff, 0x6e,
    0xc0, 0x3f, 0xf8, 0xe6, 0x20, 0x1f, 0xfd, 0xb3,
    0x0, 0xff, 0xe3, 0xa0, 0x6, 0x4e, 0xef, 0xfe,
    0x2b, 0x0, 0x7f, 0xf1, 0x14, 0x3, 0xff, 0x91,
    0x60, 0x1c, 0x23, 0xff, 0xc5, 0x0, 0xff, 0xe2,
    0xf8, 0x7, 0xff, 0x1c, 0x4c, 0x3, 0xff, 0xb6,
    0x80, 0x1f, 0xfc, 0x74, 0x0, 0xff, 0xed, 0x98,
    0x80, 0x7f, 0xf1, 0xfc, 0x3, 0xff, 0xb6, 0x80,
    0x1f, 0xfc, 0x84, 0x0, 0xff, 0xed, 0xd8, 0x7,
    0xff, 0x1c, 0xc4, 0x3, 0xff, 0xb4, 0x26, 0x1,
    0xff, 0xc7, 0x40, 0xf, 0xfe, 0xda, 0x0, 0x7f,
    0xf2, 0x2c, 0x3, 0xff, 0xb7, 0xe0, 0x1f, 0xfc,
    0x83, 0x0, 0xff, 0xed, 0xa0, 0x7, 0xff, 0x1d,
    0x40, 0x3f, 0xfb, 0x66, 0x20, 0x1f, 0xfc, 0x7c,
    0x0, 0xff, 0xed, 0xd8, 0x7, 0xff, 0x21, 0xc0,
    0x3f, 0xfb, 0x6a, 0x1, 0xff, 0xc7, 0x21, 0x0,
    0xff, 0xed, 0x9, 0x0, 0x7f, 0xf1, 0xd4, 0x3,
    0xff, 0xb6, 0xe0, 0x1f, 0xfc, 0x8c, 0x0, 0xff,
    0xed, 0xe8, 0x7, 0xff, 0x21, 0x0, 0x3f, 0xfb,
    0x68, 0x1, 0xff, 0xc7, 0x40, 0xf, 0xfe, 0xda,
    0x0, 0x7f, 0xf2, 0x34, 0x3, 0xff, 0xb7, 0x80,
    0x1f, 0xfc, 0x87, 0x0, 0xff, 0xed, 0xa8, 0x7,
    0xff, 0x1c, 0x84, 0x3, 0xff, 0xb4, 0x44, 0x0,
    0xff, 0xe3, 0xa8, 0x7, 0xff, 0x6d, 0x0, 0x3f,
    0xf9, 0x18, 0x1, 0xff, 0xdb, 0xd0, 0xf, 0xfe,
    0x42, 0x0, 0x7f, 0xf6, 0xd0, 0x3, 0xff, 0x8e,
    0x80, 0x1f, 0xfd, 0xb4, 0x0, 0xff, 0xe4, 0x68,
    0x7, 0xff, 0x6f, 0x40, 0x3f, 0xf9, 0x8, 0x1,
    0xff, 0xdb, 0x70, 0xf, 0xfe, 0x39, 0x10, 0x3,
    0xff, 0xb4, 0x42, 0x1, 0xff, 0xc7, 0x40, 0xf,
    0xfe, 0xda, 0x80, 0x7f, 0xf2, 0x34, 0x3, 0xff,
    0xb7, 0x60, 0x1f, 0xfc, 0x84, 0x0, 0xff, 0xed,
    0x98, 0x7, 0xff, 0x1d, 0x0, 0x3f, 0xfb, 0x6a,
    0x1, 0xff, 0xc8, 0xc0, 0xf, 0xfe, 0xde, 0x0,
    0x7f, 0xf2, 0x14, 0x3, 0xff, 0xb6, 0xe0, 0x1f,
    0xfc, 0x72, 0x20, 0x7, 0xff, 0x68, 0xc4, 0x3,
    0xff, 0x8e, 0x80, 0x1f, 0xfd, 0xb4, 0x0, 0xff,
    0xe4, 0x68, 0x7, 0xff, 0x6e, 0xc0, 0x3f, 0xf9,
    0x8, 0x1, 0xff, 0xda, 0x13, 0x0, 0xff, 0xe3,
    0xa0, 0x7, 0xff, 0x6d, 0x0, 0x3f, 0xf9, 0x18,
    0x1, 0xff, 0xdb, 0xf0, 0xf, 0xfe, 0x42, 0x80,
    0x7f, 0xf6, 0xd0, 0x3, 0xff, 0x8e, 0x24, 0x1,
    0xff, 0xda, 0x31, 0x0, 0xff, 0xe3, 0xb8, 0x7,
    0xff, 0x6e, 0xc0, 0x3f, 0xf9, 0x18, 0x1, 0xff,
    0xdb, 0x50, 0xf, 0xfe, 0x42, 0x80, 0x7f, 0xf6,
    0x84, 0x80, 0x3f, 0xf8, 0xe6, 0x1, 0xff, 0xdb,
    0x70, 0xf, 0xfe, 0x45, 0x80, 0x7f, 0xf6, 0xf0,
    0x3, 0xff, 0x90, 0xa0, 0x1f, 0xfd, 0xb5, 0x0,
    0xff, 0xe3, 0x89, 0x0, 0x7f, 0xf6, 0x90, 0x3,
    0xff, 0x90, 0xe0, 0x1f, 0xfd, 0xbc, 0x0, 0xff,
    0xe4, 0x60, 0x7, 0xff, 0x6d, 0x40, 0x3f, 0xf9,
    0x8, 0x1, 0xff, 0xda, 0x22, 0x0, 0x7f, 0xf1,
    0xcc, 0x40, 0x3f, 0xfb, 0x48, 0x1, 0xff, 0xc8,
    0xb0, 0xf, 0xfe, 0xde, 0x80, 0x7f, 0xf2, 0x10,
    0x3, 0xff, 0xb6, 0x80, 0x1f, 0xfc, 0x71, 0x30,
    0xf, 0xfe, 0xd2, 0x0, 0x7f, 0xf2, 0x10, 0x3,
    0xff, 0xb7, 0xa0, 0x1f, 0xfc, 0x8f, 0x0, 0xff,
    0xed, 0xa0, 0x7, 0xff, 0x21, 0x0, 0x3f, 0xfb,
    0x44, 0x40, 0xf, 0xfe, 0x39, 0x88, 0x7, 0xff,
    0x69, 0x40, 0x3f, 0xf9, 0x8, 0x1, 0xff, 0xdb,
    0xc0, 0xf, 0xfe, 0x45, 0x80, 0x7f, 0xf6, 0xd0,
    0x3, 0xff, 0x8e, 0x26, 0x1, 0xff, 0xda, 0x50,
    0xf, 0xfe, 0x42, 0x0, 0x7f, 0xf6, 0xf0, 0x3,
    0xff, 0x91, 0xe0, 0x1f, 0xfd, 0xb7, 0x0, 0xff,
    0xe4, 0x20, 0x7, 0xff, 0x68, 0xc4, 0x3, 0xff,
    0x8e, 0x62, 0x1, 0xff, 0xda, 0x40, 0xf, 0xfe,
    0x42, 0x0, 0x7f, 0xf6, 0xec, 0x3, 0xff, 0x91,
    0x60, 0x1f, 0xfd, 0xa1, 0x30, 0xf, 0xfe, 0x38,
    0x98, 0x7, 0xff, 0x69, 0x0, 0x3f, 0xf9, 0x8,
    0x1, 0xff, 0xdb, 0xf0, 0xf, 0xfe, 0x46, 0x0,
    0x7f, 0xf6, 0xd0, 0x3, 0xff, 0x90, 0xe0, 0x1f,
    0xfd, 0xa3, 0x10, 0xf, 0xfe, 0x39, 0x8, 0x7,
    0xff, 0x6a, 0xc0, 0x3f, 0xf9, 0xa, 0x1, 0xff,
    0xdb, 0x40, 0xf, 0xfe, 0x46, 0x0, 0x7f, 0xf6,
    0x84, 0xc0, 0x3f, 0xf9, 0x8, 0x1, 0xff, 0xda,
    0x70, 0xf, 0xfe, 0x42, 0x80, 0x7f, 0xf6, 0xf0,
    0x3, 0xff, 0x91, 0x80, 0x1f, 0xfd, 0xb5, 0x0,
    0xff, 0xe4, 0x38, 0x7, 0xff, 0x69, 0x0, 0x3f,
    0xf9, 0x4, 0x20, 0x1f, 0xfd, 0xac, 0x0, 0xff,
    0xe4, 0x28, 0x7, 0xff, 0x6d, 0x40, 0x3f, 0xf9,
    0x18, 0x1, 0xff, 0xda, 0x22, 0x0, 0x7f, 0xf2,
    0x10, 0x3, 0xff, 0xb4, 0x80, 0x1f, 0xfc, 0x84,
    0x0, 0xff, 0xed, 0xe8, 0x7, 0xff, 0x23, 0x40,
    0x3f, 0xfb, 0x68, 0x1, 0xff, 0xc8, 0x40, 0xf,
    0xfe, 0xd2, 0x0, 0x7f, 0xf2, 0x8, 0x80, 0x1f,
    0xfd, 0xad, 0x0, 0xff, 0xe4, 0x20, 0x7, 0xff,
    0x6d, 0x0, 0x3f, 0xf9, 0x1a, 0x1, 0xff, 0xda,
    0x22, 0x0, 0x7f, 0xf2, 0x10, 0x3, 0xff, 0xb4,
    0xa0, 0x1f, 0xfc, 0x84, 0x0, 0xff, 0xed, 0xe0,
    0x7, 0xff, 0x23, 0x40, 0x3f, 0xfb, 0x68, 0x1,
    0xff, 0xc8, 0x40, 0xf, 0xfe, 0xd2, 0x80, 0x7f,
    0xf2, 0x8, 0x80, 0x1f, 0xfd, 0xac, 0x0, 0xff,
    0xe4, 0x20, 0x7, 0xff, 0x6d, 0xc0, 0x3f, 0xf9,
    0x1a, 0x1, 0xff, 0xda, 0x31, 0x0, 0xff, 0xe4,
    0x20, 0x7, 0xff, 0x69, 0x0, 0x3f, 0xf9, 0x8,
    0x1, 0xff, 0xdb, 0xb0, 0xf, 0xfe, 0x46, 0x0,
    0x7f, 0xf6, 0x84, 0xc0, 0x3f, 0xf9, 0xa, 0x1,
    0xff, 0xda, 0x40, 0xf, 0xfe, 0x40, 0x90, 0x7,
    0xff, 0x6b, 0xc0, 0x3f, 0xf9, 0xe, 0x1, 0xff,
    0xdb, 0x40, 0xf, 0xfe, 0x46, 0x0, 0x7f, 0xf6,
    0x8c, 0x40, 0x3f, 0xf9, 0xa, 0x1, 0xff, 0xda,
    0xb0, 0xf, 0xfe, 0x41, 0x80, 0x7f, 0xf6, 0xf2,
    0x67, 0xff, 0x91, 0xe0, 0x1f, 0xfd, 0x60,

    /* U+0038 "8" */
    0x0, 0xff, 0xe5, 0x92, 0xc5, 0xef, 0x7f, 0xdd,
    0xb7, 0x2c, 0x60, 0x1f, 0xfd, 0xf3, 0x8d, 0xd5,
    0x3a, 0x10, 0x80, 0x42, 0x48, 0xd3, 0x9d, 0x4a,
    0x1, 0xff, 0xda, 0x6c, 0xc3, 0x90, 0x7, 0xff,
    0xc, 0x56, 0xb9, 0xc4, 0x3, 0xff, 0xaa, 0xbd,
    0x26, 0x1, 0xff, 0xc9, 0x18, 0xe8, 0x0, 0xff,
    0xe9, 0x1e, 0x50, 0x80, 0x7f, 0xf3, 0x9f, 0x94,
    0x3, 0xff, 0x9e, 0xf8, 0x60, 0x1f, 0xfd, 0x11,
    0xaa, 0x0, 0x7f, 0xf3, 0x6e, 0x0, 0x3f, 0xfa,
    0xab, 0xa4, 0x1, 0xff, 0xc9, 0x1c, 0x40, 0xf,
    0xfe, 0xb9, 0x61, 0x80, 0x7f, 0xf1, 0xc7, 0xc,
    0x3, 0xff, 0xb2, 0x38, 0x60, 0x1f, 0xfc, 0x6d,
    0x20, 0xf, 0xfe, 0xe6, 0x90, 0x7, 0xff, 0x12,
    0x8c, 0x3, 0xff, 0xba, 0x3e, 0x20, 0x1f, 0xfc,
    0x26, 0x50, 0xf, 0xfe, 0xf9, 0x58, 0x7, 0xff,
    0x4, 0xa4, 0x3, 0xff, 0xc2, 0xac, 0x1, 0xff,
    0xc0, 0xf0, 0xf, 0xff, 0x1c, 0x90, 0x7, 0xf9,
    0xc8, 0x3, 0xff, 0xc9, 0x20, 0x1f, 0xc5, 0x0,
    0x1f, 0xfe, 0x54, 0x60, 0xf, 0xd0, 0x1, 0xff,
    0xe7, 0x80, 0xf, 0x89, 0x40, 0x3f, 0xfc, 0xe2,
    0xc0, 0x1e, 0xb0, 0xf, 0xff, 0x4c, 0x0, 0x79,
    0x80, 0x3f, 0xfd, 0x22, 0x80, 0x19, 0x40, 0x3f,
    0xf9, 0x8b, 0x59, 0xdb, 0x6e, 0x20, 0x1f, 0xfc,
    0xbd, 0x0, 0xde, 0x1, 0xff, 0xca, 0x6e, 0xa5,
    0x31, 0x24, 0x8e, 0x80, 0xf, 0xfe, 0x53, 0x0,
    0x64, 0x0, 0xff, 0xe4, 0xcc, 0x84, 0x3, 0xf3,
    0xe0, 0x80, 0x7f, 0xf2, 0x4c, 0x0, 0x42, 0x1,
    0xff, 0xc8, 0xa6, 0x0, 0xff, 0x8f, 0x4, 0x3,
    0xff, 0x90, 0x80, 0x7, 0x0, 0xff, 0xe4, 0x3a,
    0x80, 0x7f, 0xf0, 0x4b, 0x40, 0x3f, 0xf9, 0x1a,
    0x0, 0xd0, 0xf, 0xfe, 0x38, 0xc0, 0x7, 0xff,
    0xc, 0xd4, 0x3, 0xff, 0x8e, 0xe0, 0x3, 0x0,
    0xff, 0xe3, 0xc8, 0x7, 0xff, 0x16, 0x0, 0x3f,
    0xf8, 0xe4, 0x0, 0x70, 0xf, 0xfe, 0x3a, 0x80,
    0x7f, 0xf1, 0x48, 0x40, 0x3f, 0xf8, 0xe2, 0x4,
    0x1, 0xff, 0xc7, 0x20, 0xf, 0xfe, 0x32, 0x0,
    0x7f, 0xf1, 0xc8, 0x4, 0x3, 0xff, 0x8c, 0x40,
    0x1f, 0xfc, 0x73, 0x0, 0xff, 0xe3, 0xb8, 0x80,
    0x7f, 0xf1, 0xc4, 0x3, 0xff, 0x8e, 0x20, 0x1f,
    0xfc, 0x71, 0x30, 0xf, 0xff, 0x79, 0x80, 0x7f,
    0xfc, 0x4, 0x40, 0x1f, 0xfe, 0xff, 0x0, 0xff,
    0xf8, 0xb8, 0x7, 0xff, 0xbc, 0x40, 0x3f, 0xff,
    0xe0, 0x1f, 0xff, 0xf0, 0xf, 0xff, 0xf8, 0x7,
    0xff, 0xfc, 0x3, 0xff, 0xfe, 0x1, 0xff, 0xe7,
    0x10, 0xf, 0xff, 0x8b, 0x80, 0x7f, 0xff, 0xc0,
    0x3f, 0xff, 0xe0, 0x1f, 0xfd, 0x3f, 0x10, 0xf,
    0xff, 0xf8, 0x7, 0xff, 0x84, 0x48, 0x3, 0xff,
    0xde, 0x60, 0x1f, 0xff, 0x6, 0x2, 0x0, 0xff,
    0xe3, 0x8, 0x7, 0xff, 0x1c, 0x40, 0x3f, 0xf8,
    0xe2, 0x2, 0x1, 0xff, 0xc6, 0x30, 0xf, 0xfe,
    0x39, 0x80, 0x7f, 0xf1, 0xc8, 0x14, 0x3, 0xff,
    0x8c, 0x24, 0x1, 0xff, 0xc6, 0x70, 0xf, 0xfe,
    0x30, 0x80, 0x3c, 0x3, 0xff, 0x8e, 0x80, 0x1f,
    0xfc, 0x52, 0x20, 0x7, 0xff, 0x19, 0x0, 0xa,
    0x1, 0xff, 0xc7, 0xb0, 0xf, 0xfe, 0x2d, 0x80,
    0x7f, 0xf1, 0xf4, 0x0, 0x60, 0x1f, 0xfc, 0x72,
    0x70, 0xf, 0xfe, 0x19, 0xb0, 0x7, 0xff, 0x1d,
    0x0, 0x25, 0x0, 0xff, 0xe3, 0xc2, 0x0, 0x7f,
    0xf0, 0x47, 0x40, 0x3f, 0xf8, 0xe2, 0x60, 0x17,
    0x0, 0x7f, 0xf2, 0x2d, 0x0, 0x3f, 0xe2, 0xc1,
    0x0, 0xff, 0xe3, 0xb8, 0x6, 0x42, 0x0, 0xff,
    0xe4, 0x5c, 0x0, 0x7f, 0x2e, 0x10, 0x7, 0xff,
    0x22, 0xc0, 0x3a, 0x0, 0x3f, 0xf9, 0x2f, 0xd0,
    0x82, 0x2, 0x6f, 0xb4, 0x20, 0x1f, 0xfc, 0x85,
    0x20, 0xe, 0x53, 0x0, 0xff, 0xe4, 0x8b, 0xdf,
    0x7f, 0x64, 0x10, 0x7, 0xff, 0x2a, 0xc0, 0x3e,
    0xe0, 0xf, 0xff, 0x3d, 0x8, 0x7, 0xc5, 0x40,
    0x1f, 0xfe, 0x56, 0x50, 0xf, 0xe5, 0x80, 0xf,
    0xff, 0x1a, 0x48, 0x7, 0xfc, 0xf0, 0x1, 0xff,
    0xe1, 0x4b, 0x0, 0xff, 0xe0, 0xbc, 0x0, 0x7f,
    0xf7, 0xd2, 0xc0, 0x3f, 0xf8, 0x6f, 0x20, 0x1f,
    0xfd, 0xd5, 0xb0, 0xf, 0xfe, 0x2b, 0x38, 0x7,
    0xff, 0x6c, 0xa8, 0x3, 0xff, 0x8c, 0xee, 0x0,
    0xff, 0xed, 0x95, 0x80, 0x7f, 0xf1, 0x66, 0x0,
    0x3f, 0xfb, 0xa9, 0xa2, 0x1, 0xff, 0xc2, 0xa6,
    0x0, 0xff, 0xef, 0x96, 0x8, 0x7, 0xff, 0x2,
    0x94, 0x3, 0xff, 0xc2, 0x58, 0x20, 0x1f, 0xe7,
    0x50, 0xf, 0xff, 0x19, 0x50, 0x7, 0xf1, 0xc0,
    0x7, 0xff, 0x95, 0x1c, 0x3, 0xf7, 0x0, 0x7f,
    0xf9, 0xe0, 0x80, 0x3c, 0xc4, 0x1, 0xff, 0xc9,
    0x17, 0xce, 0xff, 0x6c, 0x98, 0x7, 0xff, 0x2a,
    0x40, 0x3d, 0x0, 0x1f, 0xfc, 0x98, 0xe8, 0x31,
    0x0, 0x13, 0x65, 0x88, 0x7, 0xff, 0x21, 0x8,
    0x3, 0x20, 0x80, 0x7f, 0xf1, 0xc7, 0x1c, 0x3,
    0xf9, 0x3c, 0xc0, 0x3f, 0xf9, 0x16, 0x1, 0xb8,
    0x3, 0xff, 0x91, 0xa6, 0x1, 0xff, 0xe, 0x10,
    0x7, 0xff, 0x1d, 0xc0, 0x32, 0x0, 0x7f, 0xf1,
    0xe8, 0xc0, 0x3f, 0xf8, 0x58, 0x1, 0xff, 0xc7,
    0x13, 0x0, 0x10, 0x80, 0x7f, 0xf1, 0x8d, 0x40,
    0x3f, 0xf8, 0x62, 0xe0, 0x1f, 0xfc, 0x75, 0x0,
    0x38, 0x7, 0xff, 0x1e, 0x40, 0x3f, 0xf8, 0xb2,
    0x1, 0xff, 0xc7, 0xc0, 0x6, 0x80, 0x7f, 0xf1,
    0xd0, 0x3, 0xff, 0x8a, 0x26, 0x1, 0xff, 0xc6,
    0x70, 0x1, 0x80, 0x7f, 0xf1, 0x84, 0x40, 0x1f,
    0xfc, 0x66, 0x0, 0xff, 0xe3, 0x10, 0x1, 0xc0,
    0x3f, 0xf8, 0xc6, 0x1, 0xff, 0xc7, 0x20, 0xf,
    0xfe, 0x38, 0x81, 0x0, 0x7f, 0xf1, 0x84, 0x3,
    0xff, 0xb6, 0x40, 0x20, 0x1f, 0xfe, 0xe7, 0x0,
    0xff, 0xf8, 0x8, 0x80, 0x3f, 0xfd, 0xe6, 0x60,
    0xf, 0xff, 0xf8, 0x7, 0xff, 0x84, 0x44, 0x1,
    0xff, 0xff, 0x0, 0xff, 0xff, 0x80, 0x7f, 0xf4,
    0xfc, 0x3, 0xff, 0xe2, 0xe0, 0x1f, 0xff, 0xf0,
    0xf, 0xff, 0xf8, 0x7, 0xff, 0x4c, 0x40, 0x3f,
    0xff, 0xe0, 0x1f, 0xff, 0xf0, 0xf, 0xff, 0xf8,
    0x7, 0xff, 0xfc, 0x3, 0xff, 0xfe, 0x1, 0xff,
    0xff, 0x0, 0xff, 0xec, 0x88, 0x7, 0xff, 0xc5,
    0xc0, 0x3f, 0xff, 0xe0, 0x1f, 0xfe, 0x1f, 0x10,
    0xf, 0xff, 0xf8, 0x7, 0xff, 0x84, 0x4c, 0x3,
    0xff, 0xde, 0x62, 0x1, 0xff, 0xc7, 0x10, 0xf,
    0xfe, 0xd8, 0x80, 0x80, 0x7f, 0xf1, 0x8c, 0x3,
    0xff, 0x8e, 0x40, 0x1f, 0xfc, 0x77, 0x3, 0x0,
    0xff, 0xe3, 0x8, 0x80, 0x3f, 0xf8, 0xce, 0x1,
    0xff, 0xc7, 0x10, 0x60, 0xf, 0xfe, 0x3b, 0x80,
    0x7f, 0xf1, 0x48, 0x80, 0x1f, 0xfc, 0x72, 0x1,
    0x0, 0xff, 0xe3, 0xd8, 0x7, 0xff, 0x16, 0xc0,
    0x3f, 0xf8, 0xe2, 0x0, 0x20, 0xf, 0xfe, 0x39,
    0x38, 0x7, 0xff, 0xc, 0x98, 0x3, 0xff, 0x8e,
    0x40, 0xd, 0x0, 0xff, 0xe4, 0x42, 0x0, 0x7f,
    0xf0, 0x47, 0x0, 0x3f, 0xf9, 0xc, 0x0, 0x70,
    0xf, 0xfe, 0x4d, 0xa8, 0x7, 0xfc, 0x58, 0x20,
    0x1f, 0xfc, 0x8d, 0x0, 0x10, 0x7, 0xff, 0x2a,
    0xa4, 0x40, 0x3f, 0x36, 0x90, 0x7, 0xff, 0x25,
    0x0, 0x24, 0x0, 0xff, 0xe5, 0x37, 0x52, 0x98,
    0x92, 0x47, 0x48, 0x7, 0xff, 0x2c, 0xc0, 0x2c,
    0x0, 0xff, 0xe6, 0x2d, 0x67, 0x6d, 0xb8, 0x80,
    0x7f, 0xf2, 0xd0, 0x3, 0x30, 0x7, 0xff, 0xaf,
    0x40, 0x30, 0xa0, 0x7, 0xff, 0xa4, 0x58, 0x3,
    0xbc, 0x3, 0xff, 0xd2, 0xc0, 0x1e, 0x44, 0x0,
    0x7f, 0xf9, 0xc6, 0x0, 0x3e, 0x90, 0xf, 0xff,
    0x3c, 0x0, 0x7e, 0x27, 0x0, 0xff, 0xf2, 0x9b,
    0x0, 0x7f, 0x41, 0x0, 0x7f, 0xf9, 0x38, 0x3,
    0xfe, 0xf0, 0xf, 0xff, 0x1c, 0x90, 0x7, 0xfc,
    0x52, 0x1, 0xff, 0xe1, 0x56, 0x0, 0xff, 0xe0,
    0xb3, 0x80, 0x7f, 0xf7, 0xce, 0x80, 0x3f, 0xf8,
    0x70, 0xc0, 0x1f, 0xfd, 0xd3, 0xc0, 0xf, 0xfe,
    0x2c, 0xb0, 0x7, 0xff, 0x6c, 0xf4, 0x3, 0xff,
    0x8f, 0x32, 0x0, 0xff, 0xec, 0xae, 0x8, 0x7,
    0xff, 0x21, 0xb0, 0x40, 0x3f, 0xfa, 0xd3, 0x40,
    0x1f, 0xfc, 0xb3, 0xe6, 0x0, 0xff, 0xe9, 0x9e,
    0xb0, 0x7, 0xff, 0x3a, 0x6c, 0xc0, 0x3f, 0xf9,
    0xe3, 0x38, 0x40, 0x1f, 0xfd, 0x4, 0xcb, 0x30,
    0xf, 0xfe, 0x58, 0xcf, 0x30, 0x7, 0xff, 0x51,
    0x33, 0x60, 0xc0, 0x3f, 0xf8, 0xa4, 0xf9, 0xcc,
    0x1, 0xff, 0xd8, 0x27, 0xce, 0xb8, 0x63, 0x21,
    0x0, 0x84, 0x8d, 0x62, 0xb7, 0x50, 0x60, 0x1f,
    0xfc, 0x70,

    /* U+0039 "9" */
    0x0, 0xff, 0xff, 0x80, 0x7e, 0x15, 0x7a, 0xde,
    0xff, 0xee, 0xdb, 0x85, 0x20, 0xf, 0xfe, 0xe9,
    0x3e, 0x75, 0x42, 0x90, 0x80, 0x70, 0x92, 0x3d,
    0x6e, 0xa0, 0xc0, 0x3f, 0xfb, 0xb, 0x9b, 0x6,
    0x1, 0xff, 0xc5, 0x27, 0xcd, 0x50, 0xf, 0xfe,
    0xa3, 0x6d, 0x18, 0x7, 0xff, 0x2c, 0xab, 0x54,
    0x3, 0xff, 0xa0, 0x59, 0x24, 0x1, 0xff, 0xcf,
    0x2a, 0xb2, 0x0, 0xff, 0xe6, 0xbe, 0x98, 0x7,
    0xff, 0x4d, 0x35, 0xc0, 0x3f, 0xf9, 0x75, 0x0,
    0x1f, 0xfd, 0x78, 0xa0, 0xf, 0xfe, 0x40, 0xe2,
    0x80, 0x7f, 0xf6, 0x57, 0x4, 0x3, 0xff, 0x8a,
    0x38, 0x60, 0x1f, 0xfd, 0xb3, 0xc1, 0x0, 0xff,
    0xe2, 0x69, 0x0, 0x7f, 0xf7, 0x4b, 0x40, 0x3f,
    0xf8, 0x74, 0x60, 0x1f, 0xfd, 0xf3, 0xb0, 0xf,
    0xfe, 0xb, 0x28, 0x7, 0xff, 0x85, 0x1c, 0x3,
    0xfe, 0x29, 0x0, 0xff, 0xf1, 0xc1, 0x80, 0x7f,
    0xb8, 0x3, 0xff, 0xcb, 0xc0, 0x1f, 0xca, 0x60,
    0x1f, 0xfe, 0x52, 0x60, 0xf, 0xd0, 0x1, 0xff,
    0xe7, 0x80, 0xf, 0x94, 0x80, 0x3f, 0xfc, 0xe2,
    0xe0, 0x1e, 0x80, 0xf, 0xff, 0x4c, 0x80, 0x71,
    0x90, 0x7, 0xff, 0xa4, 0x58, 0x3, 0x58, 0x7,
    0xff, 0xae, 0x80, 0x32, 0x80, 0x7f, 0xf2, 0xc5,
    0xf3, 0xbf, 0xb2, 0xc, 0x3, 0xff, 0x96, 0x62,
    0x0, 0x12, 0x0, 0xff, 0xe5, 0x47, 0x41, 0x88,
    0x9, 0xbe, 0x59, 0x0, 0x7f, 0xf2, 0x90, 0x0,
    0xa0, 0x1f, 0xfc, 0x91, 0xc7, 0x0, 0xfe, 0x4c,
    0x40, 0xf, 0xfe, 0x4e, 0x80, 0xc, 0x3, 0xff,
    0x90, 0x38, 0x60, 0x1f, 0xf0, 0xd9, 0x80, 0x7f,
    0xf2, 0xc, 0x1, 0xc0, 0x1f, 0xfc, 0x8b, 0x20,
    0xf, 0xfe, 0x16, 0x80, 0x7f, 0xf2, 0x18, 0x0,
    0x40, 0x1f, 0xfc, 0x73, 0x50, 0xf, 0xfe, 0x18,
    0xc0, 0x7, 0xff, 0x1c, 0x80, 0xc, 0x1, 0xff,
    0xc7, 0x90, 0xf, 0xfe, 0x2b, 0x0, 0x7f, 0xf2,
    0x4, 0xc, 0x3, 0xff, 0x8e, 0x80, 0x1f, 0xfc,
    0x51, 0x30, 0xf, 0xfe, 0x39, 0x80, 0x80, 0x7f,
    0xf1, 0x84, 0x40, 0x1f, 0xfc, 0x66, 0x0, 0xff,
    0xe3, 0xb0, 0x7, 0xff, 0x20, 0xc0, 0x3f, 0xf8,
    0xe4, 0x1, 0xff, 0xc7, 0x11, 0x0, 0x7f, 0xf1,
    0xc4, 0x3, 0xff, 0xb6, 0x66, 0x0, 0xff, 0xff,
    0x80, 0x7f, 0xf8, 0x44, 0x40, 0x1f, 0xff, 0xf0,
    0xf, 0xff, 0xf, 0x80, 0x7f, 0xfc, 0x5c, 0x3,
    0xff, 0xfe, 0x1, 0xff, 0xff, 0x0, 0xff, 0xe9,
    0x88, 0x7, 0xff, 0xfc, 0x3, 0xff, 0xfe, 0x1,
    0xff, 0xff, 0x0, 0xff, 0xff, 0x80, 0x7f, 0xff,
    0xc0, 0x3f, 0xff, 0xe0, 0x1f, 0xfd, 0x91, 0x0,
    0xff, 0xff, 0x80, 0x7f, 0xf8, 0xdc, 0x3, 0xff,
    0xdf, 0xe0, 0x1f, 0xff, 0xf0, 0xf, 0xff, 0x10,
    0x80, 0x7f, 0xfc, 0x44, 0x3, 0xff, 0xde, 0x60,
    0x1f, 0xff, 0x1, 0x30, 0xf, 0xff, 0x7b, 0x80,
    0x7f, 0xf2, 0x4, 0x3, 0xff, 0x8e, 0x20, 0x1f,
    0xfc, 0x72, 0x10, 0xf, 0xfe, 0x39, 0x0, 0x7f,
    0xf1, 0xcc, 0x3, 0xff, 0x8e, 0x20, 0x1f, 0xfc,
    0x92, 0x0, 0xff, 0xe3, 0x38, 0x7, 0xff, 0x18,
    0x40, 0x2, 0x1, 0xff, 0xc7, 0x40, 0xf, 0xfe,
    0x29, 0x10, 0x3, 0xff, 0x8c, 0x40, 0x3, 0x0,
    0xff, 0xe3, 0xd8, 0x7, 0xff, 0x16, 0xc0, 0x3f,
    0xf8, 0xea, 0x0, 0x60, 0xf, 0xfe, 0x39, 0x38,
    0x7, 0xff, 0xc, 0x98, 0x3, 0xff, 0x8f, 0xe0,
    0x1, 0x0, 0xff, 0xe4, 0x42, 0x0, 0x7f, 0xf0,
    0x47, 0x0, 0x3f, 0xf9, 0xa, 0x0, 0x20, 0xf,
    0xfe, 0x4d, 0xa8, 0x7, 0xfc, 0x58, 0x20, 0x1f,
    0xfc, 0x83, 0x0, 0x70, 0x7, 0xff, 0x2a, 0xa8,
    0x40, 0x1f, 0x9f, 0x48, 0x3, 0xff, 0x90, 0x80,
    0x11, 0x0, 0x7f, 0xf2, 0xd7, 0x6d, 0xd0, 0xd1,
    0xab, 0xa0, 0x3, 0xff, 0x95, 0x80, 0x12, 0x80,
    0x7f, 0xf3, 0x52, 0x2f, 0x2e, 0x54, 0x40, 0x3f,
    0xf9, 0x68, 0x1, 0x8, 0x80, 0x3f, 0xfd, 0x42,
    0x60, 0x19, 0x0, 0x3f, 0xfd, 0x4e, 0x1, 0xd8,
    0x1, 0xff, 0xea, 0xa0, 0xe, 0x70, 0xf, 0xff,
    0x48, 0x98, 0x7, 0xb, 0x0, 0x7f, 0xfa, 0x18,
    0x3, 0xeb, 0x0, 0xff, 0xf4, 0x50, 0x7, 0xc4,
    0xc0, 0x1f, 0xfe, 0x63, 0x20, 0xf, 0xd2, 0x20,
    0x1f, 0xfe, 0x5a, 0x0, 0xff, 0x68, 0x7, 0xff,
    0x95, 0x80, 0x3f, 0xc7, 0x20, 0x1f, 0xfe, 0x35,
    0x0, 0xff, 0xe0, 0x34, 0x0, 0x7f, 0xf8, 0xb8,
    0x3, 0xff, 0x82, 0xf2, 0x1, 0xff, 0xe0, 0x14,
    0x0, 0xff, 0xe1, 0x36, 0x8, 0x7, 0xff, 0x79,
    0x80, 0x3f, 0xf8, 0x87, 0xcc, 0x1, 0xff, 0xdd,
    0xa0, 0xf, 0xfe, 0x34, 0xea, 0x80, 0x7f, 0xf1,
    0x4, 0x3, 0xff, 0x92, 0x64, 0x1, 0xff, 0xc7,
    0x2a, 0xe8, 0x30, 0xf, 0xf9, 0x2e, 0x80, 0x3f,
    0xf9, 0x34, 0x1, 0xff, 0xca, 0x17, 0xcf, 0xca,
    0x98, 0x78, 0x9a, 0xcf, 0xb4, 0xe0, 0xf, 0xfe,
    0x4b, 0x0, 0x7f, 0xf3, 0x8d, 0x59, 0xe1, 0xd9,
    0x4c, 0x0, 0x2a, 0x1, 0xff, 0xc8, 0x50, 0xf,
    0xfe, 0xd3, 0x0, 0x7f, 0xf2, 0x78, 0x3, 0xff,
    0xb5, 0x40, 0x1f, 0xfc, 0x81, 0x40, 0xf, 0xfe,
    0xc9, 0x90, 0x7, 0xff, 0x21, 0x80, 0x3f, 0xfb,
    0x52, 0x1, 0xff, 0xc9, 0xa0, 0xf, 0xfe, 0xd2,
    0x80, 0x7f, 0xf2, 0xc, 0x80, 0x3f, 0xfb, 0x2c,
    0x1, 0xff, 0xc9, 0xa0, 0xf, 0xfe, 0xd5, 0x0,
    0x7f, 0xf2, 0x58, 0x3, 0xff, 0xb2, 0x46, 0x1,
    0xff, 0xc8, 0x50, 0xf, 0xfe, 0xd5, 0x80, 0x7f,
    0xf2, 0x78, 0x3, 0xff, 0xb4, 0xe0, 0x1f, 0xfc,
    0x81, 0x40, 0xf, 0xfe, 0xca, 0x88, 0x7, 0xff,
    0x21, 0x80, 0x3f, 0xfb, 0x5c, 0x1, 0xff, 0xc9,
    0xa0, 0xf, 0xfe, 0xc9, 0x20, 0x7, 0xff, 0x20,
    0xc8, 0x3, 0xff, 0xb3, 0x40, 0x1f, 0xfc, 0x9a,
    0x0, 0xff, 0xed, 0x30, 0x7, 0xff, 0x25, 0x80,
    0x3f, 0xfb, 0x28, 0x20, 0x1f, 0xfc, 0x85, 0x0,
    0xff, 0xed, 0x70, 0x7, 0xff, 0x27, 0x80, 0x3f,
    0xfb, 0x22, 0xa0, 0x1f, 0xfc, 0x81, 0x40, 0xf,
    0xfe, 0xcb, 0x0, 0x7f, 0xf2, 0x58, 0x3, 0xff,
    0xb5, 0x40, 0x1f, 0xfc, 0x9a, 0x0, 0xff, 0xec,
    0x99, 0x0, 0x7f, 0xf2, 0xc, 0x80, 0x3f, 0xfb,
    0x34, 0x1, 0xff, 0xc9, 0xa0, 0xf, 0xfe, 0xd3,
    0x0, 0x7f, 0xf2, 0x58, 0x3, 0xff, 0xb2, 0xc0,
    0x1f, 0xfc, 0x95, 0x0, 0xff, 0xed, 0x50, 0x7,
    0xff, 0x27, 0x80, 0x3f, 0xfb, 0x24, 0x60, 0x1f,
    0xfc, 0x81, 0x40, 0xf, 0xfe, 0xcd, 0x0, 0x7f,
    0xf2, 0x58, 0x3, 0xff, 0xb4, 0xc0, 0x1f, 0xfc,
    0x9a, 0x0, 0xff, 0xec, 0xa8, 0x80, 0x7f, 0xf2,
    0xc, 0x80, 0x3f, 0xfb, 0x3c, 0x1, 0xff, 0xc9,
    0xa0, 0xf, 0xfe, 0xc8, 0xa0, 0x7, 0xff, 0x25,
    0x80, 0x3f, 0xfb, 0x32, 0x1, 0xff, 0xc9, 0x50,
    0xf, 0xfe, 0xd3, 0x0, 0x7f, 0xf2, 0x78, 0x3,
    0xff, 0xb2, 0x82, 0x1, 0xff, 0xc8, 0x14, 0x0,
    0xff, 0xec, 0xf0, 0x7, 0xff, 0x25, 0x80, 0x3f,
    0xfb, 0x22, 0xa0, 0x1f, 0xfc, 0x9a, 0x0, 0xff,
    0xec, 0xb0, 0x7, 0xff, 0x24, 0xc8, 0x3, 0xff,
    0xb3, 0x40, 0x1f, 0xfc, 0x9a, 0x0, 0xff, 0xec,
    0x99, 0x0, 0x7f, 0xf2, 0x58, 0x3, 0xff, 0xb3,
    0x40, 0x1f, 0xfc, 0x95, 0x0, 0xff, 0xed, 0x30,
    0x7, 0xff, 0x27, 0x80, 0x3f, 0xfb, 0x2c, 0x1,
    0xff, 0xc9, 0x24, 0x0, 0xff, 0xec, 0xd0, 0x7,
    0xff, 0x25, 0x40, 0x3f, 0xfb, 0x24, 0x60, 0x1f,
    0xfc, 0x9a, 0x0, 0xff, 0xec, 0xd0, 0x7, 0xff,
    0x24, 0xc8, 0x3, 0xff, 0xb2, 0xc0, 0x1f, 0xfc,
    0x9a, 0x0, 0xff, 0xec, 0xa8, 0x80, 0x7f, 0xf2,
    0x58, 0x3, 0xff, 0xb3, 0xc0, 0x1f, 0xfc, 0x95,
    0x0, 0xff, 0xec, 0x8a, 0x0, 0x7f, 0xf2, 0x78,
    0x3, 0xff, 0xb2, 0xc0, 0x1f, 0xfc, 0x92, 0x40,
    0xf, 0xfe, 0xcd, 0x0, 0x7f, 0xf2, 0x54, 0x3,
    0xff, 0xb2, 0x84, 0x1, 0xff, 0xc9, 0xa0, 0xf,
    0xfe, 0xcf, 0x0, 0x7f, 0xf2, 0x4c, 0x80, 0x3f,
    0xfb, 0x2, 0xa0, 0x1f, 0xfc, 0x9a, 0x0, 0xff,
    0xec, 0xb8, 0x7, 0xff, 0x29, 0x80, 0x3f, 0xfb,
    0x36, 0x1, 0xff, 0xc9, 0x50, 0xf, 0xfe, 0x90,

    /* U+003F "?" */
    0x0, 0xff, 0xe9, 0x8, 0x7, 0xff, 0xa4, 0xde,
    0xb3, 0xbf, 0xdd, 0xfe, 0xed, 0xa8, 0x51, 0x0,
    0xff, 0xef, 0x2d, 0xfe, 0x42, 0x98, 0x80, 0x70,
    0x92, 0xbd, 0x76, 0x41, 0x0, 0x7f, 0xf6, 0x6,
    0x3a, 0x90, 0x3, 0xff, 0x8a, 0x6f, 0xb6, 0x80,
    0x1f, 0xfd, 0x41, 0x9e, 0x71, 0x0, 0xff, 0xe5,
    0x25, 0xe1, 0x80, 0x7f, 0xf4, 0x5f, 0x98, 0x3,
    0xff, 0x9e, 0x79, 0x42, 0x1, 0xff, 0xcd, 0x2c,
    0x80, 0xf, 0xfe, 0x9a, 0xfa, 0x0, 0x7f, 0xf2,
    0xd7, 0x4c, 0x3, 0xff, 0xaa, 0x37, 0x0, 0x1f,
    0xfc, 0x98, 0xa0, 0xf, 0xfe, 0xcb, 0xc8, 0x7,
    0xff, 0x1e, 0x5c, 0x3, 0xff, 0xb6, 0xd4, 0x1,
    0xff, 0xc5, 0x96, 0x0, 0xff, 0xee, 0xac, 0x0,
    0x7f, 0xf0, 0xe1, 0x80, 0x3f, 0xfb, 0xee, 0xc0,
    0x1f, 0xfc, 0x15, 0x70, 0xf, 0xff, 0xc, 0x90,
    0x7, 0xfc, 0x54, 0x1, 0xff, 0xe3, 0xe0, 0xf,
    0xfb, 0x80, 0x3f, 0xfc, 0x87, 0x0, 0x1f, 0xcc,
    0x60, 0x1f, 0xfe, 0x57, 0x20, 0xf, 0x86, 0x0,
    0x3f, 0xfc, 0xf2, 0x1, 0xf4, 0x88, 0x7, 0xff,
    0x9d, 0x10, 0x1, 0xe6, 0x0, 0xff, 0xf4, 0xf8,
    0x7, 0x38, 0x80, 0x7f, 0xfa, 0x50, 0xc0, 0x35,
    0x0, 0x7f, 0xfa, 0xe8, 0x2, 0x32, 0x0, 0xff,
    0xe5, 0x8b, 0xdf, 0x7f, 0x64, 0x18, 0x7, 0xff,
    0x2d, 0xc0, 0x2b, 0x0, 0xff, 0xe5, 0xcf, 0x42,
    0x8, 0x9, 0xbe, 0x50, 0x80, 0x7f, 0xf2, 0x45,
    0x0, 0x8, 0x1, 0xff, 0xc9, 0x3e, 0x60, 0xf,
    0xe5, 0xf3, 0x0, 0xff, 0xe4, 0xe0, 0x0, 0xc0,
    0x3f, 0xf9, 0x9, 0x82, 0x1, 0xff, 0xe, 0x90,
    0x7, 0xff, 0x20, 0xc0, 0xc0, 0x3f, 0xf9, 0x3,
    0x60, 0x1f, 0xfc, 0x21, 0xf0, 0xf, 0xfe, 0x42,
    0x83, 0x0, 0x7f, 0xf2, 0x2c, 0x3, 0xff, 0x88,
    0x4c, 0x1, 0xff, 0xc7, 0x11, 0x68, 0x7, 0xff,
    0x21, 0x40, 0x3f, 0xf8, 0xb6, 0x1, 0xff, 0xc8,
    0x21, 0x0, 0xff, 0xe3, 0xa8, 0x7, 0xff, 0x18,
    0x88, 0x1, 0xff, 0xc7, 0x63, 0x0, 0xff, 0xe3,
    0x90, 0x7, 0xff, 0x1d, 0xc0, 0x3f, 0xf8, 0xe6,
    0x20, 0x1f, 0xfc, 0x7e, 0x0, 0xff, 0xe3, 0x98,
    0x7, 0xff, 0x1c, 0x40, 0x3f, 0xfb, 0x82, 0x1,
    0xff, 0xff, 0x0, 0xef, 0x0, 0xff, 0xff, 0x80,
    0x7f, 0xf8, 0x84, 0x3, 0xff, 0xfe, 0x1, 0xff,
    0xff, 0x0, 0xff, 0xff, 0x80, 0x7f, 0xff, 0xc0,
    0x3f, 0xff, 0xe0, 0x1f, 0xfe, 0x71, 0xf9, 0x9f,
    0xfe, 0x3a, 0x0, 0x7f, 0xf1, 0xc4, 0x3, 0xff,
    0x90, 0x8c, 0xdf, 0xfc, 0x72, 0x0, 0xff, 0xff,
    0x80, 0x71, 0x80, 0x7f, 0xf1, 0xfc, 0x3, 0xff,
    0xb8, 0xc0, 0x1f, 0xfc, 0x71, 0x0, 0xff, 0xee,
    0x10, 0x7, 0xff, 0xc0, 0x40, 0x3f, 0xf8, 0xe6,
    0x1, 0xff, 0xdb, 0x40, 0xf, 0xfe, 0x43, 0x0,
    0x7f, 0xf6, 0xf0, 0x3, 0xff, 0x90, 0x40, 0x1f,
    0xfd, 0xb6, 0x0, 0xff, 0xe4, 0x8, 0x7, 0xff,
    0x69, 0x44, 0x3, 0xff, 0x8e, 0x40, 0x1f, 0xfd,
    0xb8, 0x0, 0xff, 0xe4, 0x38, 0x7, 0xff, 0x69,
    0xc8, 0x3, 0xff, 0x91, 0x80, 0x1f, 0xfd, 0x92,
    0x80, 0xf, 0xfe, 0x4a, 0x0, 0x7f, 0xf6, 0x64,
    0x3, 0xff, 0x92, 0x44, 0x0, 0xff, 0xec, 0x2a,
    0x0, 0x7f, 0xf2, 0x68, 0x3, 0xff, 0xb3, 0x60,
    0x1f, 0xfc, 0x91, 0x70, 0xf, 0xfe, 0xc4, 0x88,
    0x7, 0xff, 0x26, 0x0, 0x3f, 0xfb, 0x6, 0xc0,
    0x1f, 0xfc, 0x92, 0x60, 0xf, 0xfe, 0xc7, 0x80,
    0x7f, 0xf2, 0xa4, 0x3, 0xff, 0xb0, 0xc6, 0x1,
    0xff, 0xc9, 0x54, 0x0, 0xff, 0xeb, 0x8c, 0x80,
    0x7f, 0xf2, 0xac, 0x3, 0xff, 0xb1, 0x60, 0x1f,
    0xfc, 0xa8, 0x10, 0xf, 0xfe, 0xba, 0x28, 0x7,
    0xff, 0x24, 0x5c, 0x3, 0xff, 0xb1, 0x20, 0x1f,
    0xfc, 0xab, 0x0, 0xff, 0xec, 0x41, 0x0, 0x7f,
    0xf2, 0x51, 0x40, 0x3f, 0xfa, 0xe4, 0xe0, 0x1f,
    0xfc, 0xa9, 0x0, 0xff, 0xec, 0x48, 0x7, 0xff,
    0x29, 0x88, 0x3, 0xff, 0xae, 0xa8, 0x1, 0xff,
    0xc9, 0x18, 0x0, 0xff, 0xeb, 0x8d, 0x80, 0x7f,
    0xf2, 0xa0, 0x40, 0x3f, 0xfa, 0xf0, 0x20, 0x1f,
    0xfc, 0x93, 0x60, 0xf, 0xfe, 0xb9, 0xb0, 0x7,
    0xff, 0x2b, 0xc0, 0x3f, 0xfb, 0x1e, 0x1, 0xff,
    0xca, 0x53, 0x0, 0xff, 0xeb, 0xa9, 0x80, 0x7f,
    0xf2, 0xac, 0x3, 0xff, 0xb1, 0x0, 0x1f, 0xfc,
    0xa8, 0x10, 0xf, 0xfe, 0xbb, 0x10, 0x7, 0xff,
    0x24, 0x9c, 0x3, 0xff, 0xb1, 0x60, 0x1f, 0xfc,
    0xa9, 0x0, 0xff, 0xec, 0x21, 0x0, 0x7f, 0xf2,
    0x51, 0x0, 0x1f, 0xfd, 0x8e, 0x0, 0xff, 0xe5,
    0x48, 0x7, 0xff, 0x60, 0x54, 0x3, 0xff, 0x92,
    0xe4, 0x1, 0xff, 0xd8, 0x70, 0xf, 0xfe, 0x48,
    0xc0, 0x7, 0xff, 0x67, 0x40, 0x3f, 0xf9, 0x30,
    0x1, 0xff, 0xda, 0x40, 0xf, 0xfe, 0x41, 0x30,
    0x7, 0xff, 0x64, 0x80, 0x3f, 0xf9, 0x30, 0x1,
    0xff, 0xda, 0x70, 0xf, 0xfe, 0x40, 0xa8, 0x7,
    0xff, 0x68, 0x80, 0x3f, 0xf9, 0x12, 0x1, 0xff,
    0xdb, 0xf0, 0xf, 0xfe, 0x42, 0x80, 0x7f, 0xf6,
    0xc4, 0x3, 0xff, 0x8e, 0x24, 0x1, 0xff, 0xef,
    0x40, 0xf, 0xff, 0x81, 0x80, 0x7f, 0xfc, 0x4,
    0x3, 0xff, 0xe1, 0xe0, 0x1f, 0xff, 0xf0, 0xf,
    0xff, 0xf8, 0x7, 0xff, 0xfc, 0x3, 0xff, 0xfe,
    0x1, 0xff, 0xff, 0x0, 0xff, 0xff, 0x80, 0x7f,
    0xff, 0xc0, 0x3f, 0xff, 0xe0, 0x1f, 0xff, 0xf0,
    0xf, 0xff, 0xf8, 0x7, 0xff, 0xfc, 0x3, 0xff,
    0xf3, 0x53, 0x3f, 0xfc, 0x74, 0x0, 0xff, 0xee,
    0x1b, 0x37, 0xff, 0x1c, 0xc0, 0x3f, 0xff, 0xe0,
    0x1f, 0xff, 0xf0, 0xf, 0xff, 0xf8, 0x7, 0xff,
    0xfc, 0x3, 0xff, 0xfe, 0x1, 0xff, 0xff, 0x0,
    0xff, 0xff, 0x80, 0x7f, 0xff, 0xc0, 0x3f, 0xff,
    0xe0, 0x1f, 0xff, 0xf0, 0xf, 0xfe, 0x58, 0x8f,
    0xff, 0x1c, 0x3, 0xff, 0xbb, 0x3d, 0xdf, 0xfc,
    0x77, 0x0, 0xff, 0xff, 0x80, 0x7f, 0xff, 0xc0,
    0x3f, 0xff, 0xe0, 0x1f, 0xff, 0xf0, 0xf, 0xff,
    0xf8, 0x7, 0xff, 0xfc, 0x3, 0xff, 0xfe, 0x1,
    0xff, 0xff, 0x0, 0xff, 0xff, 0x80, 0x7f, 0xff,
    0xc0, 0x3f, 0xff, 0xe0, 0x1f, 0xff, 0xf0, 0xf,
    0xff, 0xf8, 0x7, 0xff, 0xfc, 0x3, 0xff, 0xfe,
    0x1, 0xff, 0xea,

    /* U+005C "\\" */
    0x7, 0x88, 0xff, 0xe1, 0x30, 0x7, 0xff, 0x3e,
    0x9d, 0xff, 0xf8, 0x50, 0x1, 0xff, 0xcf, 0x70,
    0xf, 0xfe, 0x10, 0x88, 0x3, 0xff, 0x9d, 0xa0,
    0x1f, 0xfc, 0x35, 0x0, 0xff, 0xe7, 0x18, 0x7,
    0xff, 0xc, 0xc0, 0x3f, 0xf9, 0xca, 0x1, 0xff,
    0xc3, 0xd0, 0xf, 0xfe, 0x70, 0x88, 0x3, 0xff,
    0x84, 0xe0, 0x1f, 0xfc, 0xf5, 0x0, 0xff, 0xe1,
    0x10, 0x7, 0xff, 0x3c, 0xc0, 0x3f, 0xf8, 0x66,
    0x1, 0xff, 0xce, 0xe0, 0xf, 0xfe, 0x1a, 0x80,
    0x7f, 0xf3, 0x94, 0x3, 0xff, 0x87, 0xe0, 0x1f,
    0xfc, 0xe3, 0x0, 0xff, 0xe1, 0xa8, 0x7, 0xff,
    0x3c, 0x80, 0x3f, 0xf8, 0x44, 0x1, 0xff, 0xcf,
    0x70, 0xf, 0xfe, 0x10, 0x88, 0x3, 0xff, 0x9d,
    0xa0, 0x1f, 0xfc, 0x35, 0x0, 0xff, 0xe7, 0x18,
    0x7, 0xff, 0xc, 0xc0, 0x3f, 0xf9, 0xca, 0x1,
    0xff, 0xc3, 0xd0, 0xf, 0xfe, 0x70, 0x88, 0x3,
    0xff, 0x84, 0xe0, 0x1f, 0xfc, 0xf5, 0x0, 0xff,
    0xe1, 0x10, 0x7, 0xff, 0x3c, 0xc0, 0x3f, 0xf8,
    0x66, 0x1, 0xff, 0xce, 0xd0, 0xf, 0xfe, 0x1a,
    0x80, 0x7f, 0xf3, 0x9c, 0x3, 0xff, 0x87, 0xe0,
    0x1f, 0xfc, 0xe2, 0x0, 0xff, 0xe1, 0xa8, 0x7,
    0xff, 0x3c, 0x80, 0x3f, 0xf8, 0x46, 0x1, 0xff,
    0xcf, 0x70, 0xf, 0xfe, 0x19, 0x0, 0x7f, 0xf3,
    0xb4, 0x3, 0xff, 0x86, 0xc0, 0x1f, 0xfc, 0xe3,
    0x0, 0xff, 0xe1, 0x98, 0x7, 0xff, 0x39, 0x40,
    0x3f, 0xf8, 0x7a, 0x1, 0xff, 0xce, 0x11, 0x0,
    0x7f, 0xf0, 0x9c, 0x3, 0xff, 0x9e, 0xa0, 0x1f,
    0xfc, 0x22, 0x0, 0xff, 0xe7, 0x98, 0x7, 0xff,
    0xc, 0xc0, 0x3f, 0xf9, 0xda, 0x1, 0xff, 0xc3,
    0x50, 0xf, 0xfe, 0x73, 0x80, 0x7f, 0xf0, 0xfc,
    0x3, 0xff, 0x9c, 0x40, 0x1f, 0xfc, 0x35, 0x0,
    0xff, 0xe7, 0x90, 0x7, 0xff, 0x8, 0xc0, 0x3f,
    0xf9, 0xee, 0x1, 0xff, 0xc3, 0x20, 0xf, 0xfe,
    0x76, 0x80, 0x7f, 0xf0, 0xdc, 0x3, 0xff, 0x9c,
    0x60, 0x1f, 0xfc, 0x32, 0x0, 0xff, 0xe7, 0x28,
    0x7, 0xff, 0xf, 0x40, 0x3f, 0xf9, 0xc2, 0x20,
    0xf, 0xfe, 0x13, 0x80, 0x7f, 0xf3, 0xd4, 0x3,
    0xff, 0x84, 0x40, 0x1f, 0xfc, 0xf3, 0x0, 0xff,
    0xe1, 0x98, 0x7, 0xff, 0x3b, 0x40, 0x3f, 0xf8,
    0x6a, 0x1, 0xff, 0xce, 0x70, 0xf, 0xfe, 0x1f,
    0x80, 0x7f, 0xf3, 0x88, 0x3, 0xff, 0x86, 0xa0,
    0x1f, 0xfc, 0xf3, 0x0, 0xff, 0xe1, 0x18, 0x7,
    0xff, 0x3d, 0x80, 0x3f, 0xf8, 0x64, 0x1, 0xff,
    0xce, 0xd0, 0xf, 0xfe, 0x1b, 0x80, 0x7f, 0xf3,
    0x8c, 0x3, 0xff, 0x87, 0xa0, 0x1f, 0xfc, 0xe5,
    0x0, 0xff, 0xe1, 0x98, 0x7, 0xff, 0x38, 0x44,
    0x1, 0xff, 0xc2, 0x60, 0xf, 0xfe, 0x7a, 0x80,
    0x7f, 0xf0, 0x88, 0x3, 0xff, 0x9e, 0x60, 0x1f,
    0xfc, 0x33, 0x0, 0xff, 0xe7, 0x68, 0x7, 0xff,
    0xd, 0x40, 0x3f, 0xf9, 0xce, 0x1, 0xff, 0xc3,
    0xf0, 0xf, 0xfe, 0x71, 0x0, 0x7f, 0xf0, 0xd4,
    0x3, 0xff, 0x9e, 0x60, 0x1f, 0xfc, 0x23, 0x0,
    0xff, 0xe7, 0xa8, 0x7, 0xff, 0xc, 0x80, 0x3f,
    0xf9, 0xde, 0x1, 0xff, 0xc3, 0x70, 0xf, 0xfe,
    0x71, 0x0, 0x7f, 0xf0, 0xf4, 0x3, 0xff, 0x9c,
    0xa0, 0x1f, 0xfc, 0x33, 0x0, 0xff, 0xe7, 0x8,
    0x80, 0x3f, 0xf8, 0x4a, 0x1, 0xff, 0xcf, 0x50,
    0xf, 0xfe, 0x10, 0x88, 0x3, 0xff, 0x9c, 0x60,
    0x1f, 0xfc, 0x32, 0x0, 0xff, 0xe7, 0x68, 0x7,
    0xff, 0xd, 0x40, 0x3f, 0xf9, 0xce, 0x1, 0xff,
    0xc3, 0xf0, 0xf, 0xfe, 0x71, 0x0, 0x7f, 0xf0,
    0xd4, 0x3, 0xff, 0x9e, 0x60, 0x1f, 0xfc, 0x23,
    0x0, 0xff, 0xe7, 0xa8, 0x7, 0xff, 0xc, 0x80,
    0x3f, 0xf9, 0xde, 0x1, 0xff, 0xc3, 0x70, 0xf,
    0xfe, 0x72, 0x80, 0x7f, 0xf0, 0xf4, 0x3, 0xff,
    0x9c, 0x40, 0x1f, 0xfc, 0x33, 0x0, 0xff, 0xe7,
    0x8, 0x80, 0x3f, 0xf8, 0x4a, 0x1, 0xff, 0xcf,
    0x50, 0xf, 0xfe, 0x10, 0x88, 0x3, 0xff, 0x9c,
    0x60, 0x1f, 0xfc, 0x35, 0x0, 0xff, 0xe7, 0x68,
    0x7, 0xff, 0xc, 0x80, 0x3f, 0xf9, 0xce, 0x1,
    0xff, 0xc3, 0xf0, 0xf, 0xfe, 0x71, 0x0, 0x7f,
    0xf0, 0xd4, 0x3, 0xff, 0x9e, 0x60, 0x1f, 0xfc,
    0x23, 0x0, 0xff, 0xe7, 0xa8, 0x7, 0xff, 0xc,
    0x80, 0x3f, 0xf9, 0xde, 0x1, 0xff, 0xc3, 0x70,
    0xf, 0xfe, 0x72, 0x80, 0x7f, 0xf0, 0xf4, 0x3,
    0xff, 0x9c, 0x60, 0x1f, 0xfc, 0x33, 0x0, 0xff,
    0xe7, 0x90, 0x7, 0xff, 0x9, 0x40, 0x3f, 0xf9,
    0xec, 0x1, 0xff, 0xc2, 0x11, 0x0, 0x7f, 0xf3,
    0x8c, 0x3, 0xff, 0x86, 0xa0, 0x1f, 0xfc, 0xed,
    0x0, 0xff, 0xe1, 0x98, 0x7, 0xff, 0x39, 0xc0,
    0x3f, 0xf8, 0x7c, 0x1, 0xff, 0xce, 0x20, 0xf,
    0xfe, 0x1a, 0x80, 0x7f, 0xf3, 0xcc, 0x3, 0xff,
    0x84, 0x60, 0x1f, 0xfc, 0xf5, 0x0, 0xff, 0xe1,
    0x90, 0x7, 0xff, 0x3b, 0xc0, 0x3f, 0xf8, 0x6e,
    0x1, 0xff, 0xce, 0x50, 0xf, 0xfe, 0x1e, 0x80,
    0x7f, 0xf3, 0x8c, 0x3, 0xff, 0x86, 0x60, 0x1f,
    0xfc, 0xf2, 0x0, 0xff, 0xe1, 0x28, 0x7, 0xff,
    0x3d, 0xc0, 0x3f, 0xf8, 0x42, 0x20, 0xf, 0xfe,
    0x71, 0x0, 0x7f, 0xf0, 0xd4, 0x3, 0xff, 0x9d,
    0xa0, 0x1f, 0xfc, 0x33, 0x0, 0xff, 0xe7, 0x38,
    0x7, 0xff, 0xf, 0x40, 0x3f, 0xf9, 0xc4, 0x1,
    0xff, 0xc3, 0x60, 0xf, 0xfe, 0x79, 0x80, 0x7f,
    0xf0, 0x8c, 0x3, 0xff, 0x9e, 0xa0, 0x1f, 0xfc,
    0x32, 0x0, 0xff, 0xe7, 0x78, 0x7, 0xff, 0xd,
    0xc0, 0x3f, 0xf9, 0xca, 0x1, 0xff, 0xc3, 0xd0,
    0xf, 0xfe, 0x71, 0x80, 0x7f, 0xf0, 0xcc, 0x3,
    0xff, 0x9e, 0x40, 0x1f, 0xfc, 0x25, 0x0, 0xff,
    0xe7, 0xb8, 0x7, 0xff, 0x8, 0x44, 0x1, 0xff,
    0xce, 0xd0, 0xf, 0xfe, 0x1a, 0x80, 0x7f, 0xf3,
    0x88, 0x3, 0xff, 0x86, 0x60, 0x1f, 0xfc, 0xe7,
    0x0, 0xff, 0xe1, 0xe8, 0x7, 0xff, 0x38, 0x80,
    0x3f, 0xf8, 0x6e, 0x1, 0xff, 0xcf, 0x30, 0xf,
    0xfe, 0x11, 0x0, 0x7f, 0xf3, 0xd4, 0x3, 0xff,
    0x86, 0x40, 0x1f, 0xfc, 0xef, 0x0, 0xff, 0xe1,
    0xb8, 0x7, 0xff, 0x39, 0x40, 0x3f, 0xf8, 0x7a,
    0x1, 0xff, 0xce, 0x30, 0xf, 0xfe, 0x19, 0x80,
    0x7f, 0xf3, 0xc8, 0x3, 0xff, 0x84, 0xa0, 0x1f,
    0xfc, 0xf7, 0x0, 0xff, 0xe1, 0x8, 0x80, 0x3f,
    0xf9, 0xda, 0x1, 0xff, 0xc3, 0x50, 0xf, 0xfe,
    0x71, 0x80, 0x7f, 0xf0, 0xcc, 0x3, 0xff, 0x9c,
    0xa0, 0x1f, 0xfc, 0x3d, 0x0, 0xff, 0xe7, 0x8,
    0x80, 0x3f, 0xf8, 0x4e, 0x1, 0xff, 0xcf, 0x20,
    0xf, 0xfe, 0x11, 0x0, 0x7f, 0xf3, 0xd4, 0x3,
    0xff, 0x86, 0x60, 0x1f, 0xfc, 0xef, 0x0, 0xff,
    0xe1, 0xb0, 0x7, 0xff, 0x39, 0x40, 0x3f, 0xf8,
    0x7a, 0x1, 0xff, 0xce, 0x30, 0xf, 0xfe, 0x19,
    0x80, 0x7f, 0xf3, 0xc8, 0x3, 0xff, 0x84, 0xa0,
    0x1f, 0xfc, 0xf7, 0x0, 0xff, 0xe1, 0x8, 0x80,
    0x3f, 0xf9, 0xda, 0x1, 0xff, 0xc3, 0x50, 0xf,
    0xfe, 0x71, 0x80, 0x7f, 0xf0, 0xcc, 0x3, 0xff,
    0x9c, 0xa0, 0x1f, 0xfc, 0x3d, 0x0, 0xff, 0xe7,
    0x8, 0x80, 0x3f, 0xf8, 0x4e, 0x1, 0xff, 0xcf,
    0x20, 0xf, 0xfe, 0x11, 0x0, 0x7f, 0xf3, 0xd4,
    0x3, 0xff, 0x86, 0x60, 0x1f, 0xfc, 0xef, 0x0,
    0xff, 0xe1, 0xa8, 0x7, 0xff, 0x39, 0x40, 0x3f,
    0xf8, 0x7e, 0x1, 0xff, 0xce, 0x30, 0xf, 0xfe,
    0x19, 0x0, 0x7f, 0xf3, 0xc8, 0x3, 0xff, 0x84,
    0xa0, 0x1f, 0xfc, 0xf7, 0x0, 0xff, 0xe1, 0x8,
    0x80, 0x3f, 0xf9, 0xda, 0x1, 0xff, 0xc3, 0x50,
    0xf, 0xfe, 0x71, 0x80, 0x7f, 0xf0, 0xcc, 0x3,
    0xff, 0x9c, 0xa0, 0x1f, 0xfc, 0x3d,

    /* U+005F "_" */
    0xdd, 0xff, 0xff, 0xee, 0xff, 0xf2, 0xd8, 0x8b,
    0xff, 0xfe, 0x45, 0xff, 0xcb, 0xe0, 0xf, 0xff,
    0xf8, 0x7, 0xff, 0xfc, 0x3, 0xff, 0xfe, 0x1,
    0xff, 0xff, 0x0, 0xff, 0xff, 0x80, 0x7f, 0xff,
    0xc0, 0x3f, 0xff, 0xe0, 0x1f, 0xff, 0xf0, 0xf,
    0xff, 0xf8, 0x7, 0xff, 0xfc, 0x3, 0xff, 0xbc,

    /* U+0065 "e" */
    0x0, 0xff, 0xe9, 0x8, 0x7, 0xff, 0xa0, 0xda,
    0x6f, 0x7b, 0xfd, 0xdf, 0xf6, 0xdc, 0x28, 0x80,
    0x7f, 0xf7, 0x56, 0xbf, 0x25, 0x90, 0x84, 0x3,
    0xc4, 0x8f, 0x5d, 0xc9, 0x30, 0xf, 0xfe, 0xb9,
    0x4f, 0xd2, 0x80, 0x7f, 0xf1, 0x85, 0xb3, 0x5c,
    0x3, 0xff, 0xa6, 0x55, 0xac, 0x1, 0xff, 0xcc,
    0x28, 0xe7, 0x0, 0xff, 0xe8, 0x3e, 0xa8, 0x7,
    0xff, 0x40, 0x63, 0x4c, 0x3, 0xff, 0x98, 0x59,
    0x0, 0x1f, 0xfd, 0x42, 0xc9, 0x0, 0xff, 0xe5,
    0x26, 0x98, 0x7, 0xff, 0x5d, 0xb0, 0x40, 0x3f,
    0xf8, 0xed, 0x60, 0x1f, 0xfd, 0xa3, 0xc1, 0x0,
    0xff, 0xe2, 0xbc, 0x80, 0x7f, 0xf7, 0xb, 0x4,
    0x3, 0xff, 0x86, 0xb0, 0x1, 0xff, 0xde, 0x2c,
    0x0, 0xff, 0xe1, 0x1d, 0x0, 0x7f, 0xf8, 0xa,
    0xc0, 0x3f, 0xf8, 0x3, 0xa0, 0x1f, 0xfe, 0x24,
    0x70, 0xf, 0xfa, 0x4, 0x3, 0xff, 0xc7, 0x4,
    0x1, 0xfc, 0x8c, 0x1, 0xff, 0xe5, 0xe0, 0xf,
    0xe9, 0x0, 0xff, 0xf3, 0x1a, 0x80, 0x7c, 0xa4,
    0x1, 0xff, 0xe7, 0x80, 0xf, 0xa4, 0x3, 0xff,
    0xd0, 0x4a, 0x1, 0xc6, 0x60, 0xf, 0xff, 0x4f,
    0x0, 0x75, 0x0, 0x7f, 0xfa, 0x90, 0x80, 0x32,
    0x0, 0x7f, 0xfa, 0xe8, 0x2, 0x22, 0x0, 0x7f,
    0xf2, 0xd2, 0x77, 0xbf, 0xb2, 0xc, 0x3, 0xff,
    0x96, 0xa0, 0x13, 0x80, 0x7f, 0xf2, 0x8f, 0x2d,
    0x88, 0x40, 0x4d, 0xf2, 0xc8, 0x3, 0xff, 0x92,
    0x44, 0x0, 0x68, 0x7, 0xff, 0x25, 0x70, 0xc0,
    0x3f, 0x93, 0xc, 0x3, 0xff, 0x92, 0xe0, 0x3,
    0x0, 0xff, 0xe4, 0x1d, 0x0, 0x7f, 0xf0, 0x7,
    0x8, 0x3, 0xff, 0x91, 0x80, 0x6, 0x0, 0xff,
    0xe4, 0x70, 0x7, 0xff, 0xf, 0x80, 0x3f, 0xf9,
    0xa, 0x0, 0x20, 0xf, 0xfe, 0x3a, 0x90, 0x7,
    0xff, 0xc, 0xcc, 0x1, 0xff, 0xc7, 0x30, 0x10,
    0xf, 0xfe, 0x47, 0x0, 0x7f, 0xf1, 0x68, 0x3,
    0xff, 0x90, 0x26, 0x1, 0xff, 0xc8, 0x40, 0xf,
    0xfe, 0x2a, 0x0, 0x7f, 0xf2, 0x9, 0x80, 0x3f,
    0xf8, 0xe4, 0x1, 0xff, 0xc6, 0x21, 0x0, 0xff,
    0xe3, 0xb8, 0x80, 0x7f, 0xf1, 0xd8, 0x3, 0xff,
    0x8e, 0x60, 0x1f, 0xfc, 0x71, 0x0, 0xff, 0xe4,
    0x8, 0x7, 0xff, 0x1c, 0x40, 0x3f, 0xf9, 0x6,
    0x1, 0xff, 0xc7, 0x30, 0xf, 0xfe, 0x3b, 0x80,
    0x7f, 0xf1, 0xcc, 0x3, 0xff, 0xe2, 0x20, 0x1f,
    0xff, 0xf0, 0xf, 0xff, 0x17, 0x80, 0x7f, 0xff,
    0xc0, 0x3f, 0xff, 0xe0, 0x1f, 0xff, 0xf0, 0xf,
    0xff, 0xf8, 0x7, 0xff, 0xfc, 0x3, 0xff, 0xfe,
    0x1, 0xff, 0xed, 0x6f, 0xff, 0xfe, 0x3a, 0x0,
    0x7f, 0xff, 0xc0, 0x3f, 0xff, 0xe0, 0x1f, 0xff,
    0xf0, 0xf, 0xff, 0xf8, 0x7, 0xff, 0xfc, 0x3,
    0xff, 0xfe, 0x1, 0xff, 0xff, 0x0, 0xff, 0xff,
    0x80, 0x7f, 0xff, 0xc0, 0x3f, 0xff, 0xe0, 0x1f,
    0xff, 0xf0, 0xf, 0xff, 0xc8, 0x99, 0xff, 0xf6,
    0xc8, 0x3, 0xff, 0x90, 0xf9, 0x9f, 0xfd, 0xb4,
    0x0, 0xff, 0xff, 0x80, 0x7f, 0xff, 0xc0, 0x3f,
    0xff, 0xe0, 0x1f, 0xff, 0xf0, 0xf, 0xff, 0xf8,
    0x7, 0xff, 0xa3, 0xc0, 0x3f, 0xff, 0xe0, 0x1f,
    0xfe, 0x21, 0x0, 0xff, 0xff, 0x80, 0x7f, 0xf8,
    0x8c, 0x3, 0xff, 0xfe, 0x1, 0xff, 0xcd, 0xcf,
    0xff, 0xfe, 0x3a, 0x88, 0x7, 0xff, 0x1c, 0x80,
    0x3f, 0xf8, 0xe6, 0x1, 0xff, 0xc8, 0x60, 0xf,
    0xfe, 0x3b, 0x80, 0x7f, 0xf1, 0x8c, 0x3, 0xff,
    0x90, 0x24, 0x1, 0xff, 0xc7, 0x30, 0xf, 0xfe,
    0x35, 0x80, 0x7f, 0xf2, 0x1c, 0x3, 0xff, 0x92,
    0xa0, 0x1f, 0xfc, 0x56, 0x0, 0xff, 0xe4, 0x10,
    0x10, 0x7, 0xff, 0x1e, 0x0, 0x3f, 0xf8, 0x8c,
    0x20, 0x1f, 0xfc, 0x81, 0x6, 0x0, 0xff, 0xe3,
    0x94, 0x0, 0x7f, 0xf0, 0xe0, 0x3, 0xff, 0x90,
    0x60, 0x3, 0x0, 0xff, 0xe4, 0x3b, 0x0, 0x7f,
    0xf0, 0x6c, 0x40, 0x3f, 0xf9, 0x8, 0x0, 0xd0,
    0xf, 0xfe, 0x4c, 0xd1, 0x0, 0x7f, 0x15, 0xa0,
    0x7, 0xff, 0x27, 0x40, 0x8, 0x1, 0xff, 0xca,
    0x5d, 0xb7, 0x32, 0x12, 0x46, 0xbd, 0x40, 0xf,
    0xfe, 0x52, 0x0, 0x4, 0x80, 0x3f, 0xf9, 0x69,
    0x19, 0xbd, 0xb7, 0x28, 0x1, 0xff, 0xcb, 0x41,
    0x0, 0x94, 0x3, 0xff, 0xd7, 0xa0, 0x1a, 0x80,
    0x3f, 0xfd, 0x6c, 0x1, 0x88, 0xc0, 0x3f, 0xfd,
    0x2e, 0x1, 0xe8, 0x0, 0xff, 0xf4, 0xd0, 0x7,
    0x90, 0xc0, 0x3f, 0xfc, 0xee, 0x40, 0x1f, 0x78,
    0x7, 0xff, 0x98, 0x64, 0x3, 0xf1, 0xb0, 0x7,
    0xff, 0x96, 0xc4, 0x3, 0xfa, 0x48, 0x3, 0xff,
    0xc6, 0xca, 0x1, 0xff, 0x78, 0x7, 0xff, 0x88,
    0xe4, 0x3, 0xff, 0x80, 0x56, 0x1, 0xff, 0xe0,
    0x2d, 0x0, 0xff, 0xe1, 0x24, 0x80, 0x7f, 0xf7,
    0x8b, 0x4, 0x3, 0xff, 0x86, 0xd4, 0x1, 0xff,
    0xdc, 0x3c, 0x10, 0xf, 0xfe, 0x2a, 0xe0, 0x80,
    0x7f, 0xf6, 0x57, 0x4, 0x3, 0xff, 0x8e, 0x7e,
    0x80, 0x1f, 0xfd, 0x78, 0xa0, 0xf, 0xfe, 0x50,
    0xdc, 0x80, 0x7f, 0xf5, 0x13, 0x5c, 0x3, 0xff,
    0x9a, 0xdc, 0xc0, 0x1f, 0xfd, 0x2, 0xab, 0x20,
    0xf, 0xfe, 0x78, 0xcf, 0x38, 0x7, 0xff, 0x30,
    0xeb, 0x54, 0x3, 0xff, 0xa6, 0x31, 0xf6, 0xc2,
    0x1, 0xff, 0xc5, 0x37, 0xdc, 0x50, 0xf, 0xfe,
    0xc2, 0x4f, 0x6d, 0x42, 0x99, 0x8, 0x4, 0x24,
    0x6d, 0x17, 0xf9, 0x4, 0x1, 0xff, 0xc7,

    /* U+0066 "f" */
    0x0, 0xff, 0xe8, 0x93, 0x4d, 0xef, 0x7f, 0xff,
    0xb8, 0x3, 0xff, 0x9c, 0x95, 0xdb, 0x2c, 0x84,
    0x20, 0x1f, 0xfd, 0x61, 0x8e, 0xb5, 0x10, 0xf,
    0xfe, 0xdb, 0xf3, 0x88, 0x7, 0xff, 0x70, 0xf6,
    0x0, 0x3f, 0xfb, 0xcb, 0x84, 0x1, 0xff, 0xde,
    0x7a, 0x0, 0xff, 0xef, 0xc4, 0x0, 0x3f, 0xfb,
    0xec, 0xe0, 0x1f, 0xfd, 0xf3, 0x90, 0xf, 0xff,
    0x7, 0x0, 0x7f, 0xf8, 0x1c, 0x80, 0x3f, 0xfb,
    0xe3, 0x0, 0x1f, 0xfe, 0x9, 0x0, 0xff, 0xf0,
    0xb8, 0x7, 0xff, 0x81, 0x80, 0x3f, 0xfc, 0x34,
    0x1, 0xff, 0xe1, 0x30, 0xf, 0xff, 0x2, 0x0,
    0x7f, 0xf3, 0x4, 0x7f, 0x88, 0x3, 0xfe, 0xc0,
    0xf, 0xfe, 0x4a, 0x5f, 0xf7, 0x7f, 0x60, 0x7,
    0xfc, 0x60, 0x1f, 0xfc, 0x87, 0xb4, 0x0, 0xff,
    0xe5, 0x30, 0x7, 0xff, 0x1c, 0xe0, 0x3, 0xff,
    0x98, 0x40, 0x1f, 0xfc, 0x7a, 0x0, 0xff, 0xf0,
    0xa0, 0x7, 0xff, 0x30, 0x40, 0x3f, 0xf9, 0x4,
    0x1, 0xff, 0xcc, 0x30, 0xf, 0xfe, 0x38, 0x80,
    0x7f, 0xff, 0xc0, 0x3f, 0xff, 0xe0, 0x1f, 0xff,
    0xf0, 0xf, 0xff, 0xf8, 0x7, 0xff, 0xfc, 0x3,
    0xff, 0xfe, 0x1, 0xff, 0xff, 0x0, 0xff, 0xff,
    0x80, 0x7f, 0xfc, 0x33, 0x3f, 0xb8, 0x3, 0xff,
    0x8e, 0x39, 0x9f, 0xfc, 0x2a, 0x3, 0x3f, 0xf0,
    0x7, 0xff, 0x20, 0xcf, 0xff, 0x84, 0x80, 0x1f,
    0xff, 0xf0, 0xf, 0xff, 0xf8, 0x7, 0xff, 0xfc,
    0x3, 0xff, 0xfe, 0x1, 0xff, 0xff, 0x0, 0xff,
    0xff, 0x80, 0x7f, 0xff, 0xc0, 0x3f, 0xff, 0xe0,
    0x1f, 0xfe, 0x1f, 0xff, 0xed, 0x0, 0xff, 0xe3,
    0x8f, 0xff, 0xff, 0xb, 0x80, 0x3f, 0xff, 0xe0,
    0x1f, 0xff, 0xf0, 0xf, 0xff, 0xf8, 0x7, 0xff,
    0xfc, 0x3, 0xff, 0xfe, 0x1, 0xff, 0xff, 0x0,
    0xff, 0xff, 0x80, 0x7f, 0xff, 0xc0, 0x3f, 0xff,
    0xe0, 0x1f, 0xff, 0xf0, 0xf, 0xff, 0xf8, 0x7,
    0xff, 0xfc, 0x3, 0xff, 0xfe, 0x1, 0xff, 0xff,
    0x0, 0xff, 0xff, 0x80, 0x7f, 0xff, 0xc0, 0x3f,
    0xff, 0xe0, 0x1f, 0xff, 0xf0, 0xf, 0xff, 0xf8,
    0x7, 0xff, 0xfc, 0x3, 0xff, 0xfe, 0x1, 0xff,
    0xff, 0x0, 0xff, 0xff, 0x80, 0x7f, 0xff, 0xc0,
    0x3f, 0xff, 0xe0, 0x1f, 0xff, 0xf0, 0xf, 0xff,
    0xf8, 0x7, 0xff, 0xfc, 0x3, 0xff, 0xfe, 0x1,
    0xff, 0xff, 0x0, 0xff, 0xff, 0x80, 0x7f, 0xff,
    0xc0, 0x3f, 0xff, 0xe0, 0x1f, 0xff, 0xf0, 0xf,
    0xff, 0xf8, 0x7, 0xff, 0xfc, 0x3, 0xff, 0xfe,
    0x1, 0xff, 0xff, 0x0, 0xff, 0xff, 0x80, 0x7f,
    0xff, 0xc0, 0x3f, 0xff, 0xe0, 0x1f, 0xff, 0xf0,
    0xf, 0xff, 0xf8, 0x7, 0xff, 0xfc, 0x3, 0xff,
    0xfe, 0x1, 0xff, 0xff, 0x0, 0xff, 0xff, 0x80,
    0x7f, 0xff, 0xc0, 0x3f, 0xff, 0xe0, 0x1f, 0xff,
    0xf0, 0xf, 0xff, 0xf8, 0x4, 0x73, 0x3f, 0xfc,
    0x7b, 0x0, 0xff, 0xe1, 0x80,

    /* U+0069 "i" */
    0xbf, 0xff, 0xfe, 0x3b, 0x0, 0x7f, 0xff, 0xc0,
    0x3f, 0xff, 0xe0, 0x1f, 0xff, 0xf0, 0xf, 0xff,
    0xf8, 0x7, 0xff, 0xfc, 0x3, 0xff, 0x99, 0x7d,
    0xdf, 0xfc, 0x76, 0x1, 0x1f, 0xfe, 0x38, 0x7,
    0xff, 0xfc, 0x3, 0xff, 0xfe, 0x1, 0xff, 0xff,
    0x0, 0xff, 0xff, 0x80, 0x7f, 0xff, 0xc0, 0x34,
    0xee, 0xff, 0xf1, 0xd0, 0x8b, 0xff, 0x92, 0x1,
    0xff, 0xff, 0x0, 0xff, 0xff, 0x80, 0x7f, 0xff,
    0xc0, 0x3f, 0xff, 0xe0, 0x1f, 0xff, 0xf0, 0xf,
    0xff, 0xf8, 0x7, 0xff, 0xfc, 0x3, 0xff, 0xfe,
    0x1, 0xff, 0xff, 0x0, 0xff, 0xff, 0x80, 0x7f,
    0xff, 0xc0, 0x3f, 0xff, 0xe0, 0x1f, 0xff, 0xf0,
    0xf, 0xff, 0xf8, 0x7, 0xff, 0xfc, 0x3, 0xff,
    0xfe, 0x1, 0xff, 0xff, 0x0, 0xff, 0xff, 0x80,
    0x7f, 0xff, 0xc0, 0x3f, 0xff, 0xe0, 0x1f, 0xff,
    0xf0, 0xf, 0xff, 0xf8, 0x7, 0xff, 0xfc, 0x3,
    0xff, 0xfe, 0x1, 0xff, 0xff, 0x0, 0xff, 0xff,
    0x80, 0x7f, 0xff, 0xc0, 0x3f, 0xfa, 0xa0,

    /* U+0072 "r" */
    0x0, 0xff, 0xed, 0xa, 0x3c, 0xe6, 0xf7, 0x3e,
    0x77, 0x7f, 0xf8, 0xe8, 0x1, 0xff, 0xc2, 0x38,
    0xce, 0xb8, 0x63, 0x21, 0x10, 0x11, 0x7f, 0xf2,
    0x40, 0x3f, 0xf8, 0xb, 0x98, 0x73, 0x0, 0xff,
    0xee, 0x2e, 0xd1, 0x80, 0x7f, 0xf7, 0x4b, 0x28,
    0x80, 0x3f, 0xfb, 0xd1, 0xa6, 0x1, 0xff, 0xde,
    0x2d, 0x70, 0xf, 0xfe, 0xfb, 0x69, 0x0, 0x7f,
    0xf7, 0xea, 0x40, 0x3f, 0xfb, 0xe3, 0xaa, 0x1,
    0xff, 0xdf, 0x3f, 0x20, 0xf, 0xfe, 0xfe, 0x60,
    0x40, 0x3f, 0xfc, 0xa, 0x1, 0xff, 0xff, 0x0,
    0xff, 0xff, 0x80, 0x7f, 0xff, 0xc0, 0x3f, 0xff,
    0xe0, 0x1f, 0xff, 0xf0, 0xf, 0xfe, 0x19, 0xb4,
    0xe6, 0xf7, 0x36, 0xdc, 0xc0, 0x3f, 0xfa, 0xa9,
    0x5d, 0x92, 0xc6, 0x42, 0x22, 0x48, 0xce, 0x0,
    0xff, 0xe9, 0x2e, 0xda, 0x88, 0x7, 0xfc, 0x20,
    0x1f, 0xfd, 0x1, 0xba, 0x20, 0xf, 0xfe, 0xf2,
    0x7a, 0x0, 0x7f, 0xf7, 0xda, 0xc4, 0x3, 0xff,
    0xbe, 0xb2, 0x1, 0xff, 0xe0, 0x3a, 0x0, 0xff,
    0xf0, 0xf0, 0x7, 0xff, 0x86, 0x8, 0x3, 0xff,
    0xc0, 0x4e, 0x1, 0xff, 0xe1, 0x80, 0xf, 0xff,
    0x8, 0xa8, 0x7, 0xff, 0x85, 0xc0, 0x3f, 0xfc,
    0x5a, 0x1, 0xff, 0xe2, 0x40, 0xf, 0xff, 0x9,
    0x0, 0x7f, 0xf8, 0x9c, 0x3, 0xff, 0xc4, 0x40,
    0x1f, 0xfe, 0x2f, 0x0, 0xff, 0xf1, 0x8, 0x7,
    0xff, 0xfc, 0x3, 0xff, 0xfe, 0x1, 0xff, 0xff,
    0x0, 0xff, 0xff, 0x80, 0x7f, 0xff, 0xc0, 0x3f,
    0xff, 0xe0, 0x1f, 0xff, 0xf0, 0xf, 0xff, 0xf8,
    0x7, 0xff, 0xfc, 0x3, 0xff, 0xfe, 0x1, 0xff,
    0xff, 0x0, 0xff, 0xff, 0x80, 0x7f, 0xff, 0xc0,
    0x3f, 0xff, 0xe0, 0x1f, 0xff, 0xf0, 0xf, 0xff,
    0xf8, 0x7, 0xff, 0xfc, 0x3, 0xff, 0xfe, 0x1,
    0xff, 0xff, 0x0, 0xff, 0xff, 0x80, 0x7f, 0xff,
    0xc0, 0x3f, 0xff, 0xe0, 0x1f, 0xff, 0xf0, 0xf,
    0xff, 0xf8, 0x7, 0xff, 0xfc, 0x3, 0xff, 0xfe,
    0x1, 0xff, 0xff, 0x0, 0xff, 0xff, 0x80, 0x7f,
    0xff, 0xc0, 0x3f, 0xff, 0xe0, 0x1f, 0xff, 0xf0,
    0xf, 0xff, 0xf8, 0x7, 0xff, 0xfc, 0x3, 0xff,
    0xfe, 0x1, 0xff, 0xff, 0x0, 0xff, 0xff, 0x80,
    0x7f, 0xff, 0xc0, 0x3f, 0xff, 0x60
};


/*---------------------
 *  GLYPH DESCRIPTION
 *--------------------*/

static const lv_font_fmt_txt_glyph_dsc_t glyph_dsc[] = {
    {.bitmap_index = 0, .adv_w = 0, .box_w = 0, .box_h = 0, .ofs_x = 0, .ofs_y = 0} /* id = 0 reserved */,
    {.bitmap_index = 0, .adv_w = 586, .box_w = 0, .box_h = 0, .ofs_x = 0, .ofs_y = 0},
    {.bitmap_index = 0, .adv_w = 756, .box_w = 26, .box_h = 141, .ofs_x = 11, .ofs_y = -1},
    {.bitmap_index = 642, .adv_w = 1173, .box_w = 72, .box_h = 140, .ofs_x = 1, .ofs_y = 0},
    {.bitmap_index = 2467, .adv_w = 1226, .box_w = 60, .box_h = 21, .ofs_x = 8, .ofs_y = 45},
    {.bitmap_index = 2525, .adv_w = 700, .box_w = 43, .box_h = 143, .ofs_x = 0, .ofs_y = -1},
    {.bitmap_index = 3575, .adv_w = 1168, .box_w = 61, .box_h = 143, .ofs_x = 6, .ofs_y = -1},
    {.bitmap_index = 4381, .adv_w = 848, .box_w = 41, .box_h = 141, .ofs_x = 6, .ofs_y = -1},
    {.bitmap_index = 4724, .adv_w = 1168, .box_w = 61, .box_h = 142, .ofs_x = 6, .ofs_y = 0},
    {.bitmap_index = 5762, .adv_w = 1168, .box_w = 61, .box_h = 143, .ofs_x = 6, .ofs_y = -1},
    {.bitmap_index = 6796, .adv_w = 1328, .box_w = 71, .box_h = 140, .ofs_x = 6, .ofs_y = 0},
    {.bitmap_index = 7704, .adv_w = 1168, .box_w = 61, .box_h = 142, .ofs_x = 6, .ofs_y = -2},
    {.bitmap_index = 8461, .adv_w = 1168, .box_w = 61, .box_h = 142, .ofs_x = 6, .ofs_y = -2},
    {.bitmap_index = 9569, .adv_w = 1168, .box_w = 61, .box_h = 141, .ofs_x = 6, .ofs_y = -1},
    {.bitmap_index = 10544, .adv_w = 1168, .box_w = 61, .box_h = 143, .ofs_x = 6, .ofs_y = -1},
    {.bitmap_index = 11706, .adv_w = 1168, .box_w = 61, .box_h = 142, .ofs_x = 6, .ofs_y = 0},
    {.bitmap_index = 12810, .adv_w = 1166, .box_w = 61, .box_h = 142, .ofs_x = 6, .ofs_y = 0},
    {.bitmap_index = 13661, .adv_w = 700, .box_w = 43, .box_h = 143, .ofs_x = 0, .ofs_y = -1},
    {.bitmap_index = 14707, .adv_w = 1576, .box_w = 99, .box_h = 10, .ofs_x = 0, .ofs_y = -25},
    {.bitmap_index = 14755, .adv_w = 1166, .box_w = 61, .box_h = 103, .ofs_x = 6, .ofs_y = -1},
    {.bitmap_index = 15490, .adv_w = 700, .box_w = 46, .box_h = 141, .ofs_x = 0, .ofs_y = -1},
    {.bitmap_index = 15887, .adv_w = 586, .box_w = 21, .box_h = 140, .ofs_x = 8, .ofs_y = 0},
    {.bitmap_index = 16030, .adv_w = 876, .box_w = 47, .box_h = 101, .ofs_x = 8, .ofs_y = 0}
};

/*---------------------
 *  CHARACTER MAPPING
 *--------------------*/

static const uint16_t unicode_list_0[] = {
    0x0, 0x1, 0x3, 0xd, 0xf, 0x10, 0x11, 0x12,
    0x13, 0x14, 0x15, 0x16, 0x17, 0x18, 0x19, 0x1f,
    0x3c, 0x3f, 0x45, 0x46, 0x49, 0x52
};

/*Collect the unicode lists and glyph_id offsets*/
static const lv_font_fmt_txt_cmap_t cmaps[] =
{
    {
        .range_start = 32, .range_length = 83, .glyph_id_start = 1,
        .unicode_list = unicode_list_0, .glyph_id_ofs_list = NULL, .list_length = 22, .type = LV_FONT_FMT_TXT_CMAP_SPARSE_TINY
    }
};



/*--------------------
 *  ALL CUSTOM DATA
 *--------------------*/

#if LVGL_VERSION_MAJOR == 8
/*Store all the custom data of the font*/
static  lv_font_fmt_txt_glyph_cache_t cache;
#endif

#if LVGL_VERSION_MAJOR >= 8
static const lv_font_fmt_txt_dsc_t font_dsc = {
#else
static lv_font_fmt_txt_dsc_t font_dsc = {
#endif
    .glyph_bitmap = glyph_bitmap,
    .glyph_dsc = glyph_dsc,
    .cmaps = cmaps,
    .kern_dsc = NULL,
    .kern_scale = 0,
    .cmap_num = 1,
    .bpp = 4,
    .kern_classes = 0,
    .bitmap_format = 1,
#if LVGL_VERSION_MAJOR == 8
    .cache = &cache
#endif
};



/*-----------------
 *  PUBLIC FONT
 *----------------*/

/*Initialize a public general font descriptor*/
#if LVGL_VERSION_MAJOR >= 8
const lv_font_t lv_font_din_197 = {
#else
lv_font_t lv_font_din_197 = {
#endif
    .get_glyph_dsc = lv_font_get_glyph_dsc_fmt_txt,    /*Function pointer to get glyph's data*/
    .get_glyph_bitmap = lv_font_get_bitmap_fmt_txt,    /*Function pointer to get glyph's bitmap*/
    .line_height = 167,          /*The maximum line height required by the font*/
    .base_line = 25,             /*Baseline measured from the bottom of the line*/
#if !(LVGL_VERSION_MAJOR == 6 && LVGL_VERSION_MINOR == 0)
    .subpx = LV_FONT_SUBPX_NONE,
#endif
#if LV_VERSION_CHECK(7, 4, 0) || LVGL_VERSION_MAJOR >= 8
    .underline_position = -15,
    .underline_thickness = 10,
#endif
    .dsc = &font_dsc,          /*The custom font data. Will be accessed by `get_glyph_bitmap/dsc` */
#if LV_VERSION_CHECK(8, 2, 0) || LVGL_VERSION_MAJOR >= 9
    .fallback = NULL,
#endif
    .user_data = NULL,
};



#endif /*#if LV_FONT_DIN_197*/

